timestamp,cpu_percent,rss_mib,swap_mib,temperature,throttled,capture_fps,tracker_effective_fps,capture_to_snapshot_p50_ms,capture_to_snapshot_p95_ms,snapshot_age_ms,snapshot_stale_drops,snapshot_age_p95_ms,snapshot_to_policy_commit_p50_ms,snapshot_to_policy_commit_p95_ms,policy_commit_to_first_eye_frame_p50_ms,policy_commit_to_first_eye_frame_p95_ms,face_to_eye_first_frame_p50_ms,face_to_eye_first_frame_p95_ms,eye_effective_fps,eye_frame_p95_ms,sample_interval_ms,error,vad_to_listening_cue_p50_ms,vad_to_listening_cue_p95_ms,speech_end_to_silence_confirmed_p50_ms,speech_end_to_silence_confirmed_p95_ms,silence_confirmed_to_first_audio_sample_p50_ms,silence_confirmed_to_first_audio_sample_p95_ms,vad_to_listening_cue_count,audio_state,audio_queued_count,audio_started_count,audio_completed_count,audio_failed_count,audio_rejected_count
2026-08-27T13:53:16+0800,,90.188,14.691,temp=49.4'C,throttled=0x0,15.0,2.023,114.762,147.052,300.006,0,468.955,48.357,84.358,88.694,103.099,171.408,189.299,10.366,122.896,40.0,,,,,,,,0,playing,0,2,1,0,0
2026-08-27T13:53:17+0800,117.18,86.121,14.691,temp=49.4'C,throttled=0x0,15.0,2.021,114.762,147.052,323.71,0,466.948,48.357,84.358,89.411,103.099,171.408,189.299,10.319,121.567,40.0,,,,,,,,0,playing,0,2,1,0,0
2026-08-27T13:53:18+0800,123.397,80.766,19.527,temp=49.9'C,throttled=0x0,15.0,2.021,121.507,147.834,285.354,0,466.948,48.357,84.358,89.411,105.476,171.408,189.299,10.302,121.743,40.0,,,,,,,,0,playing,0,2,1,0,0
2026-08-27T13:53:19+0800,121.942,72.039,27.301,temp=49.4'C,throttled=0x0,15.0,2.019,121.507,147.966,349.692,0,466.948,48.357,84.358,90.472,114.044,171.408,189.299,10.199,124.544,40.0,,,,,,,,0,playing,0,2,1,0,0
2026-08-27T13:53:20+0800,133.565,73.215,27.246,temp=49.9'C,throttled=0x0,15.0,2.02,121.972,149.445,401.962,0,466.948,48.054,87.157,90.472,114.044,171.408,189.299,10.213,123.225,40.0,,,,,,,,0,playing,0,2,1,0,0
2026-08-27T13:53:21+0800,130.07,70.422,27.117,temp=49.4'C,throttled=0x0,15.0,2.019,121.972,156.144,477.499,0,466.695,48.357,84.358,91.818,107.961,171.408,189.299,10.238,121.504,40.0,,,,,,,,0,idle,0,2,2,0,0
2026-08-27T13:53:22+0800,121.89,70.332,27.105,temp=49.4'C,throttled=0x0,15.0,2.019,121.972,156.144,475.211,0,466.948,48.357,85.242,91.818,107.961,171.408,189.299,10.23,121.567,40.0,,,,,,,,0,idle,0,2,2,0,0
2026-08-27T13:53:23+0800,127.45,70.422,27.102,temp=49.4'C,throttled=0x0,15.0,2.018,121.972,156.144,32.961,0,466.948,48.789,85.242,92.508,114.044,171.408,189.299,10.199,121.743,40.0,,,,,,,,0,idle,0,2,2,0,0
2026-08-27T13:53:24+0800,120.703,70.453,27.098,temp=49.4'C,throttled=0x0,15.0,2.018,121.972,156.144,44.198,0,466.948,48.357,85.242,92.291,114.044,171.408,189.299,10.182,123.225,40.0,,,,,,,,0,idle,0,2,2,0,0
2026-08-27T13:53:25+0800,121.037,70.656,27.098,temp=49.9'C,throttled=0x0,15.0,2.018,121.972,153.791,43.287,0,466.948,48.054,85.242,92.61,114.044,171.408,189.299,10.177,123.225,40.0,,,,,,,,0,idle,0,2,2,0,0
2026-08-27T13:53:26+0800,125.762,70.625,27.098,temp=49.4'C,throttled=0x0,15.0,2.017,121.972,153.791,71.309,0,466.948,48.054,85.242,92.61,114.044,171.408,189.299,10.139,123.285,40.0,,,,,,,,0,idle,0,2,2,0,0
2026-08-27T13:53:27+0800,123.89,70.598,27.094,temp=49.4'C,throttled=0x0,15.0,2.016,121.972,153.791,75.98,0,468.955,48.357,85.242,92.871,114.044,171.408,189.299,10.111,123.285,40.0,,,,,,,,0,idle,0,2,2,0,0
2026-08-27T13:53:28+0800,122.944,70.555,27.094,temp=49.4'C,throttled=0x0,15.0,2.016,121.972,153.791,79.03,0,469.771,48.789,85.242,92.653,114.044,171.408,189.299,10.084,123.285,40.0,,,,,,,,0,idle,0,2,2,0,0
2026-08-27T13:53:29+0800,123.868,70.59,27.094,temp=49.9'C,throttled=0x0,15.0,2.015,121.972,153.791,83.588,0,472.927,51.486,85.242,92.962,114.044,171.408,189.299,10.056,123.285,40.0,,,,,,,,0,idle,0,2,2,0,0
2026-08-27T13:53:30+0800,123.78,70.531,27.094,temp=50.5'C,throttled=0x0,15.0,2.015,121.972,153.791,78.528,0,474.051,53.449,85.242,92.871,114.044,171.408,189.299,10.029,123.285,40.0,,,,,,,,0,idle,0,2,2,0,0
2026-08-27T13:53:31+0800,120.852,70.609,27.094,temp=49.9'C,throttled=0x0,15.0,2.015,121.972,153.791,165.317,0,475.849,56.129,87.157,92.962,111.328,171.408,189.299,10.006,123.285,40.0,,,,,,,,0,idle,0,2,2,0,0
2026-08-27T13:53:32+0800,120.986,70.555,27.094,temp=49.9'C,throttled=0x0,15.0,2.014,121.972,153.791,153.663,0,477.499,59.812,87.157,92.962,111.328,171.408,189.299,9.984,123.285,40.0,,,,,,,,0,idle,0,2,2,0,0
2026-08-27T13:53:33+0800,122.82,70.59,27.094,temp=49.9'C,throttled=0x0,15.0,2.014,121.972,153.791,167.883,0,478.185,60.964,87.157,92.962,111.328,171.408,189.299,9.962,123.666,40.0,,,,,,,,0,idle,0,2,2,0,0
2026-08-27T13:53:34+0800,121.987,70.527,27.094,temp=50.5'C,throttled=0x0,15.0,2.014,121.972,153.791,163.11,0,478.185,63.142,87.157,92.962,111.328,171.408,189.299,9.929,123.666,40.0,,,,,,,,0,idle,0,2,2,0,0
2026-08-27T13:53:35+0800,124.819,71.02,26.598,temp=50.5'C,throttled=0x0,15.0,2.014,121.972,153.791,187.555,0,477.499,63.416,87.157,92.962,114.044,171.408,189.299,9.886,123.666,40.0,,,,,,,,0,playing,0,3,2,0,0
2026-08-27T13:53:36+0800,117.662,70.934,26.598,temp=50.5'C,throttled=0x0,15.0,2.013,121.972,153.791,223.631,0,477.499,63.142,87.157,93.078,114.044,171.408,189.299,9.806,126.679,40.0,,,,,,,,0,playing,0,3,2,0,0
2026-08-27T13:53:37+0800,122.309,71.066,26.598,temp=51.0'C,throttled=0x0,15.0,2.013,121.972,153.791,205.156,0,475.211,63.142,87.157,93.095,114.044,171.408,189.299,9.751,126.913,40.0,,,,,,,,0,playing,0,3,2,0,0
2026-08-27T13:53:38+0800,126.914,71.102,26.598,temp=50.5'C,throttled=0x0,15.0,2.012,121.972,153.791,278.542,0,475.211,63.142,87.157,93.164,114.044,171.408,189.299,9.689,127.692,40.0,,,,,,,,0,playing,0,3,2,0,0
2026-08-27T13:53:39+0800,117.057,71.012,26.598,temp=50.5'C,throttled=0x0,15.0,2.012,121.972,153.791,393.66,0,474.051,63.142,87.157,93.164,114.044,171.408,189.299,9.664,127.949,40.0,,,,,,,,0,playing,0,3,2,0,0
2026-08-27T13:53:41+0800,118.02,71.09,26.566,temp=51.0'C,throttled=0x0,15.0,2.012,123.012,153.791,285.141,0,474.051,63.142,87.157,93.386,114.044,158.99,189.299,9.616,129.21,40.0,,,,,,,,0,idle,0,3,3,0,0
2026-08-27T13:53:42+0800,123.673,71.012,26.566,temp=50.5'C,throttled=0x0,15.0,2.012,121.972,154.946,346.8,0,473.406,60.964,87.157,93.433,115.152,158.99,189.299,9.549,129.543,40.0,,,,,,,,0,idle,0,3,3,0,0
2026-08-27T13:53:43+0800,125.98,71.188,26.566,temp=50.5'C,throttled=0x0,15.0,2.011,123.012,154.946,316.559,0,474.051,63.142,86.548,93.475,115.152,158.99,189.299,9.492,130.765,40.0,,,,,,,,0,idle,0,3,3,0,0
2026-08-27T13:53:44+0800,127.996,71.203,26.566,temp=50.5'C,throttled=0x0,15.0,2.011,123.012,154.946,336.708,0,474.051,63.142,87.157,93.475,115.176,158.99,189.299,9.421,133.018,40.0,,,,,,,,0,idle,0,3,3,0,0
2026-08-27T13:53:45+0800,124.025,71.137,26.566,temp=49.9'C,throttled=0x0,15.0,2.011,123.345,154.946,370.027,0,474.353,63.416,87.157,93.496,115.176,158.99,189.299,9.448,133.018,40.0,,,,,,,,0,idle,0,3,3,0,0
2026-08-27T13:53:46+0800,131.085,74.145,26.566,temp=50.5'C,throttled=0x0,15.0,2.011,123.012,154.946,315.559,0,475.211,63.849,87.157,93.657,115.176,158.99,189.299,9.459,131.162,40.0,,,,,,,,0,idle,0,3,3,0,0
2026-08-27T13:53:47+0800,137.835,74.137,26.566,temp=50.5'C,throttled=0x0,15.0,2.01,123.345,153.956,433.905,0,475.211,63.849,87.157,93.657,117.315,158.99,189.299,9.417,133.018,40.0,,,,,,,,0,idle,0,3,3,0,0
2026-08-27T13:53:48+0800,129.153,71.09,26.566,temp=50.5'C,throttled=0x0,15.0,2.01,123.012,153.956,453.079,0,475.211,63.849,87.157,93.657,117.315,158.99,189.299,9.366,133.711,40.0,,,,,,,,0,idle,0,3,3,0,0
2026-08-27T13:53:49+0800,129.11,71.129,26.566,temp=51.0'C,throttled=0x0,15.0,2.01,123.012,153.956,479.41,0,475.876,65.306,87.323,93.814,117.926,171.408,226.279,9.292,136.021,40.0,,,,,,,,0,idle,0,3,3,0,0
2026-08-27T13:53:50+0800,123.041,71.223,26.566,temp=50.5'C,throttled=0x0,15.0,2.01,123.012,153.956,16.981,0,475.876,63.849,88.512,93.814,117.926,171.408,226.279,9.281,136.021,40.0,,,,,,,,0,idle,0,3,3,0,0
2026-08-27T13:53:51+0800,122.023,71.07,26.566,temp=51.5'C,throttled=0x0,15.0,2.009,123.012,153.956,15.458,0,474.353,63.849,88.512,93.814,117.926,171.408,226.279,9.298,136.021,40.0,,,,,,,,0,idle,0,3,3,0,0
2026-08-27T13:53:52+0800,122.822,71.141,26.566,temp=51.0'C,throttled=0x0,15.0,2.009,123.012,153.956,494.825,0,474.353,63.416,88.512,94.128,117.926,171.408,226.279,9.269,137.633,40.0,,,,,,,,0,idle,0,3,3,0,0
2026-08-27T13:53:53+0800,126.923,71.117,26.566,temp=51.5'C,throttled=0x0,15.0,2.009,123.012,153.956,503.989,0,475.876,63.416,92.037,94.139,119.136,171.408,226.279,9.202,137.797,40.0,,,,,,,,0,idle,0,3,3,0,0
2026-08-27T13:53:54+0800,129.076,71.121,26.562,temp=51.0'C,throttled=0x0,15.0,2.009,123.012,153.956,18.25,0,475.876,63.142,92.087,94.62,119.371,171.408,226.279,9.139,139.138,40.0,,,,,,,,0,idle,0,3,3,0,0
2026-08-27T13:53:55+0800,129.874,71.098,26.562,temp=51.5'C,throttled=0x0,15.0,2.009,123.012,153.956,20.051,0,475.876,63.142,92.037,94.628,119.371,171.408,226.279,9.078,139.573,40.0,,,,,,,,0,idle,0,3,3,0,0
2026-08-27T13:53:56+0800,120.19,71.238,26.562,temp=52.1'C,throttled=0x0,15.0,2.008,123.012,154.946,115.776,0,475.876,59.812,92.037,94.938,121.253,171.408,226.279,9.011,141.048,40.0,,,,,,,,0,playing,0,4,3,0,0
2026-08-27T13:53:57+0800,116.622,71.027,26.562,temp=51.5'C,throttled=0x0,15.0,2.008,123.012,155.278,95.975,0,474.353,63.142,92.087,95.094,121.253,171.408,226.279,8.994,141.048,40.0,,,,,,,,0,playing,0,4,3,0,0
2026-08-27T13:53:58+0800,121.601,71.172,26.562,temp=52.1'C,throttled=0x0,15.0,2.008,123.012,154.946,175.981,0,474.353,59.812,92.087,94.938,121.253,171.408,226.279,8.998,141.048,40.0,,,,,,,,0,playing,0,4,3,0,0
2026-08-27T13:53:59+0800,122.881,71.301,26.562,temp=51.5'C,throttled=0x0,15.0,2.008,123.012,154.946,131.563,0,473.718,59.812,92.087,95.094,121.253,171.408,226.279,8.985,141.048,40.0,,,,,,,,0,playing,0,4,3,0,0
2026-08-27T13:54:00+0800,120.997,71.191,26.562,temp=51.5'C,throttled=0x0,15.0,2.008,123.345,154.946,162.413,0,470.738,59.812,92.087,95.094,121.253,171.408,226.279,8.969,141.048,40.0,,,,,,,,0,playing,0,4,3,0,0
2026-08-27T13:54:01+0800,120.146,71.141,26.562,temp=51.5'C,throttled=0x0,15.0,2.008,123.012,154.946,185.949,0,470.738,60.964,92.087,95.668,121.253,171.408,226.279,8.958,141.048,40.0,,,,,,,,0,playing,0,4,3,0,0
2026-08-27T13:54:02+0800,123.998,71.441,26.562,temp=51.5'C,throttled=0x0,15.0,2.008,123.012,154.946,384.405,0,470.441,60.964,92.087,95.668,121.253,171.408,226.279,8.948,141.048,40.0,,,,,,,,0,playing,0,4,3,0,0
2026-08-27T13:54:03+0800,121.99,71.863,26.562,temp=51.0'C,throttled=0x0,15.0,2.008,123.345,154.946,280.627,0,470.441,62.306,92.087,95.668,121.253,179.831,226.279,8.929,141.048,40.0,,,,,,,,0,idle,0,4,4,0,0
2026-08-27T13:54:04+0800,123.056,71.828,26.559,temp=51.5'C,throttled=0x0,15.0,2.008,121.972,154.946,290.068,0,465.811,59.812,92.087,95.094,121.253,179.831,226.279,8.936,141.048,40.0,,,,,,,,0,idle,0,4,4,0,0
2026-08-27T13:54:05+0800,120.912,71.953,26.559,temp=51.5'C,throttled=0x0,15.0,2.007,123.012,154.946,280.893,0,465.463,60.964,92.087,95.094,121.253,179.831,226.279,8.989,139.875,40.0,,,,,,,,0,idle,0,4,4,0,0
2026-08-27T13:54:06+0800,121.876,71.887,26.559,temp=51.5'C,throttled=0x0,15.0,2.007,121.972,154.946,295.002,0,463.013,56.129,92.087,94.938,121.253,179.831,226.279,9.007,139.875,40.0,,,,,,,,0,idle,0,4,4,0,0
2026-08-27T13:54:07+0800,120.871,71.859,26.559,temp=51.5'C,throttled=0x0,15.0,2.007,123.012,154.946,270.414,0,463.543,59.812,92.037,95.094,119.371,179.831,226.279,9.049,139.631,40.0,,,,,,,,0,idle,0,4,4,0,0
2026-08-27T13:54:08+0800,123.666,71.82,26.559,temp=52.1'C,throttled=0x0,15.0,2.007,121.972,154.946,351.38,0,468.13,59.812,92.037,94.938,119.371,179.831,226.279,9.045,139.631,40.0,,,,,,,,0,idle,0,4,4,0,0
2026-08-27T13:54:09+0800,124.266,71.758,26.559,temp=51.5'C,throttled=0x0,15.0,2.007,123.012,154.109,361.285,0,473.66,62.306,92.037,95.094,119.371,179.831,226.279,9.093,139.631,40.0,,,,,,,,0,idle,0,4,4,0,0
2026-08-27T13:54:10+0800,125.82,73.648,26.559,temp=51.5'C,throttled=0x0,15.0,2.007,121.972,154.109,381.972,0,473.718,60.964,92.087,94.938,119.371,179.831,226.279,9.152,139.631,40.0,,,,,,,,0,idle,0,4,4,0,0
2026-08-27T13:54:11+0800,131.68,74.75,26.559,temp=51.5'C,throttled=0x0,15.0,2.007,123.012,154.109,397.188,0,474.353,62.306,92.087,95.094,119.371,179.831,226.279,9.24,137.797,40.0,,,,,,,,0,idle,0,4,4,0,0
2026-08-27T13:54:12+0800,132.113,71.961,26.559,temp=51.5'C,throttled=0x0,15.0,2.007,121.972,154.109,395.9,0,473.718,59.812,92.087,94.628,119.371,179.831,226.279,9.253,137.797,40.0,,,,,,,,0,idle,0,4,4,0,0
2026-08-27T13:54:13+0800,121.166,71.867,26.559,temp=51.5'C,throttled=0x0,15.0,2.006,121.972,154.109,1.899,0,473.718,56.129,92.087,94.628,119.371,179.831,226.279,9.326,136.682,40.0,,,,,,,,0,idle,0,4,4,0,0
2026-08-27T13:54:14+0800,121.874,71.77,26.559,temp=52.1'C,throttled=0x0,15.0,2.007,121.972,154.109,479.106,0,473.718,53.449,92.087,94.628,121.253,179.831,226.279,9.379,135.642,40.0,,,,,,,,0,idle,0,4,4,0,0
2026-08-27T13:54:15+0800,123.978,71.898,26.559,temp=52.1'C,throttled=0x0,15.0,2.006,121.972,154.109,470.488,0,473.718,59.812,92.087,94.938,121.253,179.831,226.279,9.468,133.579,40.0,,,,,,,,0,idle,0,4,4,0,0
2026-08-27T13:54:16+0800,122.94,71.938,26.559,temp=52.1'C,throttled=0x0,15.0,2.006,121.972,154.109,476.358,0,477.113,59.812,92.087,94.628,121.253,179.831,226.279,9.52,129.516,40.0,,,,,,,,0,idle,0,4,4,0,0
2026-08-27T13:54:17+0800,122.618,71.895,26.559,temp=52.1'C,throttled=0x0,15.0,2.006,121.972,154.109,71.177,0,476.358,60.964,92.037,94.938,119.371,179.831,226.279,9.523,129.516,40.0,,,,,,,,0,idle,0,4,4,0,0
2026-08-27T13:54:18+0800,121.354,71.965,26.559,temp=52.1'C,throttled=0x0,15.0,2.006,122.546,154.109,15.985,0,476.358,62.306,92.037,95.094,119.371,179.831,226.279,9.505,132.89,40.0,,,,,,,,0,playing,0,5,4,0,0
2026-08-27T13:54:19+0800,122.831,69.762,26.559,temp=53.7'C,throttled=0x0,15.0,2.004,123.012,154.946,527.464,0,477.113,62.306,92.037,95.094,119.371,179.831,226.279,9.538,129.157,40.0,,,,,,,,0,playing,0,5,4,0,0
2026-08-27T13:54:20+0800,122.456,69.844,26.559,temp=52.6'C,throttled=0x0,15.0,2.006,123.012,154.946,117.627,0,476.358,63.142,92.087,95.53,119.371,179.831,226.279,9.612,128.719,40.0,,,,,,,,0,playing,0,5,4,0,0
2026-08-27T13:54:21+0800,123.882,69.809,26.559,temp=52.6'C,throttled=0x0,15.0,2.006,123.012,154.946,96.254,0,476.358,63.142,92.087,95.53,119.371,179.831,226.279,9.67,126.829,40.0,,,,,,,,0,playing,0,5,4,0,0
2026-08-27T13:54:22+0800,122.919,69.754,26.555,temp=52.6'C,throttled=0x0,15.0,2.006,123.012,154.946,132.706,0,477.113,62.306,94.055,95.259,119.371,179.831,226.279,9.732,126.788,40.0,,,,,,,,0,playing,0,5,4,0,0
2026-08-27T13:54:23+0800,121.551,69.871,26.555,temp=52.1'C,throttled=0x0,15.0,2.006,123.012,154.946,181.325,0,479.106,63.416,94.055,95.668,119.371,179.831,226.279,9.726,126.829,40.0,,,,,,,,0,playing,0,5,4,0,0
2026-08-27T13:54:24+0800,124.636,69.762,26.555,temp=52.1'C,throttled=0x0,15.0,2.005,123.345,154.946,110.654,0,479.106,62.306,94.055,95.668,119.371,179.831,226.279,9.713,126.96,40.0,,,,,,,,0,playing,0,5,4,0,0
2026-08-27T13:54:25+0800,124.967,69.746,26.555,temp=52.6'C,throttled=0x0,15.0,2.005,123.345,154.946,184.042,0,479.106,63.142,94.055,95.806,119.371,179.831,226.279,9.7,126.829,40.0,,,,,,,,0,playing,0,5,4,0,0
2026-08-27T13:54:26+0800,122.706,69.781,26.555,temp=52.6'C,throttled=0x0,15.0,2.005,123.345,154.946,203.846,0,479.106,60.964,94.055,95.53,119.371,179.831,226.279,9.708,126.96,40.0,,,,,,,,0,idle,0,5,5,0,0
2026-08-27T13:54:27+0800,124.532,69.918,26.555,temp=52.6'C,throttled=0x0,15.0,2.005,123.345,154.946,194.045,0,479.106,60.964,94.055,95.53,119.371,179.831,226.279,9.715,126.96,40.0,,,,,,,,0,idle,0,5,5,0,0
2026-08-27T13:54:29+0800,121.817,69.812,26.555,temp=51.5'C,throttled=0x0,15.0,2.005,123.345,154.109,207.816,0,477.113,56.129,94.055,95.094,119.371,179.831,226.279,9.743,126.829,40.0,,,,,,,,0,idle,0,5,5,0,0
2026-08-27T13:54:30+0800,122.038,69.875,26.551,temp=52.6'C,throttled=0x0,15.0,2.005,123.345,154.109,290.971,0,476.358,56.129,92.087,95.259,119.305,179.831,226.279,9.762,126.829,40.0,,,,,,,,0,idle,0,5,5,0,0
2026-08-27T13:54:31+0800,123.988,69.984,26.551,temp=52.1'C,throttled=0x0,15.0,2.005,123.345,154.109,286.516,0,473.66,52.777,92.087,95.094,119.305,179.831,226.279,9.759,126.829,40.0,,,,,,,,0,idle,0,5,5,0,0
2026-08-27T13:54:32+0800,120.997,69.867,26.551,temp=52.6'C,throttled=0x0,15.0,2.005,123.345,154.109,283.236,0,476.358,53.449,92.822,95.13,119.305,179.831,226.279,9.769,126.517,40.0,,,,,,,,0,idle,0,5,5,0,0
2026-08-27T13:54:33+0800,120.038,69.824,26.551,temp=52.1'C,throttled=0x0,15.0,2.005,123.345,154.109,265.894,0,479.106,53.449,92.822,95.094,119.305,179.831,226.279,9.775,126.517,40.0,,,,,,,,0,idle,0,5,5,0,0
2026-08-27T13:54:34+0800,117.956,69.91,26.551,temp=52.1'C,throttled=0x0,15.0,2.005,123.345,154.109,303.744,0,479.106,56.129,92.822,95.094,119.305,179.831,226.279,9.788,126.517,40.0,,,,,,,,0,idle,0,5,5,0,0
2026-08-27T13:54:35+0800,124.013,69.809,26.551,temp=52.1'C,throttled=0x0,15.0,2.005,123.345,154.109,307.012,0,476.358,52.777,92.822,95.094,119.305,179.831,226.279,9.783,126.517,40.0,,,,,,,,0,idle,0,5,5,0,0
2026-08-27T13:54:36+0800,123.381,69.781,26.551,temp=52.6'C,throttled=0x0,15.0,2.005,123.345,154.109,329.984,0,471.364,52.777,92.822,95.094,119.305,179.831,226.279,9.783,126.96,40.0,,,,,,,,0,idle,0,5,5,0,0
2026-08-27T13:54:37+0800,122.837,70.129,26.551,temp=52.6'C,throttled=0x0,15.0,2.005,123.345,154.109,341.029,0,471.364,51.486,92.822,94.712,119.305,179.831,226.279,9.779,126.517,40.0,,,,,,,,0,idle,0,5,5,0,0
2026-08-27T13:54:38+0800,126.278,72.707,26.551,temp=52.6'C,throttled=0x0,15.0,2.005,123.345,154.109,435.288,0,470.488,53.449,92.822,94.938,119.305,179.831,226.279,9.783,126.517,40.0,,,,,,,,0,idle,0,5,5,0,0
2026-08-27T13:54:39+0800,131.146,72.676,26.547,temp=52.6'C,throttled=0x0,15.0,2.004,123.345,154.109,465.763,0,470.488,53.449,92.822,94.628,119.305,179.831,226.279,9.766,126.96,40.0,,,,,,,,0,idle,0,5,5,0,0
2026-08-27T13:54:40+0800,126.587,69.824,26.547,temp=52.6'C,throttled=0x0,15.0,2.004,123.345,153.956,16.652,0,470.488,56.129,92.467,94.628,119.247,179.831,226.279,9.755,126.96,40.0,,,,,,,,0,idle,0,5,5,0,0
2026-08-27T13:54:41+0800,122.716,69.801,26.547,temp=52.1'C,throttled=0x0,15.0,2.004,124.399,153.956,16.268,0,469.63,52.777,92.467,94.628,119.247,179.831,226.279,9.775,126.517,40.0,,,,,,,,0,idle,0,5,5,0,0
2026-08-27T13:54:42+0800,117.022,69.793,26.543,temp=53.7'C,throttled=0x0,15.0,2.004,124.399,154.109,487.521,0,469.129,52.777,92.467,94.628,119.247,179.831,226.279,9.75,126.776,40.0,,,,,,,,0,playing,0,6,5,0,0
2026-08-27T13:54:43+0800,121.613,69.812,26.543,temp=52.6'C,throttled=0x0,15.0,2.004,124.88,154.109,69.183,0,466.892,53.449,92.58,94.938,119.247,179.831,226.279,9.722,127.745,40.0,,,,,,,,0,playing,0,6,5,0,0
2026-08-27T13:54:44+0800,121.003,69.773,26.543,temp=52.6'C,throttled=0x0,15.0,2.004,124.442,154.109,8.577,0,465.763,52.777,92.58,94.712,119.247,179.831,226.279,9.709,127.745,40.0,,,,,,,,0,playing,0,6,5,0,0
2026-08-27T13:54:45+0800,123.782,69.715,26.543,temp=52.6'C,throttled=0x0,15.0,2.004,124.442,154.109,58.751,0,465.584,52.777,92.58,95.094,119.247,179.831,226.279,9.717,127.745,40.0,,,,,,,,0,playing,0,6,5,0,0
2026-08-27T13:54:46+0800,120.018,69.891,26.543,temp=53.2'C,throttled=0x0,15.0,2.004,124.34,154.109,115.59,0,454.262,51.486,92.58,95.094,119.247,179.831,226.279,9.741,128.617,40.0,,,,,,,,0,playing,0,6,5,0,0
2026-08-27T13:54:47+0800,126.844,69.824,26.543,temp=52.6'C,throttled=0x0,15.0,2.004,124.34,154.109,136.604,0,454.262,51.486,92.58,95.13,119.305,179.831,226.279,9.684,129.967,40.0,,,,,,,,0,playing,0,6,5,0,0
2026-08-27T13:54:48+0800,126.579,69.965,26.543,temp=53.2'C,throttled=0x0,15.0,2.004,124.34,154.109,380.229,0,454.262,51.486,92.58,95.13,119.305,179.831,226.279,9.626,130.225,40.0,,,,,,,,0,idle,0,6,6,0,0
2026-08-27T13:54:49+0800,126.741,69.844,26.539,temp=52.6'C,throttled=0x0,15.0,2.004,123.345,154.109,151.811,0,454.049,51.486,92.58,95.244,119.371,171.408,226.279,9.56,130.62,40.0,,,,,,,,0,idle,0,6,6,0,0
2026-08-27T13:54:50+0800,129.662,69.895,26.535,temp=52.6'C,throttled=0x0,15.0,2.004,124.34,153.956,133.806,0,447.775,51.311,92.58,95.244,119.371,158.99,226.279,9.511,133.639,40.0,,,,,,,,0,idle,0,6,6,0,0
2026-08-27T13:54:51+0800,121.205,69.891,26.535,temp=52.6'C,throttled=0x0,15.0,2.004,124.34,153.956,136.525,0,447.775,51.311,92.58,95.244,119.371,158.99,226.279,9.52,133.639,40.0,,,,,,,,0,idle,0,6,6,0,0
2026-08-27T13:54:52+0800,120.921,69.926,26.535,temp=53.2'C,throttled=0x0,15.0,1.997,124.34,153.956,163.647,0,447.775,51.486,92.58,95.244,119.371,158.99,226.279,9.53,130.62,40.0,,,,,,,,0,idle,0,6,6,0,0
2026-08-27T13:54:53+0800,123.539,69.945,26.535,temp=52.6'C,throttled=0x0,15.0,1.997,124.34,153.956,167.02,0,454.262,52.777,92.58,95.244,119.371,158.99,226.279,9.546,130.62,40.0,,,,,,,,0,idle,0,6,6,0,0
2026-08-27T13:54:54+0800,123.759,69.906,26.535,temp=52.6'C,throttled=0x0,15.0,1.997,124.34,153.956,174.971,0,462.505,53.449,92.467,95.259,119.305,158.99,226.279,9.541,130.62,40.0,,,,,,,,0,idle,0,6,6,0,0
2026-08-27T13:54:55+0800,124.94,70.031,26.535,temp=53.2'C,throttled=0x0,15.0,1.997,124.34,153.956,273.076,0,466.892,56.129,92.822,95.244,119.305,158.99,226.279,9.548,130.62,40.0,,,,,,,,0,idle,0,6,6,0,0
2026-08-27T13:54:56+0800,121.776,69.84,26.535,temp=52.6'C,throttled=0x0,15.0,1.997,124.34,153.956,281.934,0,466.894,56.129,92.822,95.13,119.305,158.99,226.279,9.552,130.62,40.0,,,,,,,,0,idle,0,6,6,0,0
2026-08-27T13:54:57+0800,122.945,69.977,26.531,temp=52.6'C,throttled=0x0,15.0,1.997,124.34,153.956,284.885,0,469.931,56.129,92.822,95.13,119.305,158.99,226.279,9.547,130.62,40.0,,,,,,,,0,idle,0,6,6,0,0
2026-08-27T13:54:58+0800,125.034,69.941,26.527,temp=53.7'C,throttled=0x0,15.0,1.997,124.34,153.956,210.191,0,471.716,58.534,92.822,95.259,119.371,158.99,226.279,9.49,132.18,40.0,,,,,,,,0,idle,0,6,6,0,0
2026-08-27T13:54:59+0800,127.77,69.934,26.527,temp=53.2'C,throttled=0x0,15.0,1.997,124.34,153.956,340.088,0,471.716,58.534,94.055,95.259,119.371,158.99,226.279,9.413,134.965,40.0,,,,,,,,0,idle,0,6,6,0,0
2026-08-27T13:55:00+0800,128.769,69.988,26.527,temp=53.2'C,throttled=0x0,15.0,1.997,124.34,153.956,247.147,0,471.752,60.964,95.051,95.53,119.874,158.99,226.279,9.335,135.909,40.0,,,,,,,,0,idle,0,6,6,0,0
2026-08-27T13:55:01+0800,128.035,69.988,26.527,temp=52.6'C,throttled=0x0,15.0,1.997,124.34,153.791,362.89,0,470.208,58.534,95.051,95.53,121.188,158.99,226.279,9.246,136.556,40.0,,,,,,,,0,idle,0,6,6,0,0
2026-08-27T13:55:02+0800,124.537,70.52,26.527,temp=53.7'C,throttled=0x0,15.0,1.997,124.34,153.791,375.189,0,470.208,58.534,95.051,95.53,121.188,158.99,226.279,9.247,136.957,40.0,,,,,,,,0,idle,0,6,6,0,0
2026-08-27T13:55:03+0800,123.076,72.969,26.527,temp=53.7'C,throttled=0x0,15.0,1.997,124.34,153.791,330.637,0,471.716,58.534,95.051,95.59,121.188,158.99,226.279,9.229,139.216,40.0,,,,,,,,0,playing,0,7,6,0,0
2026-08-27T13:55:04+0800,132.915,70.035,26.527,temp=53.7'C,throttled=0x0,15.1,1.997,124.34,153.956,434.901,0,472.261,58.534,94.292,95.59,121.188,158.99,226.279,9.203,139.225,40.0,,,,,,,,0,playing,0,7,6,0,0
2026-08-27T13:55:05+0800,122.019,69.883,26.52,temp=53.7'C,throttled=0x0,15.1,1.997,124.34,153.956,26.384,0,473.255,58.534,94.292,95.59,121.188,158.99,226.279,9.179,139.225,40.0,,,,,,,,0,playing,0,7,6,0,0
2026-08-27T13:55:06+0800,122.198,70.035,26.52,temp=53.7'C,throttled=0x0,15.1,1.997,124.345,153.956,454.978,0,473.255,56.129,94.292,95.631,121.188,158.99,226.279,9.174,139.225,40.0,,,,,,,,0,playing,0,7,6,0,0
2026-08-27T13:55:07+0800,125.021,69.91,26.52,temp=54.2'C,throttled=0x0,15.1,1.997,124.345,153.956,24.169,0,476.155,56.129,94.292,95.631,121.188,158.99,226.279,9.15,139.847,40.0,,,,,,,,0,idle,0,7,7,0,0
2026-08-27T13:55:08+0800,120.92,70.078,26.52,temp=53.7'C,throttled=0x0,15.1,1.997,124.399,153.956,15.964,0,476.155,56.129,94.292,95.631,121.188,158.99,226.279,9.162,139.847,40.0,,,,,,,,0,idle,0,7,7,0,0
2026-08-27T13:55:09+0800,128.788,70.008,26.52,temp=53.7'C,throttled=0x0,15.0,1.997,124.399,153.956,478.445,0,476.876,56.129,94.292,95.806,121.188,158.99,189.299,9.118,141.438,40.0,,,,,,,,0,idle,0,7,7,0,0
2026-08-27T13:55:10+0800,127.026,70.051,26.52,temp=53.7'C,throttled=0x0,15.0,1.997,124.345,153.956,497.498,0,480.348,56.129,95.335,95.806,121.188,158.99,189.299,9.072,142.571,40.0,,,,,,,,0,idle,0,7,7,0,0
2026-08-27T13:55:11+0800,126.575,70.004,26.52,temp=53.7'C,throttled=0x0,15.0,1.997,124.345,153.956,107.479,0,481.998,58.534,95.678,95.862,121.188,158.99,189.299,9.028,143.251,40.0,,,,,,,,0,idle,0,7,7,0,0
2026-08-27T13:55:12+0800,126.722,70.012,26.52,temp=53.7'C,throttled=0x0,15.0,1.997,124.345,153.956,56.331,0,481.998,58.534,95.678,95.862,121.253,158.99,189.299,8.985,143.251,40.0,,,,,,,,0,idle,0,7,7,0,0
2026-08-27T13:55:13+0800,125.934,69.996,26.52,temp=53.7'C,throttled=0x0,15.0,1.997,124.345,153.956,62.043,0,480.348,59.812,95.678,95.862,121.253,158.99,189.299,9.0,143.251,40.0,,,,,,,,0,idle,0,7,7,0,0
2026-08-27T13:55:14+0800,124.911,70.055,26.52,temp=53.7'C,throttled=0x0,15.0,1.997,124.345,154.109,146.097,0,480.348,59.133,95.678,95.862,121.415,158.99,189.299,8.996,143.251,40.0,,,,,,,,0,idle,0,7,7,0,0
2026-08-27T13:55:15+0800,130.883,69.93,26.52,temp=53.7'C,throttled=0x0,15.0,1.997,124.345,154.559,142.908,0,480.348,58.534,95.678,95.871,121.415,158.99,189.299,8.999,144.516,40.0,,,,,,,,0,idle,0,7,7,0,0
2026-08-27T13:55:17+0800,125.935,70.035,26.52,temp=53.7'C,throttled=0x0,15.0,1.997,124.345,154.559,133.772,0,480.348,56.331,95.678,95.871,121.415,158.99,189.299,9.012,143.251,40.0,,,,,,,,0,idle,0,7,7,0,0
2026-08-27T13:55:18+0800,127.304,70.043,26.52,temp=53.7'C,throttled=0x0,15.0,1.997,124.345,154.559,129.941,0,480.348,56.331,95.678,96.109,121.415,158.99,189.299,9.013,142.949,40.0,,,,,,,,0,idle,0,7,7,0,0
2026-08-27T13:55:19+0800,125.604,70.074,26.52,temp=53.2'C,throttled=0x0,15.0,1.997,124.345,154.559,192.351,0,480.348,56.331,95.379,96.133,121.253,146.193,189.299,9.043,141.589,40.0,,,,,,,,0,idle,0,7,7,0,0
2026-08-27T13:55:20+0800,123.075,69.992,26.52,temp=53.7'C,throttled=0x0,15.0,1.997,124.345,154.559,181.257,0,481.998,56.129,95.379,96.109,121.253,146.193,189.299,9.051,141.589,40.0,,,,,,,,0,idle,0,7,7,0,0
2026-08-27T13:55:21+0800,126.939,70.043,26.52,temp=53.7'C,throttled=0x0,15.0,1.997,124.345,154.559,162.905,0,482.875,56.129,95.379,95.871,121.253,146.193,189.299,9.062,141.589,40.0,,,,,,,,0,idle,0,7,7,0,0
2026-08-27T13:55:22+0800,123.991,70.047,26.52,temp=53.7'C,throttled=0x0,15.0,1.997,124.345,154.559,472.205,0,482.875,56.129,95.379,95.871,121.253,146.193,189.299,9.062,141.589,40.0,,,,,,,,0,idle,0,7,7,0,0
2026-08-27T13:55:23+0800,124.026,70.184,26.496,temp=53.7'C,throttled=0x0,15.0,1.997,124.345,154.559,472.205,0,482.875,56.129,95.379,95.871,121.253,146.193,189.299,9.054,141.589,40.0,,,,,,,,0,playing,0,8,7,0,0
2026-08-27T13:55:24+0800,118.041,70.02,26.492,temp=54.2'C,throttled=0x0,15.0,1.997,124.34,154.559,235.55,0,482.875,56.129,95.379,96.109,121.253,133.917,189.299,9.007,141.589,40.0,,,,,,,,0,playing,0,8,7,0,0
2026-08-27T13:55:25+0800,126.285,70.207,26.492,temp=53.7'C,throttled=0x0,15.0,1.998,124.345,154.559,376.012,0,482.875,56.129,95.379,96.109,121.253,133.917,189.299,8.957,141.615,40.0,,,,,,,,0,playing,0,8,7,0,0
2026-08-27T13:55:26+0800,124.558,70.238,26.492,temp=53.7'C,throttled=0x0,15.0,1.997,124.345,154.559,376.012,0,482.875,56.129,95.379,96.109,121.253,133.917,189.299,8.921,141.615,40.0,,,,,,,,0,playing,0,8,7,0,0
2026-08-27T13:55:27+0800,125.796,70.113,26.492,temp=53.7'C,throttled=0x0,15.0,1.998,124.345,154.946,295.481,0,481.998,56.331,95.379,96.133,121.253,146.193,189.299,8.941,141.615,40.0,,,,,,,,0,playing,0,8,7,0,0
2026-08-27T13:55:28+0800,126.917,70.074,26.492,temp=53.7'C,throttled=0x0,15.0,1.997,124.345,155.278,378.52,0,480.348,56.129,95.379,96.205,121.253,146.193,189.299,8.954,142.949,40.0,,,,,,,,0,playing,0,8,7,0,0
2026-08-27T13:55:29+0800,128.751,71.918,26.492,temp=53.7'C,throttled=0x0,15.0,1.997,124.399,155.278,307.404,0,478.445,53.449,95.379,96.393,121.415,146.193,189.299,8.948,143.251,40.0,,,,,,,,0,idle,0,8,8,0,0
2026-08-27T13:55:30+0800,135.832,73.113,26.492,temp=54.2'C,throttled=0x0,15.0,1.997,124.442,156.144,445.466,0,476.155,56.129,95.379,96.438,121.415,146.193,189.299,8.939,143.251,40.0,,,,,,,,0,idle,0,8,8,0,0
2026-08-27T13:55:31+0800,134.533,73.184,26.492,temp=53.7'C,throttled=0x0,15.0,1.997,124.88,156.641,453.983,0,476.155,56.331,95.379,96.67,121.415,146.193,189.299,8.881,143.251,40.0,,,,,,,,0,idle,0,8,8,0,0
2026-08-27T13:55:32+0800,125.55,70.367,26.488,temp=53.7'C,throttled=0x0,15.0,1.997,124.88,156.641,464.596,0,475.504,56.331,95.379,96.772,121.415,146.193,189.299,8.898,142.949,40.0,,,,,,,,0,idle,0,8,8,0,0
2026-08-27T13:55:33+0800,123.425,70.191,26.488,temp=54.2'C,throttled=0x0,15.0,1.997,124.442,156.641,451.817,0,475.504,57.243,95.379,96.772,121.415,146.193,189.299,8.929,141.615,40.0,,,,,,,,0,idle,0,8,8,0,0
2026-08-27T13:55:34+0800,125.944,70.32,26.484,temp=54.2'C,throttled=0x0,15.0,1.997,124.442,156.641,391.227,0,475.393,58.534,95.379,96.784,121.415,146.193,189.299,8.888,144.892,40.0,,,,,,,,0,idle,0,8,8,0,0
2026-08-27T13:55:35+0800,127.795,70.234,26.484,temp=54.2'C,throttled=0x0,15.0,1.997,124.442,156.641,24.322,0,475.393,58.534,95.379,96.784,121.415,146.193,189.299,8.839,144.905,40.0,,,,,,,,0,idle,0,8,8,0,0
2026-08-27T13:55:36+0800,126.063,70.164,26.484,temp=53.7'C,throttled=0x0,15.0,1.997,124.399,156.641,17.086,0,472.205,57.243,95.379,96.935,121.94,148.089,189.299,8.792,144.905,40.0,,,,,,,,0,idle,0,8,8,0,0
2026-08-27T13:55:37+0800,128.662,70.227,26.484,temp=53.7'C,throttled=0x0,15.0,1.997,124.399,156.144,52.603,0,472.205,57.243,95.379,97.082,122.042,148.089,189.299,8.729,145.72,40.0,,,,,,,,0,idle,0,8,8,0,0
2026-08-27T13:55:38+0800,122.963,70.316,26.484,temp=53.7'C,throttled=0x0,15.0,1.997,124.345,155.278,38.882,0,462.366,57.047,95.379,97.082,122.042,148.089,189.299,8.75,145.72,40.0,,,,,,,,0,idle,0,8,8,0,0
2026-08-27T13:55:39+0800,122.744,70.191,26.484,temp=54.2'C,throttled=0x0,15.0,1.997,124.345,155.278,415.385,0,459.953,57.047,95.379,97.116,122.042,148.089,189.299,8.831,144.892,40.0,,,,,,,,0,idle,0,8,8,0,0
2026-08-27T13:55:40+0800,121.814,70.324,26.484,temp=54.8'C,throttled=0x0,15.0,1.997,124.345,155.278,415.385,0,459.953,57.047,95.379,97.116,122.042,148.089,189.299,8.911,144.013,40.0,,,,,,,,0,idle,0,8,8,0,0
2026-08-27T13:55:41+0800,124.889,70.215,26.484,temp=53.7'C,throttled=0x0,15.0,1.997,124.345,155.278,415.385,0,459.953,57.047,95.379,97.116,122.042,148.089,189.299,8.961,144.013,40.0,,,,,,,,0,idle,0,8,8,0,0
2026-08-27T13:55:42+0800,123.603,70.258,26.484,temp=53.7'C,throttled=0x0,15.0,1.997,124.345,155.278,415.385,0,459.953,57.047,95.379,97.116,122.042,148.089,189.299,8.967,144.013,40.0,,,,,,,,0,idle,0,8,8,0,0
2026-08-27T13:55:43+0800,121.85,70.176,26.484,temp=53.7'C,throttled=0x0,15.0,1.997,124.345,155.278,108.781,0,459.953,57.047,95.379,97.182,122.042,146.193,189.299,9.014,144.013,40.0,,,,,,,,0,idle,0,8,8,0,0
2026-08-27T13:55:44+0800,124.556,70.238,26.484,temp=54.2'C,throttled=0x0,15.0,1.997,124.34,154.946,484.782,0,464.596,57.047,95.379,97.182,122.042,146.193,189.299,9.024,142.949,40.0,,,,,,,,0,playing,0,9,8,0,0
2026-08-27T13:55:45+0800,120.853,70.215,26.484,temp=55.3'C,throttled=0x0,15.0,1.997,124.34,154.946,484.782,0,464.596,57.047,95.379,97.182,122.042,146.193,189.299,9.057,142.816,40.0,,,,,,,,0,playing,0,9,8,0,0
2026-08-27T13:55:46+0800,122.817,70.145,26.48,temp=54.2'C,throttled=0x0,15.0,1.997,124.345,154.946,174.743,0,464.596,57.047,95.379,97.184,122.042,146.193,189.299,9.103,142.816,40.0,,,,,,,,0,playing,0,9,8,0,0
2026-08-27T13:55:47+0800,125.974,70.227,26.48,temp=54.2'C,throttled=0x0,15.0,1.997,124.34,154.946,430.319,0,462.366,57.047,95.379,97.184,122.042,146.193,189.299,9.042,144.013,40.0,,,,,,,,0,playing,0,9,8,0,0
2026-08-27T13:55:48+0800,121.807,70.23,26.48,temp=54.2'C,throttled=0x0,15.0,1.997,124.34,154.946,430.319,0,462.366,57.047,95.379,97.184,122.042,146.193,189.299,9.022,144.013,40.0,,,,,,,,0,playing,0,9,8,0,0
2026-08-27T13:55:49+0800,122.039,70.238,26.48,temp=54.2'C,throttled=0x0,15.0,1.997,124.345,154.946,254.434,0,462.366,56.331,95.379,97.225,122.042,146.193,189.299,9.001,144.013,40.0,,,,,,,,0,playing,0,9,8,0,0
2026-08-27T13:55:50+0800,126.991,70.203,26.48,temp=54.2'C,throttled=0x0,15.0,1.997,124.345,154.946,359.628,0,459.953,55.406,95.379,97.352,122.042,146.193,189.299,8.946,144.905,40.0,,,,,,,,0,playing,0,9,8,0,0
2026-08-27T13:55:51+0800,125.969,70.297,26.48,temp=53.7'C,throttled=0x0,15.0,1.997,124.345,154.946,372.674,0,459.953,55.406,95.379,97.558,122.219,146.193,189.299,8.887,145.04,40.0,,,,,,,,0,playing,0,9,8,0,0
2026-08-27T13:55:52+0800,128.525,70.492,26.48,temp=54.2'C,throttled=0x0,15.0,1.997,124.345,154.946,330.12,0,459.953,56.331,95.379,97.559,122.835,146.193,189.299,8.83,145.147,40.0,,,,,,,,0,playing,0,9,8,0,0
2026-08-27T13:55:53+0800,130.633,72.488,26.48,temp=54.8'C,throttled=0x0,15.0,1.997,124.34,154.946,356.93,0,459.953,57.243,95.678,97.69,122.887,146.193,189.299,8.817,145.04,40.0,,,,,,,,0,playing,0,9,8,0,0
2026-08-27T13:55:54+0800,136.328,70.945,26.48,temp=54.2'C,throttled=0x0,15.0,1.997,124.34,154.946,416.298,0,457.982,57.047,95.678,97.822,123.187,146.193,189.299,8.791,146.404,40.0,,,,,,,,0,idle,0,9,9,0,0
2026-08-27T13:55:55+0800,128.439,67.922,26.48,temp=54.8'C,throttled=0x0,15.0,1.997,124.34,154.946,444.472,0,451.817,57.047,95.678,97.822,123.187,146.193,189.299,8.827,146.404,40.0,,,,,,,,0,idle,0,9,9,0,0
2026-08-27T13:55:56+0800,123.114,67.895,26.48,temp=54.8'C,throttled=0x0,15.0,1.997,124.34,154.946,431.657,0,451.817,57.047,95.678,97.822,123.187,146.193,189.299,8.873,145.147,40.0,,,,,,,,0,idle,0,9,9,0,0
2026-08-27T13:55:57+0800,127.823,68.055,26.48,temp=53.7'C,throttled=0x0,15.0,1.997,124.345,154.946,15.002,0,451.817,56.331,95.678,98.292,123.187,146.193,189.299,8.897,144.905,40.0,,,,,,,,0,idle,0,9,9,0,0
2026-08-27T13:55:58+0800,127.48,67.949,26.48,temp=54.2'C,throttled=0x0,15.0,1.997,124.345,154.946,370.025,0,451.817,56.331,95.678,98.292,123.187,146.193,189.299,8.9,145.04,40.0,,,,,,,,0,idle,0,9,9,0,0
2026-08-27T13:55:59+0800,129.987,67.828,26.48,temp=54.8'C,throttled=0x0,15.0,1.997,124.345,154.946,40.623,0,451.817,56.331,95.678,98.45,123.187,147.736,189.299,8.898,145.584,40.0,,,,,,,,0,idle,0,9,9,0,0
2026-08-27T13:56:00+0800,121.891,67.973,26.48,temp=54.8'C,throttled=0x0,15.0,1.997,124.345,154.946,463.826,0,453.983,56.331,95.678,98.45,123.187,147.736,189.299,8.898,145.584,40.0,,,,,,,,0,idle,0,9,9,0,0
2026-08-27T13:56:02+0800,119.032,67.914,26.48,temp=53.7'C,throttled=0x0,15.0,1.997,124.345,154.946,66.741,0,453.983,57.047,95.678,98.292,123.187,147.736,189.299,8.898,145.584,40.0,,,,,,,,0,idle,0,9,9,0,0
2026-08-27T13:56:03+0800,121.847,67.969,26.48,temp=54.8'C,throttled=0x0,15.0,1.997,124.345,155.278,467.909,0,459.953,57.047,95.678,98.45,123.187,147.736,189.299,8.959,145.04,40.0,,,,,,,,0,idle,0,9,9,0,0
2026-08-27T13:56:04+0800,122.842,67.977,26.48,temp=54.2'C,throttled=0x0,15.0,1.997,124.345,155.278,83.878,0,462.366,57.047,95.678,98.45,123.187,147.736,189.299,9.034,144.498,40.0,,,,,,,,0,idle,0,9,9,0,0
2026-08-27T13:56:05+0800,122.872,68.098,26.48,temp=53.7'C,throttled=0x0,15.0,1.997,124.345,155.278,163.428,0,462.366,58.534,95.678,98.45,123.187,147.736,189.299,9.136,143.535,40.0,,,,,,,,0,idle,0,9,9,0,0
2026-08-27T13:56:06+0800,124.951,68.082,26.477,temp=53.7'C,throttled=0x0,15.0,1.997,124.345,156.641,169.731,0,459.229,59.133,95.678,98.45,123.187,147.736,189.299,9.155,142.862,40.0,,,,,,,,0,idle,0,9,9,0,0
2026-08-27T13:56:07+0800,121.16,67.992,26.477,temp=53.7'C,throttled=0x0,15.0,1.997,124.34,156.641,189.224,0,462.412,59.133,95.678,98.292,123.187,147.736,189.299,9.145,142.862,40.0,,,,,,,,0,idle,0,9,9,0,0
2026-08-27T13:56:08+0800,126.907,68.098,26.473,temp=54.8'C,throttled=0x0,15.0,1.997,124.345,156.687,194.109,0,459.953,58.534,95.678,98.091,123.187,147.736,189.299,9.141,142.862,40.0,,,,,,,,0,idle,0,9,9,0,0
2026-08-27T13:56:09+0800,119.18,68.035,26.473,temp=54.2'C,throttled=0x0,15.0,1.997,124.345,156.687,167.714,0,462.412,59.133,95.678,97.822,123.187,147.736,189.299,9.162,142.862,40.0,,,,,,,,0,idle,0,9,9,0,0
2026-08-27T13:56:10+0800,120.938,68.043,26.469,temp=54.2'C,throttled=0x0,15.0,1.997,124.345,156.687,182.368,0,464.596,59.133,95.678,97.822,123.187,147.736,189.299,9.146,142.862,40.0,,,,,,,,0,playing,0,10,9,0,0
2026-08-27T13:56:11+0800,122.6,68.062,26.469,temp=54.8'C,throttled=0x0,15.0,1.997,124.345,156.687,434.982,0,464.596,59.133,95.678,97.822,123.187,147.736,189.299,9.1,142.862,40.0,,,,,,,,0,playing,0,10,9,0,0
2026-08-27T13:56:12+0800,120.492,68.477,26.469,temp=54.8'C,throttled=0x0,15.0,1.997,124.345,156.687,232.296,0,464.596,59.133,95.678,97.786,123.187,147.736,189.299,9.13,141.823,40.0,,,,,,,,0,playing,0,10,9,0,0
2026-08-27T13:56:13+0800,121.909,68.75,26.469,temp=54.2'C,throttled=0x0,15.0,1.997,124.345,156.687,252.977,0,463.826,59.133,95.678,97.786,123.187,147.736,189.299,9.178,141.823,40.0,,,,,,,,0,playing,0,10,9,0,0
2026-08-27T13:56:14+0800,120.749,69.035,26.469,temp=54.2'C,throttled=0x0,15.0,1.997,124.34,156.687,265.066,0,467.909,59.133,95.678,97.786,123.187,147.736,189.299,9.194,141.823,40.0,,,,,,,,0,idle,0,10,10,0,0
2026-08-27T13:56:15+0800,121.986,69.047,26.469,temp=54.2'C,throttled=0x0,15.0,1.997,124.34,156.687,287.015,0,467.909,57.788,95.678,97.761,122.887,147.736,189.299,9.291,140.501,40.0,,,,,,,,0,idle,0,10,10,0,0
2026-08-27T13:56:16+0800,118.553,68.969,26.465,temp=54.2'C,throttled=0x0,15.0,1.997,124.34,156.687,320.84,0,473.701,58.534,95.678,97.69,122.887,147.736,189.299,9.332,140.501,40.0,,,,,,,,0,idle,0,10,10,0,0
2026-08-27T13:56:17+0800,123.726,69.133,26.465,temp=54.2'C,throttled=0x0,15.0,1.997,124.34,156.687,305.497,0,473.701,58.534,95.678,97.69,122.887,147.736,189.299,9.371,140.326,40.0,,,,,,,,0,idle,0,10,10,0,0
2026-08-27T13:56:18+0800,121.973,69.059,26.465,temp=54.8'C,throttled=0x0,15.0,1.997,124.34,156.687,350.217,0,474.943,59.133,95.678,97.674,122.887,147.736,189.299,9.472,137.08,40.0,,,,,,,,0,idle,0,10,10,0,0
2026-08-27T13:56:19+0800,123.052,70.855,26.465,temp=53.7'C,throttled=0x0,15.0,1.997,124.34,156.687,404.925,0,467.909,58.534,95.678,97.638,122.887,147.736,189.299,9.621,129.308,40.0,,,,,,,,0,idle,0,10,10,0,0
2026-08-27T13:56:20+0800,129.715,72.195,26.465,temp=54.2'C,throttled=0x0,15.0,1.997,124.34,156.687,403.222,0,467.909,57.243,95.678,97.638,122.887,147.736,189.299,9.735,127.98,40.0,,,,,,,,0,idle,0,10,10,0,0
2026-08-27T13:56:21+0800,129.914,69.145,26.465,temp=54.2'C,throttled=0x0,15.0,1.997,124.345,157.083,463.384,0,473.701,57.241,95.678,97.638,122.887,147.736,189.299,9.779,127.854,40.0,,,,,,,,0,idle,0,10,10,0,0
2026-08-27T13:56:22+0800,120.63,69.039,26.465,temp=54.8'C,throttled=0x0,15.0,1.997,124.345,157.113,412.424,0,473.701,57.047,95.678,97.638,122.887,147.736,189.299,9.803,127.854,40.0,,,,,,,,0,idle,0,10,10,0,0
2026-08-27T13:56:23+0800,128.032,69.059,26.465,temp=54.2'C,throttled=0x0,15.0,1.997,124.345,157.113,13.81,0,467.909,55.406,95.678,97.674,122.887,147.736,189.299,9.745,129.308,40.0,,,,,,,,0,idle,0,10,10,0,0
2026-08-27T13:56:24+0800,124.173,69.211,26.465,temp=54.8'C,throttled=0x0,15.0,1.997,124.345,157.113,504.193,0,467.909,55.406,95.678,97.674,122.887,147.736,189.299,9.76,127.98,40.0,,,,,,,,0,idle,0,10,10,0,0
2026-08-27T13:56:25+0800,123.835,69.066,26.465,temp=54.2'C,throttled=0x0,15.0,1.997,124.345,157.113,496.851,0,474.943,55.406,95.678,97.674,122.887,147.736,189.299,9.794,127.98,40.0,,,,,,,,0,idle,0,10,10,0,0
2026-08-27T13:56:26+0800,122.249,69.234,26.465,temp=54.8'C,throttled=0x0,15.0,1.997,124.34,157.083,94.945,0,478.759,55.406,95.678,97.69,122.887,147.736,189.299,9.862,127.58,40.0,,,,,,,,0,idle,0,10,10,0,0
2026-08-27T13:56:27+0800,118.624,69.172,26.465,temp=54.8'C,throttled=0x0,15.0,1.999,124.34,157.083,380.497,0,478.759,55.406,95.678,97.69,122.887,147.736,189.299,9.858,127.58,40.0,,,,,,,,0,idle,0,10,10,0,0
2026-08-27T13:56:28+0800,125.904,69.152,26.465,temp=54.8'C,throttled=0x0,15.0,1.997,124.345,157.083,133.086,0,478.759,55.013,95.678,97.69,122.887,146.193,189.299,9.85,127.58,40.0,,,,,,,,0,idle,0,10,10,0,0
2026-08-27T13:56:29+0800,117.584,69.188,26.461,temp=54.8'C,throttled=0x0,15.0,1.997,124.345,157.083,76.456,0,481.121,52.777,95.678,97.761,122.887,146.193,189.299,9.832,127.7,40.0,,,,,,,,0,playing,0,11,10,0,0
2026-08-27T13:56:30+0800,119.576,69.09,26.461,temp=54.8'C,throttled=0x0,15.0,1.997,124.345,157.083,176.555,0,481.121,52.603,95.678,97.786,122.887,146.193,189.299,9.795,127.938,40.0,,,,,,,,0,playing,0,11,10,0,0
2026-08-27T13:56:31+0800,121.944,69.129,26.461,temp=54.8'C,throttled=0x0,15.0,1.997,124.345,157.083,175.796,0,482.355,52.603,95.678,97.786,122.887,146.193,189.299,9.791,127.938,40.0,,,,,,,,0,playing,0,11,10,0,0
2026-08-27T13:56:32+0800,121.055,69.172,26.461,temp=54.8'C,throttled=0x0,15.0,1.997,124.345,157.083,170.691,0,482.275,52.603,95.678,97.822,122.887,146.193,189.299,9.799,127.938,40.0,,,,,,,,0,idle,0,11,11,0,0
2026-08-27T13:56:33+0800,121.896,69.082,26.461,temp=54.2'C,throttled=0x0,15.0,1.997,124.345,157.083,199.781,0,482.275,51.311,95.678,97.822,122.887,146.193,189.299,9.802,127.7,40.0,,,,,,,,0,idle,0,11,11,0,0
2026-08-27T13:56:34+0800,120.602,69.211,26.461,temp=54.2'C,throttled=0x0,15.0,1.997,124.88,157.083,223.224,0,482.355,51.411,95.678,97.786,122.887,146.193,189.299,9.821,127.7,40.0,,,,,,,,0,idle,0,11,11,0,0
2026-08-27T13:56:35+0800,120.968,69.281,26.461,temp=54.8'C,throttled=0x0,15.0,1.997,124.88,157.083,409.63,0,482.355,51.411,95.678,97.786,122.887,146.193,189.299,9.828,127.7,40.0,,,,,,,,0,idle,0,11,11,0,0
2026-08-27T13:56:36+0800,120.816,69.059,26.461,temp=54.2'C,throttled=0x0,15.0,1.997,124.88,157.083,238.731,0,482.275,52.603,95.678,97.761,122.887,147.736,189.299,9.894,126.089,40.0,,,,,,,,0,idle,0,11,11,0,0
2026-08-27T13:56:37+0800,118.793,69.168,26.461,temp=54.8'C,throttled=0x0,15.0,1.997,124.88,157.083,277.472,0,478.759,51.411,95.678,97.674,122.887,147.736,189.299,9.936,125.195,40.0,,,,,,,,0,idle,0,11,11,0,0
2026-08-27T13:56:38+0800,120.863,69.199,26.461,temp=55.3'C,throttled=0x0,15.0,1.997,124.88,157.083,348.793,0,482.355,52.603,95.678,97.558,122.887,147.736,189.299,9.953,125.195,40.0,,,,,,,,0,idle,0,11,11,0,0
2026-08-27T13:56:39+0800,124.163,69.273,26.461,temp=54.8'C,throttled=0x0,15.0,1.997,124.88,157.083,347.603,0,482.275,52.603,95.678,97.389,122.887,147.736,189.299,9.958,125.881,40.0,,,,,,,,0,idle,0,11,11,0,0
2026-08-27T13:56:40+0800,119.62,69.125,26.461,temp=54.2'C,throttled=0x0,15.0,1.997,124.88,157.083,393.691,0,478.759,52.648,95.678,97.225,122.887,147.736,189.299,9.953,125.881,40.0,,,,,,,,0,idle,0,11,11,0,0
2026-08-27T13:56:41+0800,121.684,70.91,26.461,temp=54.2'C,throttled=0x0,15.0,1.997,124.88,157.083,338.458,0,482.355,52.603,95.678,97.182,122.887,147.736,189.299,9.949,126.089,40.0,,,,,,,,0,idle,0,11,11,0,0
2026-08-27T13:56:42+0800,132.657,72.16,26.461,temp=54.8'C,throttled=0x0,15.0,1.997,124.88,157.083,342.809,0,482.355,51.411,95.678,97.182,122.835,147.736,189.299,9.942,126.089,40.0,,,,,,,,0,idle,0,11,11,0,0
2026-08-27T13:56:43+0800,132.861,69.074,26.461,temp=54.2'C,throttled=0x0,15.0,1.997,124.88,157.113,444.947,0,477.619,51.411,95.678,97.116,122.835,147.736,189.299,9.919,126.487,40.0,,,,,,,,0,idle,0,11,11,0,0
2026-08-27T13:56:44+0800,120.506,69.141,26.461,temp=54.8'C,throttled=0x0,15.0,1.997,124.88,157.113,423.833,0,474.176,51.411,95.678,96.877,122.479,147.736,189.299,9.909,126.487,40.0,,,,,,,,0,idle,0,11,11,0,0
2026-08-27T13:56:45+0800,121.038,69.113,26.461,temp=54.8'C,throttled=0x0,15.0,1.997,124.88,157.113,420.904,0,474.176,51.311,95.335,96.877,122.479,147.736,189.299,9.906,126.089,40.0,,,,,,,,0,idle,0,11,11,0,0
2026-08-27T13:56:46+0800,123.835,69.168,26.461,temp=54.8'C,throttled=0x0,15.0,1.997,124.88,157.113,447.649,0,474.176,52.603,95.335,96.873,122.479,147.736,189.299,9.891,126.487,40.0,,,,,,,,0,idle,0,11,11,0,0
2026-08-27T13:56:48+0800,120.879,69.238,26.461,temp=54.8'C,throttled=0x0,15.0,1.997,124.98,157.113,509.836,0,474.176,55.013,95.335,96.784,122.479,147.736,189.299,9.856,126.487,40.0,,,,,,,,0,playing,0,12,11,0,0
2026-08-27T13:56:49+0800,121.11,69.133,26.461,temp=54.8'C,throttled=0x0,15.0,1.997,124.98,157.231,4.28,0,474.176,55.013,95.068,96.784,122.479,147.736,189.299,9.841,126.089,40.0,,,,,,,,0,playing,0,12,11,0,0
2026-08-27T13:56:50+0800,122.079,69.23,26.461,temp=54.8'C,throttled=0x0,15.0,1.997,124.98,157.231,13.319,0,474.176,55.013,95.068,96.676,122.479,147.736,189.299,9.915,126.089,40.0,,,,,,,,0,playing,0,12,11,0,0
2026-08-27T13:56:51+0800,121.024,69.078,26.461,temp=54.8'C,throttled=0x0,15.0,1.997,124.98,157.113,53.291,0,469.304,55.013,95.068,96.676,122.479,147.736,189.299,9.958,125.195,40.0,,,,,,,,0,playing,0,12,11,0,0
2026-08-27T13:56:52+0800,124.811,69.203,26.461,temp=54.8'C,throttled=0x0,15.0,1.997,124.88,157.083,79.691,0,472.717,55.779,95.068,96.567,122.479,148.089,189.299,9.909,125.881,40.0,,,,,,,,0,playing,0,12,11,0,0
2026-08-27T13:56:53+0800,121.061,69.43,26.461,temp=54.8'C,throttled=0x0,15.0,1.997,124.88,157.083,84.787,0,477.619,56.331,95.068,96.567,122.219,148.089,189.299,9.912,125.195,40.0,,,,,,,,0,idle,0,12,12,0,0
2026-08-27T13:56:54+0800,122.025,69.5,26.461,temp=54.8'C,throttled=0x0,15.0,1.997,124.88,157.083,94.354,0,477.619,56.331,95.051,96.514,122.219,148.089,189.299,9.922,124.926,40.0,,,,,,,,0,idle,0,12,12,0,0
2026-08-27T13:56:55+0800,124.113,69.547,26.461,temp=54.8'C,throttled=0x0,15.0,1.997,124.88,157.083,110.28,0,477.619,57.047,95.068,96.567,122.219,148.089,189.299,9.89,125.195,40.0,,,,,,,,0,idle,0,12,12,0,0
2026-08-27T13:56:56+0800,125.718,69.543,26.461,temp=54.8'C,throttled=0x0,15.0,1.997,124.88,157.083,198.267,0,484.862,57.243,95.678,96.676,122.219,148.089,189.299,9.864,126.377,40.0,,,,,,,,0,idle,0,12,12,0,0
2026-08-27T13:56:57+0800,120.44,69.535,26.461,temp=54.8'C,throttled=0x0,15.0,1.997,124.88,157.083,199.6,0,484.862,57.241,97.848,96.567,122.219,148.089,189.299,9.866,126.377,40.0,,,,,,,,0,idle,0,12,12,0,0
2026-08-27T13:56:58+0800,121.937,69.473,26.461,temp=54.2'C,throttled=0x0,15.0,1.997,124.88,157.083,192.277,0,484.862,56.331,97.848,96.567,122.219,148.089,189.299,9.866,126.377,40.0,,,,,,,,0,idle,0,12,12,0,0
2026-08-27T13:56:59+0800,125.547,69.387,26.461,temp=54.2'C,throttled=0x0,15.0,1.997,124.88,157.083,179.424,0,484.862,57.047,97.848,96.514,122.219,148.089,189.299,9.885,126.377,40.0,,,,,,,,0,idle,0,12,12,0,0
2026-08-27T13:57:00+0800,121.871,69.598,26.461,temp=54.8'C,throttled=0x0,15.0,1.997,124.88,157.083,196.299,0,486.991,57.241,97.848,96.567,122.219,148.089,189.299,9.862,126.377,40.0,,,,,,,,0,idle,0,12,12,0,0
2026-08-27T13:57:01+0800,121.152,69.473,26.461,temp=54.2'C,throttled=0x0,15.0,1.997,124.98,157.083,262.619,0,486.991,57.241,97.848,96.567,122.219,148.089,189.299,9.85,126.377,40.0,,,,,,,,0,idle,0,12,12,0,0
2026-08-27T13:57:02+0800,119.717,69.512,26.461,temp=54.2'C,throttled=0x0,15.0,1.997,124.98,157.083,245.223,0,485.551,57.243,97.848,96.567,122.219,148.089,189.299,9.848,126.377,40.0,,,,,,,,0,idle,0,12,12,0,0
2026-08-27T13:57:03+0800,119.87,69.562,26.461,temp=54.8'C,throttled=0x0,15.0,1.997,124.98,157.083,296.434,0,485.551,57.243,97.848,96.514,122.219,148.089,189.299,9.839,126.377,40.0,,,,,,,,0,idle,0,12,12,0,0
2026-08-27T13:57:04+0800,122.484,69.469,26.461,temp=54.8'C,throttled=0x0,15.0,1.997,124.98,157.083,309.978,0,486.991,57.243,97.848,96.514,122.219,148.089,189.299,9.821,126.377,40.0,,,,,,,,0,idle,0,12,12,0,0
2026-08-27T13:57:05+0800,123.711,69.441,26.461,temp=55.3'C,throttled=0x0,15.0,1.997,124.98,157.083,276.171,0,485.551,57.241,97.848,96.438,122.219,148.089,189.299,9.821,126.377,40.0,,,,,,,,0,idle,0,12,12,0,0
2026-08-27T13:57:06+0800,118.426,69.473,26.461,temp=54.8'C,throttled=0x0,15.0,1.997,124.98,157.083,302.754,0,485.551,57.047,97.848,96.438,122.219,148.089,189.299,9.847,125.0,40.0,,,,,,,,0,idle,0,12,12,0,0
2026-08-27T13:57:07+0800,121.375,69.508,26.461,temp=54.8'C,throttled=0x0,15.0,1.997,124.98,157.083,377.827,0,485.551,56.331,99.222,96.205,122.219,148.089,189.299,9.839,124.926,40.0,,,,,,,,0,idle,0,12,12,0,0
2026-08-27T13:57:08+0800,125.726,72.441,26.461,temp=54.8'C,throttled=0x0,15.0,1.997,124.98,157.113,394.167,0,486.991,56.331,99.222,96.205,122.219,148.089,189.299,9.809,124.926,40.0,,,,,,,,0,playing,0,13,12,0,0
2026-08-27T13:57:09+0800,130.056,72.441,26.461,temp=55.3'C,throttled=0x0,15.0,1.997,125.462,157.231,384.152,0,486.991,56.331,99.222,96.438,122.219,148.089,189.299,9.788,125.0,40.0,,,,,,,,0,playing,0,13,12,0,0
2026-08-27T13:57:10+0800,129.069,69.492,26.461,temp=55.3'C,throttled=0x0,15.0,1.997,125.462,157.231,384.953,0,486.991,56.322,99.222,96.438,122.219,148.089,189.299,9.751,126.377,40.0,,,,,,,,0,playing,0,13,12,0,0
2026-08-27T13:57:11+0800,126.925,69.48,26.461,temp=55.3'C,throttled=0x0,15.0,1.997,124.98,157.231,417.196,0,486.991,56.322,99.222,96.567,122.219,148.089,189.299,9.651,130.024,40.0,,,,,,,,0,playing,0,13,12,0,0
2026-08-27T13:57:12+0800,124.644,69.41,26.461,temp=54.8'C,throttled=0x0,15.0,1.997,124.98,157.231,452.172,0,486.991,57.047,99.222,96.567,122.479,148.089,189.299,9.603,134.489,40.0,,,,,,,,0,idle,0,13,13,0,0
2026-08-27T13:57:13+0800,123.702,69.422,26.461,temp=54.8'C,throttled=0x0,15.0,1.997,124.98,157.231,475.378,0,486.991,57.241,99.222,96.567,122.219,148.089,189.299,9.599,133.595,40.0,,,,,,,,0,idle,0,13,13,0,0
2026-08-27T13:57:14+0800,122.82,69.453,26.461,temp=55.3'C,throttled=0x0,15.0,1.997,124.408,157.231,485.002,0,486.991,57.241,99.222,96.438,122.219,148.089,189.299,9.609,133.595,40.0,,,,,,,,0,idle,0,13,13,0,0
2026-08-27T13:57:15+0800,118.218,69.512,26.461,temp=54.2'C,throttled=0x0,15.0,1.997,124.345,157.231,50.153,0,485.551,57.241,99.222,96.438,122.219,148.089,189.299,9.667,132.478,40.0,,,,,,,,0,idle,0,13,13,0,0
2026-08-27T13:57:16+0800,116.907,69.512,26.461,temp=54.8'C,throttled=0x0,15.0,1.997,124.408,157.231,80.979,0,486.991,57.047,99.222,96.438,122.219,148.089,189.299,9.7,128.278,40.0,,,,,,,,0,idle,0,13,13,0,0
2026-08-27T13:57:17+0800,119.017,69.504,26.461,temp=55.8'C,throttled=0x0,15.0,1.997,125.462,157.231,71.996,0,486.991,57.047,99.222,96.205,122.219,148.089,189.299,9.727,128.278,40.0,,,,,,,,0,idle,0,13,13,0,0
2026-08-27T13:57:18+0800,121.434,69.395,26.461,temp=54.8'C,throttled=0x0,15.0,1.997,127.077,157.231,105.378,0,487.65,56.331,101.474,96.205,122.219,148.089,189.299,9.714,128.278,40.0,,,,,,,,0,idle,0,13,13,0,0
2026-08-27T13:57:19+0800,123.877,69.488,26.461,temp=55.3'C,throttled=0x0,15.0,1.997,127.167,157.231,91.025,0,487.65,57.047,101.474,96.205,122.479,148.089,189.299,9.645,133.595,40.0,,,,,,,,0,idle,0,13,13,0,0
2026-08-27T13:57:20+0800,115.172,69.461,26.461,temp=54.8'C,throttled=0x0,15.0,1.997,127.077,157.231,139.361,0,485.029,57.047,101.474,96.022,122.479,148.089,189.299,9.668,133.595,40.0,,,,,,,,0,idle,0,13,13,0,0
2026-08-27T13:57:21+0800,119.684,69.402,26.461,temp=54.2'C,throttled=0x0,15.0,1.997,127.077,157.231,121.695,0,485.002,56.331,101.474,95.99,122.479,148.089,189.299,9.728,133.091,40.0,,,,,,,,0,idle,0,13,13,0,0
2026-08-27T13:57:22+0800,118.112,69.496,26.461,temp=54.8'C,throttled=0x0,15.0,1.997,127.077,157.231,173.436,0,482.533,57.047,101.474,95.871,122.479,148.089,189.299,9.804,127.804,40.0,,,,,,,,0,idle,0,13,13,0,0
2026-08-27T13:57:23+0800,116.836,69.453,26.461,temp=54.8'C,throttled=0x0,15.0,1.997,127.077,157.231,130.208,0,478.713,57.047,101.474,95.817,122.479,148.089,189.299,9.825,127.804,40.0,,,,,,,,0,idle,0,13,13,0,0
2026-08-27T13:57:24+0800,117.729,69.465,26.461,temp=53.7'C,throttled=0x0,15.0,1.997,127.077,157.231,226.454,0,478.484,57.047,101.474,95.817,122.479,148.089,189.299,9.819,127.804,40.0,,,,,,,,0,idle,0,13,13,0,0
2026-08-27T13:57:25+0800,116.923,69.535,26.461,temp=55.3'C,throttled=0x0,15.0,1.997,127.077,157.231,262.394,0,477.635,57.047,101.474,95.817,122.479,148.089,189.299,9.842,127.804,40.0,,,,,,,,0,idle,0,13,13,0,0
2026-08-27T13:57:26+0800,119.513,69.566,26.461,temp=54.8'C,throttled=0x0,15.0,1.997,127.077,157.231,198.883,0,477.416,57.047,101.474,95.817,122.479,148.089,189.299,9.863,127.804,40.0,,,,,,,,0,playing,0,14,13,0,0
2026-08-27T13:57:27+0800,116.132,69.465,26.461,temp=55.8'C,throttled=0x0,15.0,1.997,127.077,157.231,261.151,0,477.416,57.241,101.474,95.817,122.479,148.089,189.299,9.826,128.278,40.0,,,,,,,,0,playing,0,14,13,0,0
2026-08-27T13:57:28+0800,120.174,69.477,26.461,temp=55.8'C,throttled=0x0,15.0,1.998,125.462,157.231,311.1,0,477.416,57.241,101.474,95.871,122.479,148.089,189.299,9.806,131.115,40.0,,,,,,,,0,playing,0,14,13,0,0
2026-08-27T13:57:29+0800,120.11,69.41,26.461,temp=54.8'C,throttled=0x0,15.0,1.997,125.462,157.231,314.435,0,477.038,56.331,101.474,95.871,122.479,148.089,189.299,9.796,131.115,40.0,,,,,,,,0,playing,0,14,13,0,0
2026-08-27T13:57:30+0800,116.065,69.348,26.461,temp=55.3'C,throttled=0x0,15.0,1.998,124.408,157.231,281.985,0,477.038,55.956,101.474,95.817,122.479,148.089,189.299,9.81,131.115,40.0,,,,,,,,0,idle,0,14,14,0,0
2026-08-27T13:57:31+0800,120.842,69.336,26.461,temp=55.3'C,throttled=0x0,15.0,1.998,124.408,157.231,310.175,0,477.038,56.322,101.474,95.817,122.479,148.089,189.299,9.808,131.115,40.0,,,,,,,,0,idle,0,14,14,0,0
2026-08-27T13:57:32+0800,122.94,69.531,26.461,temp=54.8'C,throttled=0x0,15.0,1.997,124.408,157.231,353.757,0,477.416,56.331,101.474,95.631,122.479,148.089,189.299,9.806,131.115,40.0,,,,,,,,0,idle,0,14,14,0,0
2026-08-27T13:57:33+0800,122.151,70.793,26.461,temp=54.8'C,throttled=0x0,15.0,1.997,124.408,157.113,381.434,0,475.382,56.331,101.474,95.631,122.479,148.089,189.299,9.831,131.115,40.0,,,,,,,,0,idle,0,14,14,0,0
2026-08-27T13:57:34+0800,132.052,72.473,26.461,temp=54.8'C,throttled=0x0,15.0,1.997,124.345,157.113,362.657,0,475.382,57.047,101.474,95.631,122.479,148.089,189.299,9.888,128.278,40.0,,,,,,,,0,idle,0,14,14,0,0
2026-08-27T13:57:35+0800,128.868,72.551,26.461,temp=55.3'C,throttled=0x0,15.0,1.997,124.408,157.113,422.137,0,475.382,57.047,101.474,95.631,122.479,148.089,189.299,9.915,128.278,40.0,,,,,,,,0,idle,0,14,14,0,0
2026-08-27T13:57:37+0800,122.821,69.555,26.461,temp=55.8'C,throttled=0x0,15.0,1.998,127.077,157.113,7.48,0,475.382,56.331,101.474,95.631,122.479,148.089,189.299,10.051,127.055,40.0,,,,,,,,0,idle,0,14,14,0,0
2026-08-27T13:57:38+0800,123.593,69.477,26.461,temp=55.3'C,throttled=0x0,15.0,1.998,125.462,157.113,8.93,0,475.382,55.956,101.474,95.817,122.479,148.089,189.299,10.087,124.498,40.0,,,,,,,,0,idle,0,14,14,0,0
2026-08-27T13:57:39+0800,119.945,69.453,26.461,temp=55.3'C,throttled=0x0,15.0,1.998,125.462,157.113,446.22,0,475.382,55.956,101.474,95.817,122.479,148.089,189.299,10.118,123.601,40.0,,,,,,,,0,idle,0,14,14,0,0
2026-08-27T13:57:40+0800,123.844,69.508,26.461,temp=54.8'C,throttled=0x0,15.0,1.997,125.462,157.113,17.171,0,467.832,55.956,101.474,95.817,122.479,148.089,189.299,10.128,124.498,40.0,,,,,,,,0,idle,0,14,14,0,0
2026-08-27T13:57:41+0800,121.867,69.445,26.461,temp=55.3'C,throttled=0x0,15.0,1.997,125.462,157.113,14.133,0,463.28,55.956,101.474,95.817,122.479,148.089,189.299,10.1,125.732,40.0,,,,,,,,0,idle,0,14,14,0,0
2026-08-27T13:57:42+0800,118.227,69.562,26.461,temp=54.8'C,throttled=0x0,15.0,1.998,125.462,157.113,39.779,0,463.28,56.322,101.474,95.631,122.479,148.089,189.299,10.125,125.732,40.0,,,,,,,,0,idle,0,14,14,0,0
2026-08-27T13:57:43+0800,125.883,69.484,26.461,temp=55.3'C,throttled=0x0,15.0,1.998,125.462,157.231,88.719,0,454.107,56.322,101.474,95.817,122.479,148.089,189.299,10.054,127.055,40.0,,,,,,,,0,idle,0,14,14,0,0
2026-08-27T13:57:44+0800,128.672,69.547,26.461,temp=55.3'C,throttled=0x0,15.0,1.998,125.462,157.231,100.435,0,463.28,56.331,101.711,95.817,122.835,148.089,189.299,10.028,127.699,40.0,,,,,,,,0,idle,0,14,14,0,0
2026-08-27T13:57:45+0800,122.963,69.504,26.461,temp=55.8'C,throttled=0x0,15.0,1.998,125.462,157.231,111.974,0,454.107,57.047,101.711,95.817,122.835,148.089,189.299,10.056,127.699,40.0,,,,,,,,0,idle,0,14,14,0,0
2026-08-27T13:57:46+0800,120.535,69.43,26.461,temp=55.8'C,throttled=0x0,15.0,1.997,126.418,158.414,67.951,0,450.928,57.047,101.711,95.817,122.835,148.089,189.299,10.012,127.989,40.0,,,,,,,,0,playing,0,15,14,0,0
2026-08-27T13:57:47+0800,121.144,69.398,26.461,temp=55.8'C,throttled=0x0,15.0,1.998,127.167,158.414,179.32,0,454.107,57.241,101.711,95.817,122.835,148.089,189.299,9.966,127.989,40.0,,,,,,,,0,playing,0,15,14,0,0
2026-08-27T13:57:48+0800,121.528,69.535,26.461,temp=55.3'C,throttled=0x0,15.0,1.998,126.967,158.414,208.279,0,450.928,57.241,101.711,95.631,122.835,148.089,189.299,9.938,127.989,40.0,,,,,,,,0,playing,0,15,14,0,0
2026-08-27T13:57:49+0800,122.711,69.566,26.461,temp=54.8'C,throttled=0x0,15.0,1.998,126.967,158.414,234.004,0,446.22,57.047,101.711,95.817,122.835,148.089,189.299,9.907,127.989,40.0,,,,,,,,0,playing,0,15,14,0,0
2026-08-27T13:57:50+0800,122.023,69.383,26.461,temp=55.8'C,throttled=0x0,15.0,1.998,127.167,158.414,188.335,0,454.107,57.241,101.711,95.871,122.835,148.089,189.299,9.886,127.989,40.0,,,,,,,,0,playing,0,15,14,0,0
2026-08-27T13:57:51+0800,120.765,69.52,26.461,temp=55.8'C,throttled=0x0,15.0,1.998,126.967,157.231,216.272,0,456.116,57.047,101.711,95.99,122.835,148.089,189.299,9.868,129.169,40.0,,,,,,,,0,idle,0,15,15,0,0
2026-08-27T13:57:52+0800,118.099,69.586,26.461,temp=55.8'C,throttled=0x0,15.0,1.998,126.967,157.113,300.07,0,456.116,56.322,101.711,95.99,122.835,148.089,189.299,9.837,129.169,40.0,,,,,,,,0,idle,0,15,15,0,0
2026-08-27T13:57:53+0800,121.929,69.594,26.461,temp=54.8'C,throttled=0x0,15.0,1.998,126.967,157.113,282.646,0,456.116,55.779,101.711,95.99,122.835,148.089,189.299,9.855,127.989,40.0,,,,,,,,0,idle,0,15,15,0,0
2026-08-27T13:57:54+0800,118.075,69.723,26.461,temp=55.3'C,throttled=0x0,15.0,1.998,126.967,156.809,266.209,0,466.54,55.779,101.711,95.99,122.835,148.089,189.299,9.887,127.807,40.0,,,,,,,,0,idle,0,15,15,0,0
2026-08-27T13:57:55+0800,122.916,69.594,26.461,temp=55.3'C,throttled=0x0,15.0,1.998,126.967,156.808,281.313,0,466.54,55.779,101.711,95.99,122.835,148.089,189.299,9.885,127.705,40.0,,,,,,,,0,idle,0,15,15,0,0
2026-08-27T13:57:56+0800,119.017,69.547,26.461,temp=55.8'C,throttled=0x0,15.0,1.998,127.167,156.808,339.909,0,472.904,55.956,101.711,95.184,122.835,148.089,189.299,9.896,127.705,40.0,,,,,,,,0,idle,0,15,15,0,0
2026-08-27T13:57:57+0800,118.858,69.484,26.461,temp=55.8'C,throttled=0x0,15.0,1.997,127.89,156.808,310.961,0,467.832,55.956,101.711,95.068,122.5,148.089,189.299,9.882,127.705,40.0,,,,,,,,0,idle,0,15,15,0,0
2026-08-27T13:57:58+0800,121.867,69.645,26.461,temp=55.3'C,throttled=0x0,15.0,1.997,127.909,156.808,373.752,0,466.54,55.779,101.711,95.013,122.5,148.089,189.299,9.874,127.807,40.0,,,,,,,,0,idle,0,15,15,0,0
2026-08-27T13:57:59+0800,126.079,72.625,26.461,temp=55.8'C,throttled=0x0,15.0,1.998,127.909,156.808,371.466,0,466.54,55.406,101.474,95.013,122.5,148.089,189.299,9.851,127.807,40.0,,,,,,,,0,idle,0,15,15,0,0
2026-08-27T13:58:00+0800,135.267,72.551,26.461,temp=55.3'C,throttled=0x0,15.0,1.997,128.031,156.808,349.864,0,467.832,55.406,100.435,95.013,122.479,148.089,189.299,9.838,128.482,40.0,,,,,,,,0,idle,0,15,15,0,0
2026-08-27T13:58:01+0800,121.638,69.539,26.461,temp=55.8'C,throttled=0x0,15.0,1.998,128.031,156.808,500.444,0,472.904,55.406,99.893,95.013,122.479,148.089,189.299,9.824,127.989,40.0,,,,,,,,0,idle,0,15,15,0,0
2026-08-27T13:58:02+0800,121.511,69.578,26.461,temp=54.8'C,throttled=0x0,15.0,1.998,128.031,156.808,448.32,0,472.904,55.779,99.893,94.981,122.479,148.089,189.299,9.821,127.807,40.0,,,,,,,,0,idle,0,15,15,0,0
2026-08-27T13:58:03+0800,119.922,69.465,26.461,temp=55.3'C,throttled=0x0,15.0,1.998,128.149,156.808,48.203,0,472.904,55.779,99.893,94.923,122.479,148.089,189.299,9.833,127.807,40.0,,,,,,,,0,idle,0,15,15,0,0
2026-08-27T13:58:04+0800,120.051,69.484,26.461,temp=55.3'C,throttled=0x0,15.0,1.998,128.149,156.808,16.599,0,466.54,55.406,99.893,94.923,122.479,148.089,189.299,9.824,127.807,40.0,,,,,,,,0,idle,0,15,15,0,0
2026-08-27T13:58:05+0800,124.869,69.598,26.461,temp=55.8'C,throttled=0x0,15.0,1.998,128.149,156.809,26.641,0,466.54,55.013,99.893,94.923,122.042,148.089,189.299,9.793,127.807,40.0,,,,,,,,0,idle,0,15,15,0,0
2026-08-27T13:58:06+0800,118.915,69.539,26.461,temp=56.4'C,throttled=0x0,15.0,1.997,128.149,157.113,473.881,0,472.904,55.013,99.893,94.981,122.042,148.089,189.299,9.768,127.705,40.0,,,,,,,,0,playing,0,16,15,0,0
2026-08-27T13:58:07+0800,123.44,69.656,26.461,temp=55.8'C,throttled=0x0,15.0,1.998,128.58,157.113,80.848,0,472.904,55.406,99.893,94.923,122.042,148.089,189.299,9.725,127.807,40.0,,,,,,,,0,playing,0,16,15,0,0
2026-08-27T13:58:08+0800,121.126,69.457,26.461,temp=55.8'C,throttled=0x0,15.0,1.997,128.58,158.414,118.651,0,466.54,55.013,99.893,94.923,122.042,148.089,189.299,9.695,128.482,40.0,,,,,,,,0,playing,0,16,15,0,0
2026-08-27T13:58:09+0800,123.018,69.617,26.461,temp=55.8'C,throttled=0x0,15.0,1.997,128.149,158.414,77.878,0,466.54,55.406,99.893,94.923,122.042,148.089,189.299,9.747,127.705,40.0,,,,,,,,0,playing,0,16,15,0,0
2026-08-27T13:58:10+0800,120.812,69.488,26.461,temp=55.8'C,throttled=0x0,15.0,1.997,128.031,158.414,122.481,0,460.915,55.013,99.222,94.914,122.042,148.089,189.299,9.825,126.615,40.0,,,,,,,,0,idle,0,16,16,0,0
2026-08-27T13:58:11+0800,122.766,69.637,26.461,temp=55.8'C,throttled=0x0,15.0,1.997,127.909,158.414,124.532,0,460.915,53.291,95.068,94.846,122.042,148.089,189.299,9.832,126.534,40.0,,,,,,,,0,idle,0,16,16,0,0
2026-08-27T13:58:12+0800,122.983,69.496,26.461,temp=55.8'C,throttled=0x0,15.0,1.998,127.909,158.414,213.219,0,460.915,52.603,94.354,94.836,121.465,148.089,189.299,9.888,126.212,40.0,,,,,,,,0,idle,0,16,16,0,0
2026-08-27T13:58:13+0800,121.836,69.582,26.461,temp=55.8'C,throttled=0x0,15.0,1.998,127.89,158.414,207.713,0,460.313,51.999,94.354,94.682,121.465,148.089,189.299,9.901,126.156,40.0,,,,,,,,0,idle,0,16,16,0,0
2026-08-27T13:58:14+0800,122.043,69.582,26.461,temp=55.3'C,throttled=0x0,15.0,1.998,127.89,158.414,213.741,0,460.313,51.411,94.354,94.836,121.465,148.089,189.299,9.914,126.156,40.0,,,,,,,,0,idle,0,16,16,0,0
2026-08-27T13:58:15+0800,122.028,69.441,26.461,temp=55.8'C,throttled=0x0,15.0,1.998,127.89,158.414,241.125,0,449.057,49.891,94.354,94.846,121.465,148.089,189.299,9.932,126.156,40.0,,,,,,,,0,idle,0,16,16,0,0
2026-08-27T13:58:16+0800,123.259,69.555,26.461,temp=56.4'C,throttled=0x0,15.0,1.998,127.167,157.113,276.409,0,448.32,51.411,94.354,94.846,120.693,148.089,189.299,9.936,125.803,40.0,,,,,,,,0,idle,0,16,16,0,0
2026-08-27T13:58:17+0800,123.911,69.707,26.461,temp=55.8'C,throttled=0x0,15.0,1.998,127.167,157.113,250.054,0,460.313,51.999,94.354,94.682,120.693,148.089,189.299,9.937,125.185,40.0,,,,,,,,0,idle,0,16,16,0,0
2026-08-27T13:58:18+0800,120.083,69.488,26.461,temp=55.8'C,throttled=0x0,15.0,1.998,127.167,156.809,316.03,0,460.313,52.603,94.354,94.464,120.693,148.089,189.299,9.942,124.881,40.0,,,,,,,,0,idle,0,16,16,0,0
2026-08-27T13:58:19+0800,118.037,69.477,26.461,temp=54.8'C,throttled=0x0,15.0,1.998,127.89,156.809,280.272,0,449.057,53.291,94.354,94.468,120.693,148.089,189.299,9.91,125.185,40.0,,,,,,,,0,idle,0,16,16,0,0
2026-08-27T13:58:20+0800,123.337,69.539,26.461,temp=55.8'C,throttled=0x0,15.0,1.997,127.89,156.808,302.847,0,449.057,53.291,94.354,94.682,120.693,148.089,189.299,9.856,126.212,40.0,,,,,,,,0,idle,0,16,16,0,0
2026-08-27T13:58:21+0800,118.73,69.543,26.461,temp=55.8'C,throttled=0x0,15.0,1.998,127.89,156.808,348.137,0,448.32,53.291,94.354,94.682,120.693,148.089,189.299,9.806,126.367,40.0,,,,,,,,0,idle,0,16,16,0,0
2026-08-27T13:58:22+0800,119.371,69.707,26.461,temp=55.8'C,throttled=0x0,15.0,1.998,127.89,156.808,380.23,0,448.32,54.719,94.354,94.682,120.693,148.089,189.299,9.746,127.516,40.0,,,,,,,,0,idle,0,16,16,0,0
2026-08-27T13:58:23+0800,115.387,71.27,26.461,temp=54.8'C,throttled=0x0,15.0,1.997,127.89,156.808,419.984,0,449.057,53.291,94.354,94.464,119.932,148.089,189.299,9.761,127.516,40.0,,,,,,,,0,idle,0,16,16,0,0
2026-08-27T13:58:25+0800,128.015,72.586,26.461,temp=55.8'C,throttled=0x0,15.0,1.997,127.89,156.808,417.611,0,449.057,51.999,94.354,94.453,119.932,148.089,189.299,9.748,127.516,40.0,,,,,,,,0,playing,0,17,16,0,0
2026-08-27T13:58:26+0800,130.454,69.664,26.461,temp=55.8'C,throttled=0x0,15.0,1.997,127.909,156.809,457.763,0,449.057,51.62,94.354,94.453,119.932,148.089,189.299,9.687,128.761,40.0,,,,,,,,0,playing,0,17,16,0,0
2026-08-27T13:58:27+0800,124.969,69.535,26.461,temp=55.8'C,throttled=0x0,15.0,1.997,127.167,156.809,501.327,0,448.32,51.411,94.354,94.468,119.932,148.089,189.299,9.642,128.761,40.0,,,,,,,,0,playing,0,17,16,0,0
2026-08-27T13:58:28+0800,123.911,69.707,26.449,temp=55.8'C,throttled=0x0,15.0,1.998,127.167,156.809,464.012,0,449.057,51.62,95.068,94.468,119.889,148.089,189.299,9.613,129.389,40.0,,,,,,,,0,playing,0,17,16,0,0
2026-08-27T13:58:29+0800,123.904,69.637,26.449,temp=55.8'C,throttled=0x0,15.0,1.997,127.167,156.809,21.816,0,448.102,51.999,95.068,94.468,119.889,148.089,189.299,9.579,130.095,40.0,,,,,,,,0,playing,0,17,16,0,0
2026-08-27T13:58:30+0800,119.915,69.801,26.449,temp=55.8'C,throttled=0x0,15.0,1.997,127.167,156.809,484.694,0,448.102,51.999,95.068,94.464,119.508,148.089,189.299,9.557,130.095,40.0,,,,,,,,0,playing,0,17,16,0,0
2026-08-27T13:58:31+0800,122.258,70.09,26.449,temp=55.8'C,throttled=0x0,15.0,1.997,127.167,156.809,52.306,0,448.102,52.306,95.068,94.468,119.508,148.089,189.299,9.526,130.095,40.0,,,,,,,,0,playing,0,17,16,0,0
2026-08-27T13:58:32+0800,121.966,70.406,26.449,temp=55.8'C,throttled=0x0,15.0,1.998,127.167,156.809,92.521,0,454.448,53.291,95.068,94.468,119.508,148.089,189.299,9.517,130.095,40.0,,,,,,,,0,playing,0,17,16,0,0
2026-08-27T13:58:33+0800,120.246,70.57,26.449,temp=55.8'C,throttled=0x0,15.0,1.997,126.967,156.808,99.992,0,454.448,53.291,95.068,94.468,118.56,148.089,189.299,9.516,130.095,40.0,,,,,,,,0,idle,0,17,17,0,0
2026-08-27T13:58:34+0800,124.861,70.621,26.449,temp=55.8'C,throttled=0x0,15.0,1.997,126.967,154.816,116.058,0,449.057,53.291,95.068,94.468,118.56,148.089,189.299,9.55,130.095,40.0,,,,,,,,0,idle,0,17,17,0,0
2026-08-27T13:58:35+0800,118.636,70.664,26.449,temp=55.8'C,throttled=0x0,15.0,1.997,126.967,153.927,109.946,0,448.102,53.291,95.068,94.468,118.56,148.089,189.299,9.565,130.095,40.0,,,,,,,,0,idle,0,17,17,0,0
2026-08-27T13:58:36+0800,124.965,70.66,26.449,temp=55.8'C,throttled=0x0,15.0,1.997,126.967,153.927,118.945,0,443.728,53.291,95.068,94.468,118.56,148.089,189.299,9.597,129.389,40.0,,,,,,,,0,idle,0,17,17,0,0
2026-08-27T13:58:37+0800,123.875,70.734,26.449,temp=55.8'C,throttled=0x0,15.0,1.998,127.048,155.313,153.028,0,443.728,53.291,95.068,94.468,118.56,148.089,189.299,9.601,130.177,40.0,,,,,,,,0,idle,0,17,17,0,0
2026-08-27T13:58:38+0800,123.749,70.75,26.449,temp=55.8'C,throttled=0x0,15.0,1.997,126.967,153.927,157.372,0,448.26,53.291,95.068,94.468,118.56,148.089,189.299,9.6,130.177,40.0,,,,,,,,0,idle,0,17,17,0,0
2026-08-27T13:58:39+0800,119.983,70.75,26.449,temp=55.8'C,throttled=0x0,15.0,1.998,126.967,153.927,244.681,0,454.448,53.291,95.068,94.468,118.56,148.089,189.299,9.598,130.177,40.0,,,,,,,,0,idle,0,17,17,0,0
2026-08-27T13:58:40+0800,122.086,70.75,26.449,temp=55.8'C,throttled=0x0,15.0,1.998,126.967,153.927,256.721,0,457.763,53.291,95.068,94.468,118.56,148.089,189.299,9.597,130.177,40.0,,,,,,,,0,idle,0,17,17,0,0
2026-08-27T13:58:41+0800,122.27,70.57,26.449,temp=55.8'C,throttled=0x0,15.0,1.998,126.967,153.927,250.888,0,458.123,53.291,95.068,94.468,118.56,148.089,189.299,9.598,130.177,40.0,,,,,,,,0,idle,0,17,17,0,0
2026-08-27T13:58:42+0800,118.366,70.742,26.449,temp=55.8'C,throttled=0x0,15.0,1.998,126.967,153.927,227.225,0,459.187,53.291,95.068,94.468,118.56,148.089,189.299,9.616,130.177,40.0,,,,,,,,0,idle,0,17,17,0,0
2026-08-27T13:58:43+0800,121.301,70.645,26.449,temp=55.8'C,throttled=0x0,15.0,1.998,126.967,153.927,303.954,0,459.187,53.291,95.068,94.468,118.56,148.089,189.299,9.637,130.177,40.0,,,,,,,,0,idle,0,17,17,0,0
2026-08-27T13:58:44+0800,117.848,70.637,26.449,temp=55.8'C,throttled=0x0,15.0,1.998,126.967,153.927,270.946,0,457.763,53.291,95.068,94.468,118.56,148.089,189.299,9.643,130.177,40.0,,,,,,,,0,idle,0,17,17,0,0
2026-08-27T13:58:45+0800,121.668,70.746,26.449,temp=55.3'C,throttled=0x0,15.0,1.998,126.967,155.313,332.442,0,458.123,53.291,95.068,94.468,118.56,148.089,189.299,9.64,130.177,40.0,,,,,,,,0,idle,0,17,17,0,0
2026-08-27T13:58:46+0800,118.672,70.559,26.449,temp=55.3'C,throttled=0x0,15.0,1.998,126.967,155.313,312.992,0,458.123,53.291,95.068,94.464,118.518,148.089,189.299,9.672,129.389,40.0,,,,,,,,0,idle,0,17,17,0,0
2026-08-27T13:58:47+0800,117.998,70.703,26.449,temp=54.8'C,throttled=0x0,15.0,1.998,126.967,155.313,367.8,0,457.763,53.291,95.068,94.453,117.211,148.089,189.299,9.759,126.694,40.0,,,,,,,,0,idle,0,17,17,0,0
2026-08-27T13:58:48+0800,116.389,71.945,26.449,temp=56.4'C,throttled=0x0,15.0,1.997,126.967,155.313,330.273,0,457.763,52.306,95.068,94.453,116.746,148.089,189.299,9.816,126.421,40.0,,,,,,,,0,playing,0,18,17,0,0
2026-08-27T13:58:49+0800,120.134,73.523,26.449,temp=56.4'C,throttled=0x0,15.0,1.997,126.967,155.313,377.504,0,457.763,51.999,94.354,94.08,115.049,148.089,189.299,9.827,126.421,40.0,,,,,,,,0,playing,0,18,17,0,0
2026-08-27T13:58:50+0800,118.876,73.617,26.449,temp=55.8'C,throttled=0x0,15.0,1.998,126.737,155.313,477.212,0,458.123,51.999,94.354,94.078,114.413,148.089,189.299,9.8,126.545,40.0,,,,,,,,0,playing,0,18,17,0,0
2026-08-27T13:58:51+0800,121.691,70.652,26.449,temp=55.8'C,throttled=0x0,15.0,1.998,126.737,155.313,468.293,0,461.154,52.306,94.354,94.048,114.413,148.089,189.299,9.858,126.164,40.0,,,,,,,,0,playing,0,18,17,0,0
2026-08-27T13:58:52+0800,115.911,70.715,26.449,temp=55.8'C,throttled=0x0,15.0,1.997,126.418,153.927,453.68,0,463.104,53.291,95.068,94.048,114.413,148.089,189.299,9.902,126.164,40.0,,,,,,,,0,idle,0,18,18,0,0
2026-08-27T13:58:53+0800,117.037,70.68,26.449,temp=55.8'C,throttled=0x0,15.0,1.998,126.18,153.927,0.472,0,461.154,53.291,95.068,94.048,114.413,148.089,189.299,9.974,124.627,40.0,,,,,,,,0,idle,0,18,18,0,0
2026-08-27T13:58:54+0800,117.192,70.715,26.449,temp=56.4'C,throttled=0x0,15.0,1.998,125.671,153.927,64.911,0,461.154,54.719,95.068,94.047,114.413,148.089,189.299,10.018,123.114,40.0,,,,,,,,0,idle,0,18,18,0,0
2026-08-27T13:58:55+0800,117.153,70.68,26.449,temp=55.8'C,throttled=0x0,15.0,1.998,125.671,153.927,29.62,0,459.187,54.719,95.068,94.047,114.413,148.089,189.299,10.055,120.767,40.0,,,,,,,,0,idle,0,18,18,0,0
2026-08-27T13:58:56+0800,116.239,70.738,26.449,temp=56.4'C,throttled=0x0,15.0,1.998,125.661,153.677,72.135,0,463.104,55.779,95.068,93.914,114.413,148.089,189.299,10.103,120.356,40.0,,,,,,,,0,idle,0,18,18,0,0
2026-08-27T13:58:57+0800,117.962,70.723,26.449,temp=56.4'C,throttled=0x0,15.0,1.998,125.661,152.607,39.556,0,459.187,54.719,95.068,93.914,113.936,148.089,189.299,10.127,120.767,40.0,,,,,,,,0,idle,0,18,18,0,0
2026-08-27T13:58:58+0800,116.211,70.688,26.449,temp=56.4'C,throttled=0x0,15.0,1.998,125.661,152.607,98.863,0,459.187,54.719,95.068,93.914,113.936,148.089,189.299,10.153,120.356,40.0,,,,,,,,0,idle,0,18,18,0,0
2026-08-27T13:58:59+0800,121.437,70.645,26.449,temp=55.8'C,throttled=0x0,15.0,1.998,125.661,152.607,73.109,0,463.104,54.719,95.068,93.914,113.936,148.089,189.299,10.162,118.891,40.0,,,,,,,,0,idle,0,18,18,0,0
2026-08-27T13:59:00+0800,120.799,70.711,26.449,temp=55.8'C,throttled=0x0,15.0,1.997,125.661,152.607,67.161,0,463.275,54.719,95.068,94.047,113.936,148.089,189.299,10.162,118.834,40.0,,,,,,,,0,idle,0,18,18,0,0
2026-08-27T13:59:01+0800,120.293,70.738,26.449,temp=56.4'C,throttled=0x0,15.0,1.998,125.661,152.607,176.855,0,465.493,54.719,95.068,94.047,113.936,148.089,189.299,10.177,117.72,40.0,,,,,,,,0,idle,0,18,18,0,0
2026-08-27T13:59:02+0800,118.096,70.688,26.449,temp=56.4'C,throttled=0x0,15.0,1.998,125.661,152.607,106.436,0,468.438,55.013,95.792,93.914,113.936,148.089,189.299,10.169,117.72,40.0,,,,,,,,0,idle,0,18,18,0,0
2026-08-27T13:59:03+0800,118.712,70.754,26.449,temp=55.8'C,throttled=0x0,15.0,1.997,125.661,152.607,129.106,0,468.438,55.013,95.792,94.047,113.936,148.089,189.299,10.114,118.891,40.0,,,,,,,,0,idle,0,18,18,0,0
2026-08-27T13:59:04+0800,119.241,70.629,26.449,temp=56.4'C,throttled=0x0,15.0,1.997,125.661,152.607,169.621,0,468.438,55.013,95.792,94.047,113.936,148.089,189.299,10.059,120.356,40.0,,,,,,,,0,idle,0,18,18,0,0
2026-08-27T13:59:05+0800,118.149,70.797,26.449,temp=56.4'C,throttled=0x0,15.0,1.997,125.661,152.607,172.571,0,468.438,55.013,95.792,94.048,113.936,148.089,189.299,10.024,120.767,40.0,,,,,,,,0,idle,0,18,18,0,0
2026-08-27T13:59:06+0800,116.025,70.68,26.449,temp=56.4'C,throttled=0x0,15.0,1.998,125.661,152.607,202.303,0,468.293,54.719,95.792,94.047,113.936,148.089,189.299,10.05,120.767,40.0,,,,,,,,0,playing,0,19,18,0,0
2026-08-27T13:59:07+0800,107.312,70.715,26.449,temp=56.9'C,throttled=0x0,15.0,1.997,125.671,153.677,249.347,0,468.293,54.719,95.792,94.048,113.936,148.089,189.299,10.015,121.274,40.0,,,,,,,,0,playing,0,19,18,0,0
2026-08-27T13:59:08+0800,114.176,70.688,26.449,temp=55.8'C,throttled=0x0,15.0,1.998,125.671,153.677,229.141,0,468.293,54.719,95.792,94.048,113.936,148.089,189.299,10.02,121.274,40.0,,,,,,,,0,playing,0,19,18,0,0
2026-08-27T13:59:09+0800,114.239,70.711,26.449,temp=55.8'C,throttled=0x0,15.0,1.998,125.671,153.677,265.04,0,468.293,54.073,95.792,94.048,113.936,148.089,189.299,10.034,121.274,40.0,,,,,,,,0,idle,0,19,19,0,0
2026-08-27T13:59:10+0800,117.086,70.586,26.449,temp=56.4'C,throttled=0x0,15.0,1.997,126.18,153.677,291.766,0,468.293,53.291,95.792,94.048,113.936,148.089,189.299,10.043,122.083,40.0,,,,,,,,0,idle,0,19,19,0,0
2026-08-27T13:59:11+0800,119.759,70.816,26.449,temp=55.8'C,throttled=0x0,15.0,1.998,125.671,153.677,282.818,0,468.293,54.073,95.792,94.078,113.936,148.089,189.299,10.009,122.736,40.0,,,,,,,,0,idle,0,19,19,0,0
2026-08-27T13:59:12+0800,121.133,70.699,26.449,temp=56.4'C,throttled=0x0,15.0,1.998,125.671,153.927,317.341,0,470.015,53.291,98.712,94.115,113.936,148.089,189.299,9.948,124.816,40.0,,,,,,,,0,idle,0,19,19,0,0
2026-08-27T13:59:13+0800,121.871,70.738,26.449,temp=55.8'C,throttled=0x0,15.0,1.998,125.671,153.927,277.158,0,468.293,54.591,98.712,94.453,114.413,148.089,189.299,9.862,125.421,40.0,,,,,,,,0,idle,0,19,19,0,0
2026-08-27T13:59:15+0800,126.949,70.738,26.449,temp=56.9'C,throttled=0x0,15.0,1.997,125.671,153.927,376.004,0,468.293,54.591,98.712,94.468,115.049,148.089,189.299,9.797,125.435,40.0,,,,,,,,0,idle,0,19,19,0,0
2026-08-27T13:59:16+0800,121.0,70.668,26.449,temp=56.4'C,throttled=0x0,15.0,1.998,125.671,153.927,329.363,0,470.015,54.591,98.712,94.468,115.049,148.089,189.299,9.817,125.421,40.0,,,,,,,,0,idle,0,19,19,0,0
2026-08-27T13:59:17+0800,117.114,73.586,26.449,temp=55.8'C,throttled=0x0,15.0,1.998,125.661,153.677,363.367,0,466.555,54.073,98.712,94.453,114.413,148.089,189.299,9.833,125.421,40.0,,,,,,,,0,idle,0,19,19,0,0
2026-08-27T13:59:18+0800,124.968,73.719,26.449,temp=55.8'C,throttled=0x0,15.0,1.997,125.385,152.693,386.432,0,463.729,53.291,98.712,94.294,114.413,148.089,189.299,9.873,125.421,40.0,,,,,,,,0,idle,0,19,19,0,0
2026-08-27T13:59:19+0800,115.489,70.641,26.449,temp=56.4'C,throttled=0x0,15.0,1.998,125.385,152.693,400.381,0,466.555,54.073,98.712,94.08,114.413,148.089,189.299,9.886,125.421,40.0,,,,,,,,0,idle,0,19,19,0,0
2026-08-27T13:59:20+0800,114.08,70.746,26.449,temp=56.4'C,throttled=0x0,15.0,1.998,125.385,152.693,411.709,0,466.555,54.073,98.712,94.078,114.413,148.089,189.299,9.892,125.421,40.0,,,,,,,,0,idle,0,19,19,0,0
2026-08-27T13:59:21+0800,117.935,70.758,26.449,temp=55.8'C,throttled=0x0,15.0,1.998,125.385,152.693,464.675,0,470.015,54.02,99.222,94.048,114.413,148.089,189.299,9.9,125.017,40.0,,,,,,,,0,idle,0,19,19,0,0
2026-08-27T13:59:22+0800,122.074,70.777,26.449,temp=56.4'C,throttled=0x0,15.0,1.997,125.385,153.677,8.671,0,466.555,54.02,99.222,94.047,114.413,148.089,189.299,9.899,125.435,40.0,,,,,,,,0,idle,0,19,19,0,0
2026-08-27T13:59:23+0800,115.108,70.719,26.449,temp=55.8'C,throttled=0x0,15.0,1.997,125.385,153.677,56.489,0,466.555,54.02,99.222,94.047,114.413,148.089,189.299,9.9,125.435,40.0,,,,,,,,0,idle,0,19,19,0,0
2026-08-27T13:59:24+0800,118.237,70.73,26.449,temp=56.4'C,throttled=0x0,15.0,1.998,125.385,153.677,9.11,0,466.555,53.291,99.222,93.914,114.413,148.089,189.299,9.908,125.435,40.0,,,,,,,,0,idle,0,19,19,0,0
2026-08-27T13:59:25+0800,111.262,70.727,26.449,temp=56.9'C,throttled=0x0,15.0,1.997,125.661,153.927,52.76,0,464.675,52.76,99.222,94.048,114.413,148.089,189.299,9.877,127.447,40.0,,,,,,,,0,playing,0,20,19,0,0
2026-08-27T13:59:26+0800,116.122,70.746,26.449,temp=56.9'C,throttled=0x0,15.0,1.997,125.661,153.927,68.349,0,460.201,52.76,99.222,94.078,114.413,148.089,189.299,9.87,127.447,40.0,,,,,,,,0,playing,0,20,19,0,0
2026-08-27T13:59:27+0800,118.048,70.812,26.449,temp=56.4'C,throttled=0x0,15.0,1.997,125.661,153.927,75.686,0,464.675,53.291,99.222,94.08,114.413,148.089,189.299,9.866,127.447,40.0,,,,,,,,0,playing,0,20,19,0,0
2026-08-27T13:59:28+0800,115.855,70.723,26.449,temp=56.9'C,throttled=0x0,15.0,1.997,125.44,153.927,70.185,0,464.675,54.02,99.222,94.115,114.413,148.089,189.299,9.87,127.447,40.0,,,,,,,,0,playing,0,20,19,0,0
2026-08-27T13:59:29+0800,118.809,70.766,26.449,temp=56.9'C,throttled=0x0,15.0,1.997,125.385,153.927,88.769,0,466.555,54.073,99.222,94.294,114.413,148.089,189.299,9.908,127.447,40.0,,,,,,,,0,playing,0,20,19,0,0
2026-08-27T13:59:30+0800,116.929,70.699,26.449,temp=56.9'C,throttled=0x0,15.0,1.998,124.604,153.927,141.794,0,468.075,54.02,99.222,94.294,114.413,148.089,189.299,9.995,123.539,40.0,,,,,,,,0,idle,0,20,20,0,0
2026-08-27T13:59:31+0800,115.965,70.645,26.449,temp=56.9'C,throttled=0x0,15.0,1.998,123.601,153.927,177.549,0,470.032,54.02,99.222,94.294,114.413,148.089,189.299,10.062,123.37,40.0,,,,,,,,0,idle,0,20,20,0,0
2026-08-27T13:59:32+0800,118.056,70.633,26.449,temp=56.9'C,throttled=0x0,15.0,1.997,123.601,153.927,141.108,0,470.032,53.291,99.222,94.453,114.413,148.089,189.299,10.047,123.37,40.0,,,,,,,,0,idle,0,20,20,0,0
2026-08-27T13:59:33+0800,117.102,70.75,26.449,temp=56.9'C,throttled=0x0,15.0,1.998,123.601,153.927,188.817,0,470.032,53.291,99.222,94.453,114.413,148.089,189.299,10.094,122.656,40.0,,,,,,,,0,idle,0,20,20,0,0
2026-08-27T13:59:34+0800,115.079,70.762,26.449,temp=56.9'C,throttled=0x0,15.0,1.998,123.601,153.927,211.619,0,470.335,52.76,99.222,94.453,114.413,148.089,189.299,10.106,122.656,40.0,,,,,,,,0,idle,0,20,20,0,0
2026-08-27T13:59:35+0800,116.232,70.672,26.449,temp=56.4'C,throttled=0x0,15.0,1.998,123.435,153.927,247.307,0,470.335,52.367,99.222,94.115,114.413,148.089,189.299,10.104,122.656,40.0,,,,,,,,0,idle,0,20,20,0,0
2026-08-27T13:59:36+0800,116.085,70.734,26.449,temp=56.4'C,throttled=0x0,15.0,1.998,123.601,153.927,214.164,0,470.335,52.306,98.712,94.047,114.413,148.089,189.299,10.098,122.656,40.0,,,,,,,,0,idle,0,20,20,0,0
2026-08-27T13:59:37+0800,118.776,70.898,26.449,temp=56.9'C,throttled=0x0,15.0,1.997,123.601,153.927,263.256,0,470.663,52.367,98.712,94.047,114.413,148.089,189.299,10.172,122.541,40.0,,,,,,,,0,idle,0,20,20,0,0
2026-08-27T13:59:38+0800,119.98,70.777,26.449,temp=56.9'C,throttled=0x0,15.0,1.997,124.276,153.927,231.461,0,470.335,52.367,98.712,93.861,114.413,148.089,189.299,10.252,121.739,40.0,,,,,,,,0,idle,0,20,20,0,0
2026-08-27T13:59:39+0800,116.068,70.777,26.449,temp=56.4'C,throttled=0x0,15.0,1.998,124.276,153.927,300.803,0,470.335,52.306,98.712,93.858,114.413,148.089,189.299,10.381,117.444,40.0,,,,,,,,0,idle,0,20,20,0,0
2026-08-27T13:59:40+0800,116.178,70.773,26.449,temp=56.9'C,throttled=0x0,15.0,1.997,124.276,153.927,265.054,0,470.335,51.999,98.712,93.858,114.413,148.089,189.299,10.398,117.444,40.0,,,,,,,,0,idle,0,20,20,0,0
2026-08-27T13:59:41+0800,114.804,70.707,26.449,temp=56.9'C,throttled=0x0,15.0,1.998,124.276,153.927,304.602,0,470.335,51.76,98.712,93.316,114.413,148.089,189.299,10.393,118.828,40.0,,,,,,,,0,idle,0,20,20,0,0
2026-08-27T13:59:42+0800,117.925,70.617,26.449,temp=57.5'C,throttled=0x0,15.0,1.998,124.276,153.927,370.597,0,470.032,51.756,95.792,93.248,113.936,148.089,189.299,10.375,118.828,40.0,,,,,,,,0,idle,0,20,20,0,0
2026-08-27T13:59:43+0800,117.007,70.645,26.449,temp=56.9'C,throttled=0x0,15.0,1.998,124.276,153.927,331.749,0,470.032,51.756,93.196,92.933,113.936,148.089,189.299,10.359,118.92,40.0,,,,,,,,0,idle,0,20,20,0,0
2026-08-27T13:59:44+0800,117.753,72.645,26.449,temp=58.0'C,throttled=0x0,15.0,1.998,124.276,153.927,380.487,0,470.032,51.724,93.077,92.933,113.936,148.089,189.299,10.344,118.92,40.0,,,,,,,,0,playing,0,21,20,0,0
2026-08-27T13:59:45+0800,121.808,73.594,26.449,temp=58.0'C,throttled=0x0,15.0,1.998,124.604,153.927,454.012,0,470.032,51.756,93.077,92.933,113.936,148.089,189.299,10.285,119.275,40.0,,,,,,,,0,playing,0,21,20,0,0
2026-08-27T13:59:46+0800,124.537,70.793,26.449,temp=58.0'C,throttled=0x0,15.0,1.998,124.604,153.927,455.859,0,470.032,51.756,92.521,93.248,113.936,148.089,189.299,10.27,118.98,40.0,,,,,,,,0,playing,0,21,20,0,0
2026-08-27T13:59:47+0800,116.048,70.855,26.449,temp=58.0'C,throttled=0x0,15.0,1.998,124.604,153.927,406.762,0,470.032,51.724,92.521,93.316,113.936,148.089,189.299,10.218,120.9,40.0,,,,,,,,0,playing,0,21,20,0,0
2026-08-27T13:59:48+0800,117.955,70.785,26.449,temp=58.0'C,throttled=0x0,15.0,1.998,124.604,153.927,407.026,0,468.075,51.62,92.521,93.693,113.936,148.089,189.299,10.206,121.61,40.0,,,,,,,,0,playing,0,21,20,0,0
2026-08-27T13:59:49+0800,116.786,70.785,26.449,temp=56.9'C,throttled=0x0,15.0,1.998,124.604,153.927,22.743,0,468.075,51.157,92.521,93.693,113.936,148.089,189.299,10.183,121.61,40.0,,,,,,,,0,playing,0,21,20,0,0
2026-08-27T13:59:50+0800,118.086,70.828,26.449,temp=58.0'C,throttled=0x0,15.0,1.998,124.604,153.927,14.103,0,468.075,51.157,92.521,93.821,113.936,148.089,189.299,10.213,120.9,40.0,,,,,,,,0,idle,0,21,21,0,0
2026-08-27T13:59:51+0800,120.227,70.652,26.449,temp=58.0'C,throttled=0x0,15.0,1.998,124.604,153.835,44.681,0,460.647,51.157,91.615,93.858,113.936,148.089,189.299,10.155,121.61,40.0,,,,,,,,0,idle,0,21,21,0,0
2026-08-27T13:59:52+0800,121.054,70.824,26.449,temp=58.0'C,throttled=0x0,15.0,1.998,125.385,153.927,87.314,0,456.299,50.798,91.615,93.821,113.936,148.089,189.299,10.138,121.61,40.0,,,,,,,,0,idle,0,21,21,0,0
2026-08-27T13:59:53+0800,118.112,70.668,26.449,temp=58.0'C,throttled=0x0,15.0,1.998,124.276,153.927,53.561,0,455.859,51.62,91.615,93.821,113.936,148.089,189.299,10.151,121.61,40.0,,,,,,,,0,idle,0,21,21,0,0
2026-08-27T13:59:54+0800,123.907,70.664,26.449,temp=58.0'C,throttled=0x0,15.0,1.998,123.601,153.835,41.167,0,454.012,51.62,91.615,93.858,113.936,148.089,189.299,10.164,121.61,40.0,,,,,,,,0,idle,0,21,21,0,0
2026-08-27T13:59:55+0800,117.937,70.703,26.449,temp=58.0'C,throttled=0x0,15.0,1.998,123.372,153.677,88.686,0,454.012,51.62,91.615,93.693,113.166,148.089,189.299,10.159,121.61,40.0,,,,,,,,0,idle,0,21,21,0,0
2026-08-27T13:59:56+0800,114.086,70.852,26.449,temp=58.0'C,throttled=0x0,15.0,1.998,123.372,153.677,115.063,0,452.503,51.157,91.615,93.511,112.773,147.736,189.299,10.163,121.61,40.0,,,,,,,,0,idle,0,21,21,0,0
2026-08-27T13:59:57+0800,117.033,70.707,26.449,temp=57.5'C,throttled=0x0,15.0,1.998,122.865,153.677,148.318,0,454.012,51.157,91.615,93.511,112.773,147.736,189.299,10.181,121.61,40.0,,,,,,,,0,idle,0,21,21,0,0
2026-08-27T13:59:58+0800,114.208,70.586,26.449,temp=58.0'C,throttled=0x0,15.0,1.998,122.865,153.677,152.812,0,454.986,50.798,91.615,93.316,112.773,147.736,189.299,10.197,121.61,40.0,,,,,,,,0,idle,0,21,21,0,0
2026-08-27T13:59:59+0800,113.156,70.688,26.449,temp=58.0'C,throttled=0x0,15.0,1.998,122.865,153.677,169.124,0,454.986,50.798,91.615,93.316,112.773,147.736,189.299,10.2,121.61,40.0,,,,,,,,0,idle,0,21,21,0,0
2026-08-27T14:00:00+0800,113.115,70.754,26.449,temp=57.5'C,throttled=0x0,15.0,1.998,122.865,153.677,182.812,0,454.012,49.838,91.615,93.248,112.773,147.736,189.299,10.214,121.61,40.0,,,,,,,,0,idle,0,21,21,0,0
2026-08-27T14:00:01+0800,114.186,70.566,26.449,temp=57.5'C,throttled=0x0,15.0,1.998,122.865,153.677,192.182,0,455.859,49.838,91.615,92.933,112.33,147.736,189.299,10.231,120.948,40.0,,,,,,,,0,idle,0,21,21,0,0
2026-08-27T14:00:02+0800,113.223,70.84,26.449,temp=56.9'C,throttled=0x0,15.0,1.998,122.865,153.677,217.448,0,455.859,49.815,91.025,92.844,111.64,147.736,189.299,10.243,120.9,40.0,,,,,,,,0,idle,0,21,21,0,0
2026-08-27T14:00:03+0800,118.296,70.812,26.449,temp=56.9'C,throttled=0x0,15.0,1.998,122.865,153.677,238.012,0,456.299,49.815,90.916,92.844,111.64,147.736,189.299,10.261,120.227,40.0,,,,,,,,0,idle,0,21,21,0,0
2026-08-27T14:00:04+0800,113.086,70.758,26.449,temp=56.9'C,throttled=0x0,15.0,1.998,122.865,153.677,277.374,0,456.299,48.298,90.916,92.844,111.64,147.736,189.299,10.273,120.227,40.0,,,,,,,,0,idle,0,21,21,0,0
2026-08-27T14:00:05+0800,113.733,70.738,26.449,temp=58.0'C,throttled=0x0,15.0,1.998,122.865,153.677,289.046,0,457.738,48.298,90.916,92.844,111.64,147.736,189.299,10.243,120.863,40.0,,,,,,,,0,playing,0,22,21,0,0
2026-08-27T14:00:07+0800,113.821,70.727,26.449,temp=58.0'C,throttled=0x0,15.0,1.997,122.865,153.677,254.781,0,457.738,49.838,90.916,92.835,111.64,147.736,189.299,10.197,120.948,40.0,,,,,,,,0,playing,0,22,21,0,0
2026-08-27T14:00:08+0800,121.026,70.633,26.449,temp=58.0'C,throttled=0x0,15.0,1.998,122.865,153.677,300.472,0,458.177,49.838,90.916,92.933,111.64,147.736,189.299,10.17,122.448,40.0,,,,,,,,0,playing,0,22,21,0,0
2026-08-27T14:00:09+0800,124.071,70.711,26.449,temp=58.0'C,throttled=0x0,15.0,1.998,122.654,153.677,255.403,0,457.738,48.923,90.916,93.248,111.786,147.736,189.299,10.094,123.299,40.0,,,,,,,,0,playing,0,22,21,0,0
2026-08-27T14:00:10+0800,125.685,70.676,26.449,temp=58.0'C,throttled=0x0,15.0,1.998,122.654,153.677,269.924,0,457.738,48.923,90.916,93.316,112.773,147.736,189.299,9.989,127.829,40.0,,,,,,,,0,playing,0,22,21,0,0
2026-08-27T14:00:11+0800,128.653,70.797,26.449,temp=58.0'C,throttled=0x0,15.0,1.997,122.865,153.835,311.531,0,455.859,49.838,90.916,93.693,113.406,147.736,189.299,9.92,127.829,40.0,,,,,,,,0,playing,0,22,21,0,0
2026-08-27T14:00:12+0800,136.474,73.605,26.449,temp=58.0'C,throttled=0x0,15.0,1.997,122.865,153.927,348.836,0,457.738,50.798,91.615,93.858,114.413,147.736,189.299,9.834,131.383,40.0,,,,,,,,0,playing,0,22,21,0,0
2026-08-27T14:00:13+0800,131.205,73.574,26.449,temp=58.0'C,throttled=0x0,15.0,1.998,122.865,155.313,449.42,0,455.859,49.838,91.615,93.858,114.413,147.736,189.299,9.81,132.488,40.0,,,,,,,,0,playing,0,22,21,0,0
2026-08-27T14:00:14+0800,127.805,70.914,26.449,temp=58.0'C,throttled=0x0,15.0,1.998,122.654,153.927,407.795,0,458.177,51.157,92.521,93.861,114.413,147.736,189.299,9.801,132.06,40.0,,,,,,,,0,playing,0,22,21,0,0
2026-08-27T14:00:15+0800,120.982,71.309,26.449,temp=58.0'C,throttled=0x0,15.0,1.998,122.865,153.927,467.521,0,467.001,51.227,92.521,93.914,114.413,147.736,189.299,9.778,132.06,40.0,,,,,,,,0,playing,0,22,21,0,0
2026-08-27T14:00:16+0800,123.447,71.785,26.449,temp=58.5'C,throttled=0x0,15.0,1.998,122.865,154.327,27.126,0,467.001,51.227,92.521,94.115,114.413,147.736,189.299,9.755,132.06,40.0,,,,,,,,0,playing,0,22,21,0,0
2026-08-27T14:00:17+0800,123.588,68.309,26.449,temp=58.0'C,throttled=0x0,15.0,1.998,122.865,153.927,7.648,0,467.001,51.227,92.521,94.173,114.413,147.736,189.299,9.767,134.092,40.0,,,,,,,,0,idle,0,22,22,0,0
2026-08-27T14:00:18+0800,122.865,68.348,26.449,temp=58.0'C,throttled=0x0,15.0,1.998,122.865,153.927,18.532,0,467.001,51.227,92.521,94.173,114.413,147.736,189.299,9.842,131.383,40.0,,,,,,,,0,idle,0,22,22,0,0
2026-08-27T14:00:19+0800,122.638,68.344,26.449,temp=58.0'C,throttled=0x0,15.0,1.997,122.865,153.927,65.891,0,467.521,51.227,92.521,94.173,114.413,147.736,189.299,9.834,131.383,40.0,,,,,,,,0,idle,0,22,22,0,0
2026-08-27T14:00:20+0800,121.818,68.324,26.449,temp=58.0'C,throttled=0x0,15.0,1.997,123.372,153.927,100.043,0,467.001,51.227,92.521,94.173,114.413,147.736,189.299,9.845,131.383,40.0,,,,,,,,0,idle,0,22,22,0,0
2026-08-27T14:00:21+0800,119.993,68.43,26.449,temp=58.0'C,throttled=0x0,15.0,1.998,123.372,153.927,73.965,0,467.521,51.227,92.521,94.173,114.413,147.736,189.299,9.852,131.155,40.0,,,,,,,,0,idle,0,22,22,0,0
2026-08-27T14:00:22+0800,122.093,68.348,26.449,temp=58.0'C,throttled=0x0,15.0,1.997,123.601,153.927,93.757,0,467.001,51.157,92.521,94.173,114.413,147.736,189.299,9.849,131.155,40.0,,,,,,,,0,idle,0,22,22,0,0
2026-08-27T14:00:23+0800,119.702,68.34,26.449,temp=58.0'C,throttled=0x0,15.0,1.997,123.601,153.927,175.466,0,467.521,51.157,92.521,94.173,114.413,147.736,189.299,9.837,131.155,40.0,,,,,,,,0,idle,0,22,22,0,0
2026-08-27T14:00:24+0800,119.824,68.27,26.449,temp=58.0'C,throttled=0x0,15.0,1.997,123.601,153.927,151.012,0,467.521,51.157,92.521,94.294,114.413,147.736,189.299,9.814,131.155,40.0,,,,,,,,0,idle,0,22,22,0,0
2026-08-27T14:00:25+0800,122.606,68.301,26.449,temp=58.0'C,throttled=0x0,15.0,1.998,123.601,153.927,128.351,0,469.024,51.227,92.521,94.173,113.936,147.736,189.299,9.791,131.155,40.0,,,,,,,,0,idle,0,22,22,0,0
2026-08-27T14:00:26+0800,119.123,68.359,26.449,temp=58.0'C,throttled=0x0,15.0,1.998,123.601,153.927,179.414,0,467.521,51.227,92.521,94.173,113.936,147.736,189.299,9.785,131.155,40.0,,,,,,,,0,idle,0,22,22,0,0
2026-08-27T14:00:27+0800,121.972,68.391,26.449,temp=58.0'C,throttled=0x0,15.0,1.997,123.601,153.927,162.186,0,467.521,51.227,92.521,94.173,113.936,147.736,189.299,9.758,131.155,40.0,,,,,,,,0,idle,0,22,22,0,0
2026-08-27T14:00:28+0800,121.829,68.359,26.449,temp=56.9'C,throttled=0x0,15.0,1.998,123.776,153.927,226.787,0,465.146,51.157,92.521,94.173,113.936,147.736,189.299,9.735,131.155,40.0,,,,,,,,0,idle,0,22,22,0,0
2026-08-27T14:00:29+0800,122.015,68.262,26.449,temp=58.0'C,throttled=0x0,15.0,1.997,123.776,154.327,266.828,0,465.146,51.227,92.521,94.078,113.936,147.736,189.299,9.734,131.155,40.0,,,,,,,,0,idle,0,22,22,0,0
2026-08-27T14:00:30+0800,122.026,68.461,26.449,temp=58.0'C,throttled=0x0,15.0,1.997,123.601,154.327,245.363,0,465.146,51.227,91.615,93.914,113.406,147.736,189.299,9.709,131.155,40.0,,,,,,,,0,idle,0,22,22,0,0
2026-08-27T14:00:31+0800,124.462,68.465,26.449,temp=57.5'C,throttled=0x0,15.0,1.998,123.601,154.327,284.562,0,465.146,51.227,89.61,93.863,113.166,147.736,189.299,9.678,131.155,40.0,,,,,,,,0,playing,0,23,22,0,0
2026-08-27T14:00:32+0800,113.05,68.395,26.449,temp=58.5'C,throttled=0x0,15.0,1.997,123.601,154.327,230.771,0,464.561,51.227,89.61,93.914,113.166,147.736,189.299,9.665,131.155,40.0,,,,,,,,0,playing,0,23,22,0,0
2026-08-27T14:00:33+0800,121.867,68.602,26.449,temp=58.5'C,throttled=0x0,15.0,1.998,123.601,154.327,238.539,0,464.561,51.227,89.61,93.863,112.773,147.736,189.299,9.683,129.733,40.0,,,,,,,,0,playing,0,23,22,0,0
2026-08-27T14:00:34+0800,120.327,69.031,26.449,temp=58.0'C,throttled=0x0,15.0,1.997,123.237,153.835,353.038,0,464.561,51.62,89.61,93.861,112.773,147.736,189.299,9.706,128.558,40.0,,,,,,,,0,playing,0,23,22,0,0
2026-08-27T14:00:35+0800,119.465,69.16,26.449,temp=58.0'C,throttled=0x0,15.0,1.998,122.896,153.835,354.374,0,467.521,51.756,89.61,93.858,112.773,147.736,189.299,9.794,127.829,40.0,,,,,,,,0,playing,0,23,22,0,0
2026-08-27T14:00:36+0800,121.979,69.391,26.449,temp=57.5'C,throttled=0x0,15.0,1.998,122.896,153.835,342.95,0,469.024,51.76,89.61,93.821,112.773,147.736,189.299,9.92,124.84,40.0,,,,,,,,0,idle,0,23,23,0,0
2026-08-27T14:00:37+0800,125.111,72.273,26.449,temp=57.5'C,throttled=0x0,15.0,1.998,122.865,153.835,364.711,0,469.024,51.756,89.574,93.693,112.773,147.736,189.299,10.024,123.045,40.0,,,,,,,,0,idle,0,23,23,0,0
2026-08-27T14:00:38+0800,128.96,72.465,26.449,temp=57.5'C,throttled=0x0,15.0,1.997,122.865,153.835,446.069,0,469.912,51.999,89.574,93.511,112.773,147.736,189.299,10.076,121.556,40.0,,,,,,,,0,idle,0,23,23,0,0
2026-08-27T14:00:39+0800,130.723,69.488,26.449,temp=58.0'C,throttled=0x0,15.0,1.998,122.865,153.835,432.179,0,469.024,52.367,89.574,93.643,112.773,147.736,189.299,10.101,121.373,40.0,,,,,,,,0,idle,0,23,23,0,0
2026-08-27T14:00:40+0800,120.795,69.285,26.449,temp=56.9'C,throttled=0x0,15.0,1.998,122.896,153.835,448.894,0,469.024,52.76,89.574,93.693,112.773,147.736,189.299,10.119,121.364,40.0,,,,,,,,0,idle,0,23,23,0,0
2026-08-27T14:00:41+0800,119.857,69.57,26.449,temp=58.0'C,throttled=0x0,15.0,1.998,122.896,153.835,444.186,0,469.024,52.865,89.574,93.821,112.773,147.736,189.299,10.141,120.965,40.0,,,,,,,,0,idle,0,23,23,0,0
2026-08-27T14:00:42+0800,123.073,69.438,26.449,temp=57.5'C,throttled=0x0,15.0,1.998,122.896,153.835,471.722,0,469.912,52.865,89.191,93.858,112.773,147.736,189.299,10.117,121.066,40.0,,,,,,,,0,idle,0,23,23,0,0
2026-08-27T14:00:43+0800,124.835,69.445,26.449,temp=57.5'C,throttled=0x0,15.0,1.998,122.896,153.835,29.763,0,470.956,53.209,89.191,93.863,113.166,147.736,189.299,10.094,121.364,40.0,,,,,,,,0,idle,0,23,23,0,0
2026-08-27T14:00:44+0800,124.979,69.473,26.449,temp=58.0'C,throttled=0x0,15.0,1.998,122.896,153.835,31.132,0,469.912,52.76,88.769,93.914,113.166,147.736,189.299,10.078,121.556,40.0,,,,,,,,0,idle,0,23,23,0,0
2026-08-27T14:00:45+0800,121.77,69.531,26.449,temp=57.5'C,throttled=0x0,15.0,1.998,122.896,152.693,26.559,0,469.912,52.367,88.562,93.914,113.166,147.736,189.299,10.059,121.875,40.0,,,,,,,,0,idle,0,23,23,0,0
2026-08-27T14:00:46+0800,120.703,69.492,26.449,temp=58.0'C,throttled=0x0,15.0,1.998,122.896,152.693,45.537,0,469.024,52.367,88.562,93.914,113.166,147.736,189.299,10.042,123.045,40.0,,,,,,,,0,idle,0,23,23,0,0
2026-08-27T14:00:47+0800,125.637,69.367,26.449,temp=58.0'C,throttled=0x0,15.0,1.998,122.896,152.693,19.134,0,469.024,52.367,88.562,94.078,113.286,147.736,189.299,9.946,124.292,40.0,,,,,,,,0,idle,0,23,23,0,0
2026-08-27T14:00:48+0800,125.982,69.387,26.449,temp=56.9'C,throttled=0x0,15.0,1.998,122.896,152.693,126.4,0,464.561,52.306,86.596,94.078,113.936,147.736,189.299,9.864,124.84,40.0,,,,,,,,0,idle,0,23,23,0,0
2026-08-27T14:00:49+0800,126.35,69.363,26.449,temp=58.0'C,throttled=0x0,15.0,1.998,122.896,152.693,127.219,0,464.366,52.306,86.596,94.115,115.706,147.736,189.299,9.774,128.231,40.0,,,,,,,,0,idle,0,23,23,0,0
2026-08-27T14:00:50+0800,126.809,69.391,26.449,temp=58.0'C,throttled=0x0,15.0,1.998,122.896,152.876,120.619,0,464.366,51.76,86.596,93.914,116.52,147.736,189.299,9.696,129.955,40.0,,,,,,,,0,idle,0,23,23,0,0
2026-08-27T14:00:51+0800,119.816,69.473,26.449,temp=58.5'C,throttled=0x0,15.0,1.997,123.237,153.835,103.315,0,464.366,52.306,88.562,94.115,116.52,147.736,189.299,9.653,129.955,40.0,,,,,,,,0,playing,0,24,23,0,0
2026-08-27T14:00:52+0800,119.885,69.43,26.449,temp=58.0'C,throttled=0x0,15.0,1.998,122.896,153.835,168.261,0,464.366,52.76,88.562,94.288,116.52,147.736,189.299,9.618,129.955,40.0,,,,,,,,0,playing,0,24,23,0,0
2026-08-27T14:00:53+0800,125.418,69.395,26.449,temp=58.0'C,throttled=0x0,15.0,1.998,122.896,152.876,207.572,0,464.137,52.865,88.562,94.288,116.52,147.736,189.299,9.599,129.955,40.0,,,,,,,,0,playing,0,24,23,0,0
2026-08-27T14:00:55+0800,121.629,69.352,26.449,temp=57.5'C,throttled=0x0,15.0,1.998,122.896,152.876,248.601,0,464.137,53.209,88.562,94.173,116.52,147.736,189.299,9.574,130.059,40.0,,,,,,,,0,playing,0,24,23,0,0
2026-08-27T14:00:56+0800,122.04,69.551,26.449,temp=58.0'C,throttled=0x0,15.0,1.998,122.538,152.876,194.089,0,464.561,53.209,88.562,94.173,116.52,147.736,189.299,9.541,130.059,40.0,,,,,,,,0,playing,0,24,23,0,0
2026-08-27T14:00:57+0800,123.858,69.859,26.449,temp=58.0'C,throttled=0x0,15.0,1.997,122.538,152.876,199.497,0,464.137,52.76,88.562,94.173,116.52,147.736,189.299,9.521,132.286,40.0,,,,,,,,0,playing,0,24,23,0,0
2026-08-27T14:00:58+0800,122.241,70.23,26.449,temp=58.0'C,throttled=0x0,15.0,1.998,122.538,152.876,250.053,0,462.449,52.367,88.562,94.288,116.52,147.736,189.299,9.509,132.286,40.0,,,,,,,,0,idle,0,24,24,0,0
2026-08-27T14:00:59+0800,125.003,70.152,26.449,temp=57.5'C,throttled=0x0,15.0,1.998,122.538,152.876,248.119,0,461.464,52.865,88.562,94.173,116.52,147.736,189.299,9.523,132.286,40.0,,,,,,,,0,idle,0,24,24,0,0
2026-08-27T14:01:00+0800,120.986,70.109,26.449,temp=58.0'C,throttled=0x0,15.0,1.998,122.538,152.876,270.302,0,461.464,53.209,88.562,94.173,116.52,147.736,189.299,9.535,132.286,40.0,,,,,,,,0,idle,0,24,24,0,0
2026-08-27T14:01:01+0800,120.733,70.191,26.449,temp=58.0'C,throttled=0x0,15.0,1.998,122.538,152.876,341.145,0,460.806,53.209,88.562,93.952,116.52,147.736,189.299,9.554,132.286,40.0,,,,,,,,0,idle,0,24,24,0,0
2026-08-27T14:01:02+0800,121.921,70.289,26.449,temp=57.5'C,throttled=0x0,15.0,1.998,122.896,152.876,337.129,0,458.728,53.495,88.562,93.914,116.52,147.736,189.299,9.556,132.286,40.0,,,,,,,,0,idle,0,24,24,0,0
2026-08-27T14:01:03+0800,123.012,70.176,26.449,temp=57.5'C,throttled=0x0,15.0,1.997,122.896,152.876,354.567,0,454.444,53.561,88.562,93.914,116.52,147.736,189.299,9.545,132.286,40.0,,,,,,,,0,idle,0,24,24,0,0
2026-08-27T14:01:04+0800,124.69,71.902,26.449,temp=58.0'C,throttled=0x0,15.0,1.998,122.896,152.876,378.081,0,454.885,54.02,88.562,93.936,116.52,147.736,189.299,9.548,130.059,40.0,,,,,,,,0,idle,0,24,24,0,0
2026-08-27T14:01:05+0800,131.956,73.121,26.449,temp=56.9'C,throttled=0x0,15.0,1.998,122.896,152.876,369.825,0,454.885,54.02,88.562,93.924,116.52,147.736,189.299,9.54,129.955,40.0,,,,,,,,0,idle,0,24,24,0,0
2026-08-27T14:01:06+0800,132.17,70.191,26.449,temp=58.0'C,throttled=0x0,15.0,1.998,122.896,152.876,461.46,0,461.46,54.073,88.562,93.863,116.52,147.736,189.299,9.539,129.955,40.0,,,,,,,,0,idle,0,24,24,0,0
2026-08-27T14:01:07+0800,119.57,70.168,26.449,temp=58.0'C,throttled=0x0,15.0,1.998,123.237,152.876,481.777,0,461.656,54.591,88.265,93.858,116.52,147.736,189.299,9.534,129.686,40.0,,,,,,,,0,idle,0,24,24,0,0
2026-08-27T14:01:08+0800,122.987,70.09,26.449,temp=58.0'C,throttled=0x0,15.0,1.998,123.237,152.876,476.294,0,464.458,54.591,88.562,93.821,116.52,147.736,189.299,9.536,129.686,40.0,,,,,,,,0,idle,0,24,24,0,0
2026-08-27T14:01:09+0800,125.444,70.207,26.449,temp=58.0'C,throttled=0x0,15.0,1.998,123.237,152.876,9.681,0,465.555,54.591,88.265,93.821,116.52,147.736,189.299,9.522,129.686,40.0,,,,,,,,0,idle,0,24,24,0,0
2026-08-27T14:01:10+0800,124.328,70.211,26.449,temp=58.0'C,throttled=0x0,15.0,1.997,123.237,153.523,8.489,0,462.449,54.591,88.265,93.693,116.52,147.736,189.299,9.54,129.437,40.0,,,,,,,,0,idle,0,24,24,0,0
2026-08-27T14:01:11+0800,121.999,70.18,26.449,temp=57.5'C,throttled=0x0,15.0,1.998,123.237,153.523,6.099,0,462.449,54.02,86.464,93.693,116.52,147.736,189.299,9.546,129.437,40.0,,,,,,,,0,idle,0,24,24,0,0
2026-08-27T14:01:12+0800,121.215,70.113,26.449,temp=58.0'C,throttled=0x0,15.0,1.998,123.237,153.523,100.063,0,462.449,54.02,86.464,93.643,116.52,147.736,189.299,9.545,129.437,40.0,,,,,,,,0,idle,0,24,24,0,0
2026-08-27T14:01:13+0800,118.875,70.188,26.449,temp=58.0'C,throttled=0x0,15.0,1.997,123.601,153.835,82.6,0,464.458,54.591,88.265,93.693,116.52,147.736,189.299,9.516,129.686,40.0,,,,,,,,0,playing,0,25,24,0,0
2026-08-27T14:01:14+0800,121.071,68.059,26.449,temp=58.5'C,throttled=0x0,15.0,1.997,123.601,154.327,74.437,0,465.555,54.725,88.265,93.693,116.729,147.736,189.299,9.529,129.686,40.0,,,,,,,,0,playing,0,25,24,0,0
2026-08-27T14:01:15+0800,126.317,67.898,26.449,temp=58.0'C,throttled=0x0,15.0,1.998,123.601,154.327,103.893,0,465.555,54.725,88.265,93.858,116.729,147.736,189.299,9.608,126.713,40.0,,,,,,,,0,playing,0,25,24,0,0
2026-08-27T14:01:16+0800,124.191,68.059,26.449,temp=58.0'C,throttled=0x0,15.0,1.998,123.237,153.835,171.431,0,465.555,54.591,86.464,93.858,116.729,147.736,189.299,9.678,126.257,40.0,,,,,,,,0,playing,0,25,24,0,0
2026-08-27T14:01:17+0800,120.832,68.043,26.449,temp=57.5'C,throttled=0x0,15.0,1.997,122.896,153.835,189.685,0,465.555,54.02,86.464,93.863,116.729,147.736,189.299,9.739,125.903,40.0,,,,,,,,0,idle,0,25,25,0,0
2026-08-27T14:01:18+0800,120.975,67.965,26.449,temp=58.0'C,throttled=0x0,15.0,1.998,122.896,153.835,163.988,0,465.555,54.073,86.464,93.858,116.729,147.736,189.299,9.796,124.47,40.0,,,,,,,,0,idle,0,25,25,0,0
2026-08-27T14:01:19+0800,123.5,68.031,26.449,temp=58.0'C,throttled=0x0,15.0,1.998,122.538,153.835,171.647,0,465.555,54.073,86.164,93.821,116.729,147.736,189.299,9.807,124.47,40.0,,,,,,,,0,idle,0,25,25,0,0
2026-08-27T14:01:20+0800,122.027,68.043,26.449,temp=57.5'C,throttled=0x0,15.0,1.998,122.599,153.835,180.791,0,468.736,54.591,88.265,93.821,116.729,147.736,189.299,9.823,124.099,40.0,,,,,,,,0,idle,0,25,25,0,0
2026-08-27T14:01:21+0800,123.99,68.062,26.449,temp=58.0'C,throttled=0x0,15.0,1.998,122.599,153.523,256.631,0,469.949,54.591,88.265,93.693,116.729,147.736,189.299,9.843,124.099,40.0,,,,,,,,0,idle,0,25,25,0,0
2026-08-27T14:01:22+0800,117.83,68.0,26.449,temp=56.9'C,throttled=0x0,15.0,1.998,122.599,153.523,283.295,0,469.949,54.02,88.265,93.506,116.729,147.736,189.299,9.878,124.099,40.0,,,,,,,,0,idle,0,25,25,0,0
2026-08-27T14:01:23+0800,121.048,68.039,26.449,temp=56.9'C,throttled=0x0,15.0,1.998,122.599,153.523,288.366,0,469.949,53.495,88.265,93.506,116.729,147.736,189.299,9.904,123.527,40.0,,,,,,,,0,idle,0,25,25,0,0
2026-08-27T14:01:24+0800,121.793,67.992,26.449,temp=58.0'C,throttled=0x0,15.0,1.998,122.599,153.523,285.178,0,472.764,53.495,88.265,93.409,116.729,147.736,189.299,9.902,123.527,40.0,,,,,,,,0,idle,0,25,25,0,0
2026-08-27T14:01:25+0800,119.099,68.051,26.449,temp=58.0'C,throttled=0x0,15.0,1.998,122.599,153.523,341.121,0,472.764,53.561,88.265,93.391,116.729,147.736,189.299,9.923,123.527,40.0,,,,,,,,0,idle,0,25,25,0,0
2026-08-27T14:01:26+0800,115.834,67.969,26.449,temp=56.9'C,throttled=0x0,15.0,1.998,122.599,153.523,376.712,0,471.713,53.495,88.265,93.042,116.729,147.736,189.299,9.939,123.527,40.0,,,,,,,,0,idle,0,25,25,0,0
2026-08-27T14:01:27+0800,114.602,68.039,26.449,temp=56.9'C,throttled=0x0,15.0,1.998,122.599,153.523,396.045,0,472.764,53.209,88.265,93.042,116.729,147.736,189.299,9.97,122.933,40.0,,,,,,,,0,idle,0,25,25,0,0
2026-08-27T14:01:28+0800,115.715,69.484,26.449,temp=56.9'C,throttled=0x0,15.0,1.998,122.599,153.523,410.477,0,473.83,52.865,88.72,92.844,116.729,147.736,189.299,10.005,122.725,40.0,,,,,,,,0,idle,0,25,25,0,0
2026-08-27T14:01:29+0800,127.226,70.965,26.449,temp=58.0'C,throttled=0x0,15.0,1.998,122.599,153.835,441.994,0,473.83,52.865,88.72,93.232,116.729,147.736,189.299,10.001,122.933,40.0,,,,,,,,0,idle,0,25,25,0,0
2026-08-27T14:01:30+0800,132.638,71.16,26.449,temp=56.9'C,throttled=0x0,15.0,1.998,122.599,153.835,445.164,0,471.713,53.495,88.72,93.232,116.729,147.736,189.299,9.998,122.905,40.0,,,,,,,,0,idle,0,25,25,0,0
2026-08-27T14:01:31+0800,121.902,68.02,26.449,temp=57.5'C,throttled=0x0,15.0,1.998,122.896,153.835,397.51,0,469.949,53.495,88.72,92.844,116.729,147.736,189.299,10.004,122.905,40.0,,,,,,,,0,idle,0,25,25,0,0
2026-08-27T14:01:32+0800,119.727,68.023,26.449,temp=58.0'C,throttled=0x0,15.0,1.997,122.896,153.835,399.314,0,471.713,53.495,88.72,92.828,116.729,147.736,189.299,10.001,122.905,40.0,,,,,,,,0,playing,0,26,25,0,0
2026-08-27T14:01:33+0800,121.808,68.066,26.449,temp=58.0'C,throttled=0x0,15.0,1.997,122.599,153.523,471.76,0,471.713,53.209,88.72,92.828,116.52,147.736,189.299,9.973,123.923,40.0,,,,,,,,0,playing,0,26,25,0,0
2026-08-27T14:01:34+0800,123.743,68.008,26.449,temp=58.0'C,throttled=0x0,15.0,1.998,122.599,153.523,8.978,0,469.596,53.495,88.72,92.828,115.706,147.736,189.299,9.975,123.923,40.0,,,,,,,,0,playing,0,26,25,0,0
2026-08-27T14:01:35+0800,119.049,68.023,26.449,temp=58.0'C,throttled=0x0,15.0,1.997,122.538,153.523,499.188,0,469.949,53.209,88.72,92.835,115.706,147.736,189.299,9.981,123.923,40.0,,,,,,,,0,idle,0,26,26,0,0
2026-08-27T14:01:36+0800,121.859,67.918,26.449,temp=58.5'C,throttled=0x0,15.0,1.998,122.599,153.523,82.085,0,471.713,53.561,88.769,92.844,115.706,147.736,189.299,9.993,122.933,40.0,,,,,,,,0,idle,0,26,26,0,0
2026-08-27T14:01:37+0800,118.924,68.016,26.449,temp=58.0'C,throttled=0x0,15.0,1.997,122.599,153.523,32.26,0,471.713,53.561,88.72,92.844,115.706,147.736,189.299,10.014,122.905,40.0,,,,,,,,0,idle,0,26,26,0,0
2026-08-27T14:01:38+0800,123.016,67.922,26.449,temp=57.5'C,throttled=0x0,15.0,1.997,122.896,153.523,63.217,0,471.713,54.02,88.72,93.042,115.706,147.736,189.299,10.037,122.335,40.0,,,,,,,,0,idle,0,26,26,0,0
2026-08-27T14:01:39+0800,126.56,68.051,26.449,temp=58.0'C,throttled=0x0,15.0,1.997,123.113,153.523,29.488,0,469.949,53.637,88.72,93.391,116.52,147.736,189.299,9.999,122.438,40.0,,,,,,,,0,idle,0,26,26,0,0
2026-08-27T14:01:40+0800,125.487,68.066,26.449,temp=58.0'C,throttled=0x0,15.0,1.997,123.113,153.523,76.708,0,469.949,53.637,88.265,93.42,116.729,147.736,189.299,9.919,123.923,40.0,,,,,,,,0,idle,0,26,26,0,0
2026-08-27T14:01:41+0800,119.811,68.141,26.449,temp=58.0'C,throttled=0x0,15.0,1.997,123.113,153.523,161.58,0,471.33,54.764,88.265,93.504,116.729,147.736,189.299,9.941,122.933,40.0,,,,,,,,0,idle,0,26,26,0,0
2026-08-27T14:01:43+0800,120.993,67.969,26.449,temp=57.5'C,throttled=0x0,15.0,1.997,123.113,153.523,169.689,0,471.33,56.182,88.265,93.506,116.729,147.736,189.299,9.958,123.16,40.0,,,,,,,,0,idle,0,26,26,0,0
2026-08-27T14:01:44+0800,121.053,68.02,26.449,temp=57.5'C,throttled=0x0,15.0,1.997,123.113,153.523,108.228,0,471.713,56.871,88.72,93.504,116.729,147.736,189.299,9.926,123.799,40.0,,,,,,,,0,idle,0,26,26,0,0
2026-08-27T14:01:45+0800,124.933,68.148,26.449,temp=58.0'C,throttled=0x0,15.0,1.998,123.113,153.835,192.128,0,471.713,56.871,88.769,93.506,116.729,147.736,189.299,9.89,124.339,40.0,,,,,,,,0,idle,0,26,26,0,0
2026-08-27T14:01:46+0800,123.665,67.98,26.449,temp=56.9'C,throttled=0x0,15.0,1.997,123.113,153.835,191.12,0,471.76,56.871,88.892,93.506,116.729,147.736,189.299,9.901,124.339,40.0,,,,,,,,0,idle,0,26,26,0,0
2026-08-27T14:01:47+0800,121.574,68.074,26.449,temp=57.5'C,throttled=0x0,15.0,1.997,123.113,153.835,186.138,0,471.713,56.182,88.892,93.504,116.729,147.736,189.299,9.896,124.339,40.0,,,,,,,,0,idle,0,26,26,0,0
2026-08-27T14:01:48+0800,120.755,68.055,26.449,temp=57.5'C,throttled=0x0,15.0,1.997,123.113,153.835,272.625,0,472.645,56.182,89.574,93.504,116.729,147.736,189.299,9.881,124.339,40.0,,,,,,,,0,idle,0,26,26,0,0
2026-08-27T14:01:49+0800,121.106,68.008,26.449,temp=56.9'C,throttled=0x0,15.0,1.997,123.237,153.835,253.723,0,475.145,56.182,89.574,93.466,116.729,147.736,189.299,9.881,124.339,40.0,,,,,,,,0,idle,0,26,26,0,0
2026-08-27T14:01:50+0800,120.681,68.184,26.449,temp=56.9'C,throttled=0x0,15.0,1.997,123.237,153.835,263.594,0,474.522,56.268,89.574,93.504,116.729,147.736,189.299,9.869,124.339,40.0,,,,,,,,0,idle,0,26,26,0,0
2026-08-27T14:01:51+0800,121.349,68.051,26.449,temp=58.0'C,throttled=0x0,15.0,1.997,123.402,154.327,312.602,0,475.145,56.268,89.574,93.506,116.729,147.736,189.299,9.85,124.886,40.0,,,,,,,,0,playing,0,27,26,0,0
2026-08-27T14:01:52+0800,118.436,68.02,26.449,temp=58.0'C,throttled=0x0,15.0,1.997,123.698,156.133,336.745,0,475.145,56.871,89.574,93.643,116.729,147.736,189.299,9.787,128.891,40.0,,,,,,,,0,playing,0,27,26,0,0
2026-08-27T14:01:53+0800,120.014,68.184,26.449,temp=56.9'C,throttled=0x0,15.0,1.997,123.698,156.133,387.116,0,475.145,56.936,90.791,93.821,116.729,147.736,189.299,9.746,129.587,40.0,,,,,,,,0,playing,0,27,26,0,0
2026-08-27T14:01:54+0800,121.931,68.102,26.449,temp=56.9'C,throttled=0x0,15.0,1.997,123.402,156.133,323.702,0,474.522,56.871,90.791,93.92,116.729,147.736,189.299,9.706,129.587,40.0,,,,,,,,0,playing,0,27,26,0,0
2026-08-27T14:01:55+0800,124.739,69.824,26.449,temp=57.5'C,throttled=0x0,15.0,1.997,123.402,156.133,343.853,0,474.522,56.936,90.791,93.92,116.729,147.736,189.299,9.668,130.333,40.0,,,,,,,,0,idle,0,27,27,0,0
2026-08-27T14:01:56+0800,127.591,70.953,26.449,temp=57.5'C,throttled=0x0,15.0,1.997,123.402,156.133,347.89,0,474.522,57.039,90.791,93.924,116.729,147.736,189.299,9.678,129.587,40.0,,,,,,,,0,idle,0,27,27,0,0
2026-08-27T14:01:57+0800,130.154,71.0,26.449,temp=58.0'C,throttled=0x0,15.0,1.997,123.402,156.133,437.963,0,474.522,57.039,90.791,93.924,116.729,147.736,189.299,9.691,129.587,40.0,,,,,,,,0,idle,0,27,27,0,0
2026-08-27T14:01:58+0800,122.973,68.0,26.449,temp=58.0'C,throttled=0x0,15.0,1.997,123.402,156.133,419.123,0,474.522,57.086,90.791,93.952,116.729,147.736,189.299,9.682,129.587,40.0,,,,,,,,0,idle,0,27,27,0,0
2026-08-27T14:01:59+0800,122.682,68.117,26.449,temp=57.5'C,throttled=0x0,15.0,1.997,123.402,156.133,417.766,0,474.428,57.086,90.791,94.124,116.729,147.736,189.299,9.695,129.587,40.0,,,,,,,,0,idle,0,27,27,0,0
2026-08-27T14:02:00+0800,125.844,68.113,26.449,temp=57.5'C,throttled=0x0,15.0,1.997,123.402,156.133,422.415,0,472.645,57.039,90.791,94.205,116.729,147.736,189.299,9.708,129.587,40.0,,,,,,,,0,idle,0,27,27,0,0
2026-08-27T14:02:01+0800,122.041,68.023,26.449,temp=58.0'C,throttled=0x0,15.0,1.997,123.237,154.327,45.093,0,472.645,56.968,90.791,94.173,116.729,147.736,189.299,9.708,130.333,40.0,,,,,,,,0,idle,0,27,27,0,0
2026-08-27T14:02:02+0800,122.538,68.035,26.449,temp=58.0'C,throttled=0x0,15.0,1.997,123.402,154.327,45.601,0,472.012,56.936,90.791,94.205,116.729,147.736,189.299,9.699,130.333,40.0,,,,,,,,0,idle,0,27,27,0,0
2026-08-27T14:02:03+0800,118.978,68.012,26.449,temp=57.5'C,throttled=0x0,15.0,1.997,123.402,154.327,47.184,0,471.33,56.936,90.791,94.206,116.729,147.736,189.299,9.699,130.333,40.0,,,,,,,,0,idle,0,27,27,0,0
2026-08-27T14:02:04+0800,122.073,68.07,26.449,temp=56.9'C,throttled=0x0,15.0,1.997,123.698,154.327,55.871,0,471.33,56.871,90.791,94.206,116.729,147.736,189.299,9.673,131.184,40.0,,,,,,,,0,idle,0,27,27,0,0
2026-08-27T14:02:05+0800,121.386,68.078,26.449,temp=57.5'C,throttled=0x0,15.0,1.997,123.776,154.327,66.968,0,467.835,56.268,90.791,94.173,116.729,147.736,189.299,9.691,131.184,40.0,,,,,,,,0,idle,0,27,27,0,0
2026-08-27T14:02:06+0800,119.544,68.016,26.449,temp=56.9'C,throttled=0x0,15.0,1.997,123.821,154.327,165.406,0,468.061,56.871,90.791,94.205,116.729,147.736,189.299,9.805,128.152,40.0,,,,,,,,0,idle,0,27,27,0,0
2026-08-27T14:02:07+0800,124.611,68.043,26.449,temp=58.0'C,throttled=0x0,15.0,1.997,123.821,154.983,157.154,0,468.061,56.968,90.791,94.124,116.729,147.736,189.299,9.837,127.797,40.0,,,,,,,,0,idle,0,27,27,0,0
2026-08-27T14:02:08+0800,120.166,68.121,26.449,temp=57.5'C,throttled=0x0,15.0,1.997,123.821,154.983,159.574,0,468.061,57.086,90.791,93.936,116.729,147.736,189.299,9.83,127.797,40.0,,,,,,,,0,idle,0,27,27,0,0
2026-08-27T14:02:09+0800,129.437,67.953,26.449,temp=57.5'C,throttled=0x0,15.0,1.997,123.821,154.983,120.473,0,472.012,57.218,91.072,93.952,116.729,147.736,189.299,9.775,128.891,40.0,,,,,,,,0,playing,0,28,27,0,0
2026-08-27T14:02:10+0800,119.402,68.051,26.449,temp=58.0'C,throttled=0x0,15.0,1.997,123.911,156.133,230.924,0,468.061,57.218,91.27,94.124,117.531,147.736,189.299,9.687,132.681,40.0,,,,,,,,0,playing,0,28,27,0,0
2026-08-27T14:02:11+0800,126.746,68.129,26.449,temp=57.5'C,throttled=0x0,15.0,1.997,123.911,156.133,129.682,0,467.835,57.218,91.27,94.205,119.553,147.736,189.299,9.631,132.807,40.0,,,,,,,,0,playing,0,28,27,0,0
2026-08-27T14:02:12+0800,128.782,68.156,26.449,temp=58.0'C,throttled=0x0,15.0,1.997,123.911,156.133,145.805,0,460.904,57.086,91.27,94.206,121.502,147.736,189.299,9.539,134.602,40.0,,,,,,,,0,playing,0,28,27,0,0
2026-08-27T14:02:13+0800,121.863,68.121,26.449,temp=58.0'C,throttled=0x0,15.0,1.997,123.911,156.133,228.416,0,459.406,57.086,91.27,94.206,121.502,147.736,189.299,9.523,134.778,40.0,,,,,,,,0,idle,0,28,28,0,0
2026-08-27T14:02:14+0800,121.858,68.043,26.449,temp=58.0'C,throttled=0x0,15.0,1.997,123.911,156.133,222.136,0,456.875,57.086,91.27,94.206,121.502,147.736,189.299,9.52,134.778,40.0,,,,,,,,0,idle,0,28,28,0,0
2026-08-27T14:02:15+0800,125.696,68.031,26.449,temp=58.0'C,throttled=0x0,15.0,1.997,123.911,156.133,202.028,0,452.853,56.968,91.27,94.22,121.502,147.736,189.299,9.517,134.778,40.0,,,,,,,,0,idle,0,28,28,0,0
2026-08-27T14:02:16+0800,124.691,68.113,26.449,temp=57.5'C,throttled=0x0,15.0,1.997,123.911,156.133,295.0,0,451.03,56.936,91.27,94.288,121.502,147.736,189.299,9.49,137.349,40.0,,,,,,,,0,idle,0,28,28,0,0
2026-08-27T14:02:17+0800,121.024,68.039,26.449,temp=56.9'C,throttled=0x0,15.0,1.997,123.911,156.133,268.306,0,445.798,56.936,91.27,94.401,121.502,147.736,189.299,9.512,137.349,40.0,,,,,,,,0,idle,0,28,28,0,0
2026-08-27T14:02:18+0800,122.686,67.992,26.449,temp=57.5'C,throttled=0x0,15.0,1.997,123.821,156.133,340.346,0,451.691,56.936,91.27,94.48,121.502,147.736,189.299,9.568,137.349,40.0,,,,,,,,0,idle,0,28,28,0,0
2026-08-27T14:02:19+0800,121.803,68.031,26.449,temp=56.9'C,throttled=0x0,15.0,1.997,123.821,154.983,357.228,0,451.691,56.968,91.27,94.616,121.502,147.736,189.299,9.586,134.778,40.0,,,,,,,,0,idle,0,28,28,0,0
2026-08-27T14:02:20+0800,121.914,68.062,26.449,temp=56.9'C,throttled=0x0,15.0,1.997,123.821,154.327,355.224,0,452.853,57.086,91.27,94.482,121.502,147.736,189.299,9.601,134.778,40.0,,,,,,,,0,idle,0,28,28,0,0
2026-08-27T14:02:21+0800,122.274,69.879,26.449,temp=56.9'C,throttled=0x0,15.0,1.997,123.776,153.523,346.463,0,452.853,56.968,91.27,94.48,121.502,147.736,189.299,9.616,134.602,40.0,,,,,,,,0,idle,0,28,28,0,0
2026-08-27T14:02:22+0800,137.464,68.086,26.449,temp=57.5'C,throttled=0x0,15.0,1.997,123.821,153.523,451.804,0,452.853,57.086,91.27,94.48,121.502,147.736,189.299,9.611,134.602,40.0,,,,,,,,0,idle,0,28,28,0,0
2026-08-27T14:02:23+0800,118.888,68.008,26.449,temp=57.5'C,throttled=0x0,15.0,1.997,123.698,152.766,422.369,0,451.691,57.218,91.27,94.464,121.502,147.736,189.299,9.617,134.602,40.0,,,,,,,,0,idle,0,28,28,0,0
2026-08-27T14:02:24+0800,122.06,67.93,26.449,temp=58.0'C,throttled=0x0,15.0,1.997,123.698,152.766,413.622,0,451.691,57.086,91.27,94.401,121.502,147.736,189.299,9.617,134.602,40.0,,,,,,,,0,idle,0,28,28,0,0
2026-08-27T14:02:25+0800,124.885,68.086,26.449,temp=57.5'C,throttled=0x0,15.0,1.997,123.821,152.876,432.604,0,451.691,57.086,91.27,94.288,119.553,147.736,189.299,9.61,134.602,40.0,,,,,,,,0,idle,0,28,28,0,0
2026-08-27T14:02:26+0800,120.893,68.027,26.449,temp=56.9'C,throttled=0x0,15.0,1.998,124.581,153.523,66.159,0,451.804,57.42,91.27,94.22,119.553,147.736,189.299,9.595,134.778,40.0,,,,,,,,0,idle,0,28,28,0,0
2026-08-27T14:02:27+0800,120.962,68.031,26.449,temp=57.5'C,throttled=0x0,15.0,1.997,123.698,153.523,56.524,0,451.804,57.42,91.27,94.22,117.976,147.736,189.299,9.597,134.602,40.0,,,,,,,,0,idle,0,28,28,0,0
2026-08-27T14:02:28+0800,119.524,68.102,26.449,temp=58.0'C,throttled=0x0,15.0,1.997,123.698,153.523,500.674,0,452.937,57.42,91.27,94.205,117.311,147.736,189.299,9.578,137.349,40.0,,,,,,,,0,playing,0,29,28,0,0
2026-08-27T14:02:29+0800,120.579,68.117,26.449,temp=58.0'C,throttled=0x0,15.0,1.998,123.698,153.523,74.108,0,453.54,58.606,91.27,94.205,116.869,147.736,189.299,9.556,137.349,40.0,,,,,,,,0,playing,0,29,28,0,0
2026-08-27T14:02:31+0800,123.78,68.121,26.449,temp=58.0'C,throttled=0x0,15.0,1.997,123.698,153.523,29.913,0,458.406,58.33,91.27,94.206,116.869,147.736,189.299,9.54,137.349,40.0,,,,,,,,0,playing,0,29,28,0,0
2026-08-27T14:02:32+0800,122.608,68.117,26.449,temp=57.5'C,throttled=0x0,15.0,1.997,123.402,153.523,91.735,0,459.406,59.041,91.735,94.206,116.869,147.736,189.299,9.519,137.361,40.0,,,,,,,,0,playing,0,29,28,0,0
2026-08-27T14:02:33+0800,121.741,68.055,26.449,temp=58.0'C,throttled=0x0,15.0,1.997,123.402,153.523,104.179,0,458.406,58.606,91.735,94.205,116.869,147.736,189.299,9.516,137.361,40.0,,,,,,,,0,idle,0,29,29,0,0
2026-08-27T14:02:34+0800,119.071,68.059,26.449,temp=57.5'C,throttled=0x0,15.0,1.997,123.402,153.523,182.277,0,453.54,59.041,91.735,94.205,116.869,147.736,189.299,9.526,137.361,40.0,,,,,,,,0,idle,0,29,29,0,0
2026-08-27T14:02:35+0800,122.594,68.082,26.449,temp=56.9'C,throttled=0x0,15.0,1.998,123.402,153.523,180.032,0,461.809,59.407,92.708,94.206,116.869,147.736,189.299,9.528,137.361,40.0,,,,,,,,0,idle,0,29,29,0,0
2026-08-27T14:02:36+0800,119.795,68.059,26.449,temp=57.5'C,throttled=0x0,15.0,1.998,123.237,153.523,196.357,0,463.741,59.407,92.708,94.288,116.869,147.736,189.299,9.572,134.211,40.0,,,,,,,,0,idle,0,29,29,0,0
2026-08-27T14:02:37+0800,122.883,68.027,26.449,temp=58.0'C,throttled=0x0,15.0,1.997,123.237,153.523,186.453,0,465.883,59.407,92.708,94.401,116.869,147.736,189.299,9.712,131.504,40.0,,,,,,,,0,idle,0,29,29,0,0
2026-08-27T14:02:38+0800,120.911,68.109,26.449,temp=58.0'C,throttled=0x0,15.0,1.997,123.237,152.876,172.836,0,471.174,59.653,92.708,94.401,116.869,147.736,189.299,9.822,126.065,40.0,,,,,,,,0,idle,0,29,29,0,0
2026-08-27T14:02:39+0800,124.08,68.09,26.449,temp=56.9'C,throttled=0x0,15.0,1.997,123.237,152.876,189.546,0,475.095,59.407,92.708,94.401,116.869,147.736,189.299,9.891,125.471,40.0,,,,,,,,0,idle,0,29,29,0,0
2026-08-27T14:02:40+0800,124.156,68.086,26.449,temp=57.5'C,throttled=0x0,15.0,1.997,123.237,152.876,255.995,0,482.084,60.748,92.744,94.464,116.869,147.736,189.299,9.894,125.471,40.0,,,,,,,,0,idle,0,29,29,0,0
2026-08-27T14:02:41+0800,121.436,68.059,26.449,temp=57.5'C,throttled=0x0,15.0,1.998,123.237,152.876,273.573,0,482.084,61.5,92.744,94.48,116.869,147.736,189.299,9.883,125.471,40.0,,,,,,,,0,idle,0,29,29,0,0
2026-08-27T14:02:42+0800,122.844,68.078,26.449,temp=57.5'C,throttled=0x0,15.0,1.998,123.402,152.876,274.595,0,484.781,61.5,92.744,94.482,116.869,147.736,189.299,9.923,125.089,40.0,,,,,,,,0,idle,0,29,29,0,0
2026-08-27T14:02:43+0800,122.438,68.031,26.449,temp=56.9'C,throttled=0x0,15.0,1.997,123.698,152.876,345.391,0,482.084,61.5,92.744,94.482,116.869,147.736,189.299,9.925,125.089,40.0,,,,,,,,0,idle,0,29,29,0,0
2026-08-27T14:02:44+0800,121.687,68.074,26.449,temp=56.9'C,throttled=0x0,15.0,1.997,123.698,152.876,342.664,0,482.084,61.644,92.744,94.48,116.869,147.736,189.299,9.921,125.089,40.0,,,,,,,,0,idle,0,29,29,0,0
2026-08-27T14:02:45+0800,120.846,68.105,26.449,temp=57.5'C,throttled=0x0,15.0,1.997,124.736,152.876,343.711,0,482.084,62.561,92.744,94.464,116.869,147.736,189.299,9.92,125.471,40.0,,,,,,,,0,idle,0,29,29,0,0
2026-08-27T14:02:46+0800,123.324,68.039,26.449,temp=57.5'C,throttled=0x0,15.0,1.998,124.736,152.876,340.867,0,482.084,62.249,92.744,94.464,116.869,147.736,189.299,9.923,125.471,40.0,,,,,,,,0,idle,0,29,29,0,0
2026-08-27T14:02:47+0800,127.702,69.844,26.449,temp=57.5'C,throttled=0x0,15.0,1.997,125.55,152.876,342.887,0,478.607,62.249,92.744,94.464,116.869,147.736,189.299,9.927,125.089,40.0,,,,,,,,0,idle,0,29,29,0,0
2026-08-27T14:02:48+0800,125.28,70.93,26.449,temp=57.5'C,throttled=0x0,15.0,1.997,125.849,153.523,389.384,0,478.607,62.249,92.763,94.482,116.869,147.736,189.299,9.854,125.879,40.0,,,,,,,,0,playing,0,30,29,0,0
2026-08-27T14:02:49+0800,129.517,68.0,26.449,temp=58.0'C,throttled=0x0,15.0,1.997,126.121,154.983,0.488,0,478.607,61.5,92.744,94.524,116.869,147.736,189.299,9.81,128.553,40.0,,,,,,,,0,playing,0,30,29,0,0
2026-08-27T14:02:50+0800,120.416,68.027,26.449,temp=58.0'C,throttled=0x0,15.0,1.998,126.121,154.983,435.447,0,478.607,61.5,92.744,94.639,116.869,147.736,189.299,9.797,128.553,40.0,,,,,,,,0,playing,0,30,29,0,0
2026-08-27T14:02:51+0800,122.778,68.035,26.449,temp=58.0'C,throttled=0x0,15.0,1.997,126.121,154.983,446.991,0,478.607,61.5,92.744,94.639,116.869,147.736,189.299,9.791,128.475,40.0,,,,,,,,0,idle,0,30,30,0,0
2026-08-27T14:02:52+0800,121.656,68.055,26.449,temp=56.9'C,throttled=0x0,15.0,1.998,126.121,154.983,484.184,0,484.184,62.561,92.744,94.665,116.869,147.736,189.299,9.789,127.067,40.0,,,,,,,,0,idle,0,30,30,0,0
2026-08-27T14:02:53+0800,121.494,67.984,26.449,temp=57.5'C,throttled=0x0,15.0,1.998,126.121,154.983,64.549,0,484.184,63.217,92.744,94.665,116.869,147.736,189.299,9.795,127.067,40.0,,,,,,,,0,idle,0,30,30,0,0
2026-08-27T14:02:54+0800,120.975,68.094,26.449,temp=57.5'C,throttled=0x0,15.0,1.997,126.121,155.694,60.887,0,484.184,62.561,92.744,94.709,116.869,147.736,189.299,9.805,127.067,40.0,,,,,,,,0,idle,0,30,30,0,0
2026-08-27T14:02:55+0800,125.592,68.109,26.449,temp=58.0'C,throttled=0x0,15.0,1.998,126.121,155.698,58.938,0,482.084,61.644,92.744,94.709,116.869,147.736,189.299,9.76,128.475,40.0,,,,,,,,0,idle,0,30,30,0,0
2026-08-27T14:02:56+0800,124.51,68.109,26.449,temp=56.9'C,throttled=0x0,15.0,1.998,125.849,155.698,41.829,0,482.084,60.887,92.744,94.746,117.311,147.736,189.299,9.704,129.159,40.0,,,,,,,,0,idle,0,30,30,0,0
2026-08-27T14:02:57+0800,126.623,68.02,26.449,temp=56.9'C,throttled=0x0,15.0,1.998,125.55,155.698,68.312,0,478.607,61.644,92.744,94.746,117.531,147.736,189.299,9.64,134.001,40.0,,,,,,,,0,idle,0,30,30,0,0
2026-08-27T14:02:58+0800,120.191,68.027,26.449,temp=57.5'C,throttled=0x0,15.0,1.998,125.422,155.698,141.484,0,478.302,61.644,92.744,94.864,117.531,147.736,189.299,9.635,134.001,40.0,,,,,,,,0,idle,0,30,30,0,0
2026-08-27T14:02:59+0800,122.571,68.086,26.449,temp=57.5'C,throttled=0x0,15.0,1.998,124.736,155.698,413.097,0,478.302,61.644,92.744,94.864,117.531,147.736,189.299,9.646,134.001,40.0,,,,,,,,0,idle,0,30,30,0,0
2026-08-27T14:03:00+0800,123.492,68.051,26.449,temp=58.0'C,throttled=0x0,15.0,1.998,123.698,155.698,165.729,0,478.302,61.644,92.744,94.864,117.531,147.736,189.299,9.625,134.001,40.0,,,,,,,,0,idle,0,30,30,0,0
2026-08-27T14:03:01+0800,121.999,68.102,26.449,temp=58.0'C,throttled=0x0,15.0,1.998,123.698,155.694,232.382,0,477.521,61.644,92.744,94.746,117.531,147.736,189.299,9.601,134.066,40.0,,,,,,,,0,idle,0,30,30,0,0
2026-08-27T14:03:02+0800,121.022,68.09,26.449,temp=56.9'C,throttled=0x0,15.0,1.998,123.698,155.694,244.1,0,473.704,61.644,92.744,94.665,117.311,147.736,189.299,9.597,134.066,40.0,,,,,,,,0,idle,0,30,30,0,0
2026-08-27T14:03:03+0800,121.865,68.172,26.449,temp=58.0'C,throttled=0x0,15.0,1.998,123.698,155.694,239.042,0,463.266,61.644,92.744,94.616,117.311,147.736,189.299,9.603,134.066,40.0,,,,,,,,0,idle,0,30,30,0,0
2026-08-27T14:03:04+0800,123.95,68.07,26.449,temp=56.9'C,throttled=0x0,15.0,1.998,123.698,155.694,243.718,0,461.577,61.644,92.744,94.524,116.869,147.736,189.299,9.596,134.066,40.0,,,,,,,,0,idle,0,30,30,0,0
2026-08-27T14:03:05+0800,122.104,68.035,26.449,temp=57.5'C,throttled=0x0,15.0,1.998,123.698,155.694,250.415,0,461.347,61.644,92.744,94.524,116.869,147.736,189.299,9.601,134.066,40.0,,,,,,,,0,idle,0,30,30,0,0
2026-08-27T14:03:06+0800,114.738,68.078,26.449,temp=58.0'C,throttled=0x0,15.0,1.998,123.698,155.694,216.312,0,457.893,62.561,92.744,94.616,116.267,147.736,189.299,9.559,136.537,40.0,,,,,,,,0,playing,0,31,30,0,0
2026-08-27T14:03:07+0800,115.786,68.023,26.449,temp=56.9'C,throttled=0x0,15.0,1.998,123.698,155.694,330.288,0,456.689,62.561,92.744,94.524,116.267,147.736,189.299,9.563,136.537,40.0,,,,,,,,0,playing,0,31,30,0,0
2026-08-27T14:03:08+0800,114.914,68.035,26.449,temp=58.0'C,throttled=0x0,15.0,1.998,123.698,155.694,300.694,0,453.717,61.644,92.708,94.464,116.267,147.736,189.299,9.581,134.066,40.0,,,,,,,,0,playing,0,31,30,0,0
2026-08-27T14:03:09+0800,111.971,67.984,26.449,temp=57.5'C,throttled=0x0,15.0,1.998,123.698,155.694,356.846,0,453.717,61.5,92.708,94.22,116.267,147.736,189.299,9.587,134.066,40.0,,,,,,,,0,playing,0,31,30,0,0
2026-08-27T14:03:10+0800,119.814,67.992,26.449,temp=57.5'C,throttled=0x0,15.0,1.998,123.698,155.694,334.325,0,453.717,62.561,92.708,94.206,116.267,147.736,189.299,9.593,134.066,40.0,,,,,,,,0,idle,0,31,31,0,0
2026-08-27T14:03:11+0800,121.88,68.168,26.449,temp=58.0'C,throttled=0x0,15.0,1.998,123.698,155.694,338.644,0,452.24,61.644,92.708,94.22,116.267,147.736,189.299,9.59,134.066,40.0,,,,,,,,0,idle,0,31,31,0,0
2026-08-27T14:03:12+0800,129.643,71.043,26.449,temp=57.5'C,throttled=0x0,15.0,1.998,123.698,155.694,396.518,0,449.148,61.644,92.708,94.22,116.267,147.736,189.299,9.602,134.066,40.0,,,,,,,,0,idle,0,31,31,0,0
2026-08-27T14:03:13+0800,128.805,71.027,26.449,temp=56.9'C,throttled=0x0,15.0,1.997,123.698,155.694,431.657,0,449.148,61.644,92.708,94.22,116.267,147.736,189.299,9.62,134.066,40.0,,,,,,,,0,idle,0,31,31,0,0
2026-08-27T14:03:14+0800,126.107,68.055,26.449,temp=57.5'C,throttled=0x0,15.0,1.998,123.698,155.694,428.08,0,448.834,61.644,92.708,94.22,116.267,147.736,189.299,9.701,130.527,40.0,,,,,,,,0,idle,0,31,31,0,0
2026-08-27T14:03:15+0800,120.523,68.098,26.449,temp=56.9'C,throttled=0x0,15.0,1.998,123.698,155.694,7.804,0,448.258,61.644,92.708,94.205,116.267,147.736,189.299,9.73,130.527,40.0,,,,,,,,0,idle,0,31,31,0,0
2026-08-27T14:03:16+0800,119.97,68.055,26.449,temp=58.0'C,throttled=0x0,15.0,1.998,123.698,155.694,457.956,0,449.785,62.561,92.708,94.205,116.267,147.736,189.299,9.764,130.527,40.0,,,,,,,,0,idle,0,31,31,0,0
2026-08-27T14:03:17+0800,127.972,68.156,26.449,temp=58.0'C,throttled=0x0,15.0,1.998,123.698,155.694,56.331,0,449.785,61.644,92.708,94.22,116.99,147.736,189.299,9.703,131.481,40.0,,,,,,,,0,idle,0,31,31,0,0
2026-08-27T14:03:18+0800,128.012,68.082,26.449,temp=57.5'C,throttled=0x0,15.0,1.998,123.698,155.694,53.492,0,448.834,60.887,92.708,94.401,117.531,147.736,189.299,9.629,136.537,40.0,,,,,,,,0,idle,0,31,31,0,0
2026-08-27T14:03:20+0800,128.751,68.078,26.449,temp=56.9'C,throttled=0x0,15.0,1.998,123.698,155.694,58.843,0,448.258,59.407,92.708,94.464,118.412,147.736,189.299,9.551,138.983,40.0,,,,,,,,0,idle,0,31,31,0,0
2026-08-27T14:03:21+0800,124.068,68.031,26.449,temp=57.5'C,throttled=0x0,15.0,1.998,123.698,155.694,55.576,0,440.651,59.407,92.708,94.616,118.594,147.736,189.299,9.475,139.263,40.0,,,,,,,,0,idle,0,31,31,0,0
2026-08-27T14:03:22+0800,121.781,68.059,26.449,temp=57.5'C,throttled=0x0,15.0,1.998,123.472,155.694,58.544,0,443.769,59.562,92.708,94.639,118.594,147.736,189.299,9.513,139.101,40.0,,,,,,,,0,idle,0,31,31,0,0
2026-08-27T14:03:23+0800,121.004,68.0,26.449,temp=57.5'C,throttled=0x0,15.0,1.998,123.472,155.599,81.938,0,448.834,59.562,92.708,94.639,118.594,147.736,189.299,9.59,138.837,40.0,,,,,,,,0,idle,0,31,31,0,0
2026-08-27T14:03:24+0800,118.829,67.965,26.449,temp=56.9'C,throttled=0x0,15.0,1.998,123.402,154.983,128.355,0,449.785,59.407,92.708,94.639,118.594,147.736,189.299,9.715,128.675,40.0,,,,,,,,0,idle,0,31,31,0,0
2026-08-27T14:03:25+0800,122.587,67.965,26.449,temp=58.0'C,throttled=0x0,15.0,1.998,123.402,155.599,134.228,0,448.834,59.197,92.708,94.639,118.594,147.736,189.299,9.727,128.073,40.0,,,,,,,,0,playing,0,32,31,0,0
2026-08-27T14:03:26+0800,110.038,68.031,26.449,temp=58.5'C,throttled=0x0,15.0,1.998,123.472,155.694,96.551,0,453.717,59.197,92.744,94.665,118.594,147.736,189.299,9.703,128.073,40.0,,,,,,,,0,playing,0,32,31,0,0
2026-08-27T14:03:27+0800,124.944,68.059,26.449,temp=57.5'C,throttled=0x0,15.0,1.998,124.736,155.694,143.113,0,453.717,58.938,92.744,94.709,118.594,147.736,189.299,9.704,128.073,40.0,,,,,,,,0,playing,0,32,31,0,0
2026-08-27T14:03:28+0800,124.966,68.195,26.449,temp=58.0'C,throttled=0x0,15.0,1.998,124.736,155.694,214.058,0,457.956,58.843,92.763,94.867,118.594,147.736,189.299,9.696,128.073,40.0,,,,,,,,0,playing,0,32,31,0,0
2026-08-27T14:03:29+0800,122.521,68.047,26.445,temp=58.0'C,throttled=0x0,15.0,1.998,124.736,155.694,257.421,0,457.956,58.843,92.763,94.926,118.594,147.736,189.299,9.684,128.073,40.0,,,,,,,,0,playing,0,32,31,0,0
2026-08-27T14:03:30+0800,123.417,68.07,26.445,temp=58.0'C,throttled=0x0,15.0,1.998,124.736,155.694,209.194,0,459.46,58.938,92.763,95.0,118.594,147.736,189.299,9.663,127.922,40.0,,,,,,,,0,playing,0,32,31,0,0
2026-08-27T14:03:31+0800,122.03,68.066,26.445,temp=57.5'C,throttled=0x0,15.0,1.998,124.736,155.694,240.544,0,459.46,58.938,92.763,95.0,118.594,147.736,189.299,9.652,128.073,40.0,,,,,,,,0,playing,0,32,31,0,0
2026-08-27T14:03:32+0800,122.913,68.293,26.445,temp=58.0'C,throttled=0x0,15.0,1.998,124.736,155.694,283.157,0,463.29,59.197,92.763,95.0,118.594,147.736,189.299,9.639,128.073,40.0,,,,,,,,0,playing,0,32,31,0,0
2026-08-27T14:03:33+0800,124.615,68.371,26.445,temp=58.0'C,throttled=0x0,15.0,1.998,124.736,155.694,241.929,0,463.29,59.041,92.763,95.0,118.594,147.736,189.299,9.652,127.922,40.0,,,,,,,,0,idle,0,32,32,0,0
2026-08-27T14:03:34+0800,122.745,68.441,26.445,temp=58.0'C,throttled=0x0,15.0,1.998,124.736,155.694,325.597,0,463.29,58.938,92.763,94.952,118.594,147.736,189.299,9.65,128.073,40.0,,,,,,,,0,idle,0,32,32,0,0
2026-08-27T14:03:35+0800,120.022,68.352,26.445,temp=58.0'C,throttled=0x0,15.0,1.998,124.736,155.694,332.588,0,463.29,58.544,92.763,94.926,118.594,147.736,189.299,9.636,128.073,40.0,,,,,,,,0,idle,0,32,32,0,0
2026-08-27T14:03:36+0800,121.758,68.219,26.445,temp=57.5'C,throttled=0x0,15.0,1.998,124.736,155.694,314.903,0,459.46,58.544,92.763,94.867,118.594,147.736,189.299,9.63,128.073,40.0,,,,,,,,0,idle,0,32,32,0,0
2026-08-27T14:03:37+0800,122.475,68.355,26.445,temp=57.5'C,throttled=0x0,15.0,1.998,124.736,155.694,376.403,0,457.956,58.544,92.763,94.867,118.594,147.736,189.299,9.632,128.073,40.0,,,,,,,,0,idle,0,32,32,0,0
2026-08-27T14:03:38+0800,128.775,71.207,26.445,temp=58.0'C,throttled=0x0,15.0,1.998,124.736,155.694,387.83,0,458.271,58.843,93.383,94.952,118.594,147.736,189.299,9.627,129.175,40.0,,,,,,,,0,idle,0,32,32,0,0
2026-08-27T14:03:39+0800,132.841,71.324,26.445,temp=57.5'C,throttled=0x0,15.0,1.998,124.736,155.694,395.83,0,458.271,58.544,93.383,94.867,118.594,147.736,189.299,9.611,129.175,40.0,,,,,,,,0,idle,0,32,32,0,0
2026-08-27T14:03:40+0800,129.047,68.387,26.445,temp=57.5'C,throttled=0x0,15.0,1.998,124.736,155.694,424.459,0,457.956,58.544,93.383,95.0,118.594,147.736,189.299,9.59,130.416,40.0,,,,,,,,0,idle,0,32,32,0,0
2026-08-27T14:03:41+0800,120.708,68.305,26.445,temp=58.0'C,throttled=0x0,15.0,1.998,124.978,155.694,448.549,0,457.956,58.303,93.383,95.0,118.594,147.736,189.299,9.577,130.416,40.0,,,,,,,,0,idle,0,32,32,0,0
2026-08-27T14:03:42+0800,121.912,68.297,26.445,temp=58.0'C,throttled=0x0,15.0,1.998,124.978,155.694,468.066,0,458.271,57.42,92.763,94.952,118.594,147.736,189.299,9.558,132.143,40.0,,,,,,,,0,idle,0,32,32,0,0
2026-08-27T14:03:43+0800,122.782,68.379,26.445,temp=58.0'C,throttled=0x0,15.0,1.998,124.978,155.698,427.549,0,458.271,58.303,92.763,94.952,118.594,147.736,189.299,9.553,132.143,40.0,,,,,,,,0,idle,0,32,32,0,0
2026-08-27T14:03:44+0800,118.882,68.281,26.445,temp=58.0'C,throttled=0x0,15.0,1.998,124.978,155.698,506.094,0,459.46,57.42,92.763,94.952,118.594,147.736,189.299,9.618,130.416,40.0,,,,,,,,0,idle,0,32,32,0,0
2026-08-27T14:03:45+0800,121.909,68.355,26.445,temp=56.9'C,throttled=0x0,15.0,1.998,124.978,155.698,68.068,0,463.813,57.074,92.763,94.952,118.594,147.736,189.299,9.728,127.922,40.0,,,,,,,,0,idle,0,32,32,0,0
2026-08-27T14:03:46+0800,119.577,68.258,26.445,temp=58.0'C,throttled=0x0,15.0,1.998,124.978,155.698,13.235,0,463.813,57.074,92.763,94.952,118.594,147.736,189.299,9.845,127.654,40.0,,,,,,,,0,idle,0,32,32,0,0
2026-08-27T14:03:47+0800,121.034,68.348,26.445,temp=56.9'C,throttled=0x0,15.0,1.998,124.978,155.698,66.351,0,459.46,57.42,92.763,94.952,118.594,147.736,189.299,9.904,126.876,40.0,,,,,,,,0,idle,0,32,32,0,0
2026-08-27T14:03:48+0800,119.682,68.449,26.445,temp=58.0'C,throttled=0x0,15.0,1.997,125.422,155.698,53.646,0,456.763,57.42,92.763,95.0,118.594,147.736,189.299,9.867,127.744,40.0,,,,,,,,0,playing,0,33,32,0,0
2026-08-27T14:03:49+0800,120.482,68.418,26.445,temp=58.0'C,throttled=0x0,15.0,1.998,125.422,155.698,67.302,0,456.763,58.303,92.763,95.0,118.594,147.736,189.299,9.862,127.744,40.0,,,,,,,,0,playing,0,33,32,0,0
2026-08-27T14:03:50+0800,118.491,68.348,26.445,temp=58.0'C,throttled=0x0,15.0,1.998,125.422,155.698,157.767,0,457.672,58.303,92.744,94.952,118.594,147.736,189.299,9.861,127.654,40.0,,,,,,,,0,playing,0,33,32,0,0
2026-08-27T14:03:51+0800,120.542,68.402,26.445,temp=56.9'C,throttled=0x0,15.0,1.998,125.422,155.698,191.309,0,458.271,58.544,92.763,94.867,118.594,147.736,189.299,9.865,127.744,40.0,,,,,,,,0,playing,0,33,32,0,0
2026-08-27T14:03:52+0800,120.986,68.305,26.445,temp=57.5'C,throttled=0x0,15.0,1.998,125.422,155.698,146.327,0,458.271,58.843,92.763,94.867,118.594,147.736,189.299,9.9,127.654,40.0,,,,,,,,0,idle,0,33,33,0,0
2026-08-27T14:03:53+0800,119.139,68.324,26.445,temp=58.0'C,throttled=0x0,15.0,1.998,125.422,155.694,226.861,0,457.672,58.544,92.763,94.952,118.594,147.736,189.299,9.94,126.876,40.0,,,,,,,,0,idle,0,33,33,0,0
2026-08-27T14:03:54+0800,120.669,68.305,26.445,temp=57.5'C,throttled=0x0,15.0,1.998,125.422,155.694,204.516,0,457.672,58.544,92.763,94.952,118.594,147.736,189.299,9.971,127.654,40.0,,,,,,,,0,idle,0,33,33,0,0
2026-08-27T14:03:55+0800,122.013,68.414,26.445,temp=57.5'C,throttled=0x0,15.0,1.998,125.422,155.694,241.772,0,457.672,58.303,92.763,94.952,118.594,147.736,189.299,10.009,126.876,40.0,,,,,,,,0,idle,0,33,33,0,0
2026-08-27T14:03:56+0800,120.056,68.383,26.445,temp=56.9'C,throttled=0x0,15.0,1.998,125.422,155.694,202.303,0,457.672,58.303,92.763,94.952,118.594,147.736,189.299,10.042,125.457,40.0,,,,,,,,0,idle,0,33,33,0,0
2026-08-27T14:03:57+0800,122.622,68.352,26.445,temp=56.9'C,throttled=0x0,15.0,1.998,125.422,155.694,241.093,0,456.763,58.843,92.763,94.864,118.594,147.736,189.299,10.086,125.457,40.0,,,,,,,,0,idle,0,33,33,0,0
2026-08-27T14:03:58+0800,125.764,68.418,26.445,temp=56.9'C,throttled=0x0,15.0,1.998,124.978,155.698,236.465,0,457.672,58.938,92.763,94.864,118.594,147.736,189.299,10.093,125.547,40.0,,,,,,,,0,idle,0,33,33,0,0
2026-08-27T14:03:59+0800,120.953,68.34,26.445,temp=58.0'C,throttled=0x0,15.0,1.998,124.978,155.694,290.814,0,457.672,58.544,92.763,94.709,118.594,147.736,189.299,10.129,125.457,40.0,,,,,,,,0,idle,0,33,33,0,0
2026-08-27T14:04:00+0800,125.162,68.367,26.445,temp=58.0'C,throttled=0x0,15.0,1.998,124.736,155.694,317.517,0,459.594,58.843,92.763,94.867,118.594,147.736,189.299,10.072,125.547,40.0,,,,,,,,0,idle,0,33,33,0,0
2026-08-27T14:04:01+0800,126.944,68.359,26.445,temp=57.5'C,throttled=0x0,15.0,1.998,124.736,155.694,304.978,0,459.594,58.938,92.744,94.952,118.594,147.736,189.299,9.989,126.876,40.0,,,,,,,,0,idle,0,33,33,0,0
2026-08-27T14:04:02+0800,124.026,68.402,26.445,temp=58.0'C,throttled=0x0,15.0,1.998,124.736,155.694,375.38,0,459.594,58.843,92.744,94.952,118.594,147.736,189.299,9.915,127.744,40.0,,,,,,,,0,idle,0,33,33,0,0
2026-08-27T14:04:03+0800,123.094,68.34,26.445,temp=57.5'C,throttled=0x0,15.0,1.998,124.736,155.694,324.871,0,459.594,58.843,92.763,94.952,118.594,147.736,189.299,9.853,129.175,40.0,,,,,,,,0,idle,0,33,33,0,0
2026-08-27T14:04:04+0800,119.669,69.93,26.445,temp=58.0'C,throttled=0x0,15.0,1.998,124.736,155.694,416.451,0,459.594,58.938,92.763,94.867,118.594,147.736,189.299,9.873,128.909,40.0,,,,,,,,0,idle,0,33,33,0,0
2026-08-27T14:04:05+0800,131.603,71.195,26.445,temp=57.5'C,throttled=0x0,14.9,1.998,124.736,155.694,416.451,0,459.594,58.938,92.763,94.867,118.594,147.736,189.299,9.853,128.909,40.0,,,,,,,,0,idle,0,33,33,0,0
2026-08-27T14:04:06+0800,126.831,68.285,26.445,temp=58.0'C,throttled=0x0,14.9,1.998,123.921,155.694,496.393,0,459.786,59.041,92.763,94.952,118.594,148.089,189.17,9.854,128.909,40.0,,,,,,,,0,playing,0,34,33,0,0
2026-08-27T14:04:08+0800,119.555,68.363,26.445,temp=58.0'C,throttled=0x0,14.9,1.998,124.736,155.694,4.179,0,459.786,58.938,92.763,95.0,118.594,148.089,189.17,9.827,128.446,40.0,,,,,,,,0,playing,0,34,33,0,0
2026-08-27T14:04:09+0800,118.788,68.312,26.445,temp=58.0'C,throttled=0x0,14.9,1.998,124.736,155.694,461.508,0,461.251,59.041,92.763,95.1,118.594,148.089,189.17,9.791,131.909,40.0,,,,,,,,0,playing,0,34,33,0,0
2026-08-27T14:04:10+0800,122.975,68.332,26.445,temp=58.0'C,throttled=0x0,15.1,1.998,124.736,155.694,52.462,0,459.786,59.041,92.763,95.074,118.594,148.089,189.17,9.781,131.909,40.0,,,,,,,,0,idle,0,34,34,0,0
2026-08-27T14:04:11+0800,119.919,68.414,26.445,temp=58.0'C,throttled=0x0,15.1,1.997,124.736,155.694,9.529,0,459.594,59.041,92.763,95.0,118.594,148.089,189.17,9.785,131.909,40.0,,,,,,,,0,idle,0,34,34,0,0
2026-08-27T14:04:12+0800,121.741,68.355,26.445,temp=58.0'C,throttled=0x0,15.1,1.998,124.978,155.694,97.965,0,459.594,59.041,92.763,94.867,118.412,148.089,189.17,9.774,131.909,40.0,,,,,,,,0,idle,0,34,34,0,0
2026-08-27T14:04:13+0800,120.756,68.328,26.445,temp=57.5'C,throttled=0x0,15.1,1.998,124.978,155.694,143.222,0,459.594,58.938,92.763,94.864,118.412,148.089,189.17,9.777,131.909,40.0,,,,,,,,0,idle,0,34,34,0,0
2026-08-27T14:04:14+0800,123.816,68.285,26.445,temp=58.0'C,throttled=0x0,15.1,1.998,124.978,155.694,135.925,0,459.594,58.544,92.763,94.864,118.412,148.089,189.17,9.796,130.777,40.0,,,,,,,,0,idle,0,34,34,0,0
2026-08-27T14:04:15+0800,123.836,68.359,26.445,temp=58.0'C,throttled=0x0,15.0,1.998,124.978,155.694,90.216,0,459.594,57.42,92.763,94.709,118.412,148.089,189.17,9.826,128.446,40.0,,,,,,,,0,idle,0,34,34,0,0
2026-08-27T14:04:16+0800,122.422,68.34,26.445,temp=58.0'C,throttled=0x0,15.0,1.998,124.978,155.694,178.306,0,459.786,57.074,92.744,94.708,118.412,148.089,189.17,9.828,128.446,40.0,,,,,,,,0,idle,0,34,34,0,0
2026-08-27T14:04:17+0800,120.925,68.375,26.445,temp=58.0'C,throttled=0x0,15.0,1.998,125.029,155.694,210.544,0,459.594,56.668,92.744,94.639,118.412,148.089,189.17,9.855,128.446,40.0,,,,,,,,0,idle,0,34,34,0,0
2026-08-27T14:04:18+0800,119.96,68.305,26.445,temp=56.9'C,throttled=0x0,15.0,1.998,125.029,155.694,149.838,0,461.251,57.074,92.744,94.616,118.412,148.089,189.17,9.869,128.371,40.0,,,,,,,,0,idle,0,34,34,0,0
2026-08-27T14:04:19+0800,125.881,68.281,26.445,temp=56.9'C,throttled=0x0,15.0,1.998,125.029,155.694,173.658,0,459.786,57.074,92.744,94.639,118.412,148.089,189.17,9.855,128.371,40.0,,,,,,,,0,idle,0,34,34,0,0
2026-08-27T14:04:20+0800,119.573,68.254,26.445,temp=58.0'C,throttled=0x0,15.0,1.998,125.029,155.694,237.821,0,459.786,57.074,92.744,94.639,118.412,148.089,189.17,9.853,128.371,40.0,,,,,,,,0,idle,0,34,34,0,0
2026-08-27T14:04:21+0800,122.444,68.348,26.445,temp=56.9'C,throttled=0x0,15.0,1.998,124.978,155.599,212.154,0,459.786,56.594,92.744,94.639,118.412,148.089,189.17,9.852,127.588,40.0,,,,,,,,0,idle,0,34,34,0,0
2026-08-27T14:04:22+0800,122.442,68.352,26.445,temp=58.0'C,throttled=0x0,15.0,1.998,124.978,155.599,286.474,0,459.786,56.524,92.744,94.616,118.412,148.089,189.17,9.837,128.371,40.0,,,,,,,,0,idle,0,34,34,0,0
2026-08-27T14:04:23+0800,122.976,68.305,26.445,temp=57.5'C,throttled=0x0,15.0,1.998,124.978,155.599,226.674,0,453.554,56.448,92.744,94.616,118.412,148.089,189.17,9.812,128.371,40.0,,,,,,,,0,idle,0,34,34,0,0
2026-08-27T14:04:24+0800,131.667,68.449,26.445,temp=58.0'C,throttled=0x0,15.0,1.998,124.978,155.599,264.705,0,461.354,56.448,93.569,94.616,118.594,148.089,189.17,9.71,134.33,40.0,,,,,,,,0,playing,0,35,34,0,0
2026-08-27T14:04:25+0800,120.871,68.398,26.445,temp=58.5'C,throttled=0x0,15.0,1.997,124.978,155.599,271.731,0,459.786,56.524,93.569,94.616,121.315,148.089,189.17,9.601,136.025,40.0,,,,,,,,0,playing,0,35,34,0,0
2026-08-27T14:04:26+0800,122.874,68.398,26.445,temp=58.0'C,throttled=0x0,15.0,1.998,124.978,155.599,276.54,0,459.786,56.524,93.569,94.665,121.502,148.089,189.17,9.511,136.948,40.0,,,,,,,,0,playing,0,35,34,0,0
2026-08-27T14:04:27+0800,124.953,68.387,26.445,temp=58.0'C,throttled=0x0,15.0,1.998,124.978,155.599,260.606,0,453.554,56.396,93.569,94.708,121.502,148.089,189.17,9.489,136.948,40.0,,,,,,,,0,playing,0,35,34,0,0
2026-08-27T14:04:28+0800,126.885,68.387,26.445,temp=58.0'C,throttled=0x0,15.0,1.998,124.978,155.599,356.035,0,453.554,56.331,93.569,94.864,121.63,148.089,189.17,9.501,136.969,40.0,,,,,,,,0,playing,0,35,34,0,0
2026-08-27T14:04:29+0800,124.535,68.375,26.445,temp=57.5'C,throttled=0x0,15.0,1.998,124.978,155.599,340.01,0,453.554,56.396,93.569,94.867,121.63,148.089,189.17,9.534,136.665,40.0,,,,,,,,0,idle,0,35,35,0,0
2026-08-27T14:04:30+0800,125.187,71.457,26.445,temp=58.0'C,throttled=0x0,15.0,1.998,124.978,155.599,410.753,0,453.36,56.524,93.569,94.952,121.63,148.089,189.17,9.621,135.84,40.0,,,,,,,,0,idle,0,35,35,0,0
2026-08-27T14:04:31+0800,128.053,71.395,26.445,temp=58.0'C,throttled=0x0,15.0,1.998,124.978,155.599,356.909,0,453.36,56.524,93.569,94.867,121.63,148.089,189.17,9.634,135.84,40.0,,,,,,,,0,idle,0,35,35,0,0
2026-08-27T14:04:32+0800,123.393,68.348,26.441,temp=58.0'C,throttled=0x0,15.0,1.998,125.029,155.694,419.762,0,450.415,56.668,93.569,94.864,121.63,148.089,189.17,9.667,135.451,40.0,,,,,,,,0,idle,0,35,35,0,0
2026-08-27T14:04:33+0800,122.901,68.449,26.441,temp=58.0'C,throttled=0x0,15.0,1.998,125.029,155.694,407.009,0,449.255,56.668,93.569,94.864,121.63,148.089,189.17,9.681,135.451,40.0,,,,,,,,0,idle,0,35,35,0,0
2026-08-27T14:04:34+0800,123.141,68.352,26.441,temp=58.0'C,throttled=0x0,15.0,1.998,125.029,155.698,8.098,0,449.255,56.668,93.569,94.82,121.63,148.089,189.17,9.719,134.803,40.0,,,,,,,,0,idle,0,35,35,0,0
2026-08-27T14:04:35+0800,117.497,68.324,26.441,temp=58.0'C,throttled=0x0,15.0,1.998,124.978,155.698,42.72,0,449.255,56.668,93.569,94.864,121.63,148.089,189.17,9.762,132.451,40.0,,,,,,,,0,idle,0,35,35,0,0
2026-08-27T14:04:36+0800,117.76,68.352,26.441,temp=58.0'C,throttled=0x0,15.0,1.998,123.821,155.694,39.532,0,450.415,56.594,93.569,94.708,121.63,148.089,189.17,9.789,132.451,40.0,,,,,,,,0,idle,0,35,35,0,0
2026-08-27T14:04:37+0800,121.965,68.355,26.441,temp=58.0'C,throttled=0x0,15.0,1.998,123.472,155.599,61.288,0,462.404,56.594,93.569,94.708,121.63,148.089,189.17,9.762,132.451,40.0,,,,,,,,0,idle,0,35,35,0,0
2026-08-27T14:04:38+0800,122.78,68.367,26.441,temp=57.5'C,throttled=0x0,15.0,1.998,123.821,155.599,39.56,0,461.354,56.594,93.569,94.82,121.63,148.089,189.17,9.771,132.451,40.0,,,,,,,,0,idle,0,35,35,0,0
2026-08-27T14:04:39+0800,123.119,68.441,26.441,temp=58.0'C,throttled=0x0,15.0,1.997,123.821,155.599,96.496,0,454.881,56.448,93.569,94.82,121.63,148.089,189.17,9.76,132.451,40.0,,,,,,,,0,idle,0,35,35,0,0
2026-08-27T14:04:40+0800,121.981,68.316,26.441,temp=58.0'C,throttled=0x0,15.0,1.998,123.821,155.599,53.936,0,461.354,56.448,93.569,94.82,121.63,148.089,189.17,9.774,132.451,40.0,,,,,,,,0,idle,0,35,35,0,0
2026-08-27T14:04:41+0800,121.014,68.344,26.441,temp=58.0'C,throttled=0x0,15.0,1.998,123.821,155.599,143.26,0,461.354,56.448,92.763,94.665,121.315,148.089,189.17,9.788,132.451,40.0,,,,,,,,0,idle,0,35,35,0,0
2026-08-27T14:04:42+0800,122.952,68.305,26.441,temp=58.0'C,throttled=0x0,15.0,1.997,123.921,155.599,128.973,0,455.209,56.448,91.826,94.639,119.036,148.089,189.17,9.755,132.451,40.0,,,,,,,,0,idle,0,35,35,0,0
2026-08-27T14:04:43+0800,121.024,68.289,26.441,temp=58.0'C,throttled=0x0,15.0,1.997,123.921,155.599,192.212,0,455.209,56.524,92.4,94.639,118.594,158.99,189.299,9.76,132.451,40.0,,,,,,,,0,idle,0,35,35,0,0
2026-08-27T14:04:44+0800,122.692,68.359,26.441,temp=58.0'C,throttled=0x0,15.0,1.997,124.978,155.599,100.356,0,461.354,56.668,92.763,94.524,118.412,158.99,189.299,9.723,134.803,40.0,,,,,,,,0,playing,0,36,35,0,0
2026-08-27T14:04:45+0800,120.999,68.438,26.441,temp=58.0'C,throttled=0x0,15.0,1.998,124.978,155.599,213.521,0,457.892,57.074,92.763,94.524,118.279,158.99,189.299,9.701,134.993,40.0,,,,,,,,0,playing,0,36,35,0,0
2026-08-27T14:04:46+0800,118.929,68.336,26.441,temp=58.0'C,throttled=0x0,15.0,1.998,124.978,155.599,412.906,0,455.209,57.074,92.763,94.524,118.279,158.99,189.299,9.689,134.993,40.0,,,,,,,,0,playing,0,36,35,0,0
2026-08-27T14:04:47+0800,124.075,68.406,26.441,temp=58.0'C,throttled=0x0,15.0,1.998,124.978,155.599,213.76,0,454.881,57.074,92.763,94.524,118.279,148.089,189.299,9.643,135.84,40.0,,,,,,,,0,playing,0,36,35,0,0
2026-08-27T14:04:48+0800,120.956,68.246,26.441,temp=58.0'C,throttled=0x0,15.0,1.997,124.978,155.599,421.434,0,454.881,57.074,92.763,94.524,118.279,148.089,189.299,9.63,135.84,40.0,,,,,,,,0,playing,0,36,35,0,0
2026-08-27T14:04:49+0800,123.014,68.398,26.441,temp=57.5'C,throttled=0x0,15.0,1.998,124.978,155.599,245.486,0,454.881,58.303,92.763,94.665,118.279,148.089,189.299,9.6,135.849,40.0,,,,,,,,0,playing,0,36,35,0,0
2026-08-27T14:04:50+0800,121.089,68.371,26.441,temp=58.0'C,throttled=0x0,15.0,1.998,124.978,155.694,281.745,0,455.209,58.718,92.763,94.708,118.279,148.089,189.299,9.693,131.326,40.0,,,,,,,,0,playing,0,36,35,0,0
2026-08-27T14:04:51+0800,122.514,68.32,26.441,temp=58.0'C,throttled=0x0,15.0,1.998,125.029,155.694,378.273,0,455.209,58.718,92.763,94.708,118.279,148.089,189.299,9.841,128.21,40.0,,,,,,,,0,idle,0,36,36,0,0
2026-08-27T14:04:52+0800,123.623,68.363,26.441,temp=58.0'C,throttled=0x0,15.0,1.998,125.029,155.694,267.321,0,455.209,58.883,92.763,94.708,118.279,158.99,189.299,9.888,127.621,40.0,,,,,,,,0,idle,0,36,36,0,0
2026-08-27T14:04:53+0800,118.047,68.316,26.441,temp=58.0'C,throttled=0x0,15.0,1.998,125.029,155.694,334.964,0,455.209,58.883,92.763,94.665,118.279,158.99,189.299,9.999,125.954,40.0,,,,,,,,0,idle,0,36,36,0,0
2026-08-27T14:04:54+0800,120.085,68.312,26.441,temp=57.5'C,throttled=0x0,15.0,1.997,125.055,155.694,274.918,0,455.209,58.843,92.763,94.665,118.369,158.99,189.299,9.964,126.303,40.0,,,,,,,,0,idle,0,36,36,0,0
2026-08-27T14:04:55+0800,120.046,68.27,26.441,temp=58.0'C,throttled=0x0,15.0,1.998,125.055,155.694,300.052,0,457.892,58.843,92.763,94.665,118.369,158.99,189.299,9.927,126.349,40.0,,,,,,,,0,idle,0,36,36,0,0
2026-08-27T14:04:56+0800,115.694,68.32,26.441,temp=57.5'C,throttled=0x0,15.0,1.998,125.029,155.694,360.755,0,457.892,58.544,92.763,94.639,118.369,158.99,189.299,9.923,127.382,40.0,,,,,,,,0,idle,0,36,36,0,0
2026-08-27T14:04:57+0800,118.067,71.059,26.441,temp=58.0'C,throttled=0x0,15.0,1.998,125.029,155.694,376.95,0,457.892,58.303,92.763,94.639,118.369,158.99,189.299,9.938,127.382,40.0,,,,,,,,0,idle,0,36,36,0,0
2026-08-27T14:04:59+0800,126.533,71.363,26.441,temp=58.0'C,throttled=0x0,15.0,1.997,125.029,155.694,413.87,0,458.923,57.074,92.763,94.639,118.369,158.99,189.299,9.953,127.382,40.0,,,,,,,,0,idle,0,36,36,0,0
2026-08-27T14:05:00+0800,122.726,68.301,26.441,temp=58.0'C,throttled=0x0,15.0,1.997,123.921,155.694,451.247,0,458.923,57.074,92.763,94.639,118.369,158.99,189.299,9.962,127.382,40.0,,,,,,,,0,idle,0,36,36,0,0
2026-08-27T14:05:01+0800,117.043,68.289,26.441,temp=58.5'C,throttled=0x0,15.0,1.997,123.821,155.599,412.277,0,458.923,58.544,92.763,94.665,118.369,158.99,189.299,9.961,127.382,40.0,,,,,,,,0,idle,0,36,36,0,0
2026-08-27T14:05:02+0800,115.778,68.434,26.441,temp=58.0'C,throttled=0x0,15.0,1.997,123.472,155.059,442.786,0,465.914,58.598,92.763,94.639,118.369,158.99,189.299,9.948,127.382,40.0,,,,,,,,0,idle,0,36,36,0,0
2026-08-27T14:05:03+0800,117.187,68.484,26.441,temp=57.5'C,throttled=0x0,15.0,1.997,123.472,155.059,18.339,0,465.914,58.303,92.763,94.524,118.369,158.99,189.299,9.958,127.382,40.0,,,,,,,,0,idle,0,36,36,0,0
2026-08-27T14:05:04+0800,115.551,68.316,26.441,temp=58.0'C,throttled=0x0,15.0,1.997,123.472,155.059,65.407,0,465.623,58.303,92.763,94.444,118.369,158.99,189.299,9.968,127.382,40.0,,,,,,,,0,idle,0,36,36,0,0
2026-08-27T14:05:05+0800,122.903,68.367,26.441,temp=58.0'C,throttled=0x0,15.0,1.997,123.451,155.059,25.869,0,458.923,56.933,92.4,94.331,118.369,158.99,189.299,9.969,127.382,40.0,,,,,,,,0,idle,0,36,36,0,0
2026-08-27T14:05:06+0800,114.742,68.348,26.441,temp=58.0'C,throttled=0x0,15.0,1.997,123.451,155.059,515.283,0,457.892,56.668,92.4,94.264,118.369,158.99,189.299,9.965,127.382,40.0,,,,,,,,0,playing,0,37,36,0,0
2026-08-27T14:05:07+0800,113.951,68.504,26.441,temp=58.5'C,throttled=0x0,15.0,1.997,123.451,155.059,406.706,0,457.892,56.668,92.4,94.264,118.369,158.99,189.299,9.935,127.382,40.0,,,,,,,,0,playing,0,37,36,0,0
2026-08-27T14:05:08+0800,117.101,68.367,26.441,temp=58.5'C,throttled=0x0,15.0,1.997,123.451,154.268,97.903,0,458.923,56.668,91.826,94.264,118.369,165.59,189.299,9.927,127.382,40.0,,,,,,,,0,playing,0,37,36,0,0
2026-08-27T14:05:09+0800,115.977,68.227,26.441,temp=58.0'C,throttled=0x0,15.0,1.998,123.451,154.011,166.282,0,465.623,56.933,91.826,94.241,118.369,165.59,189.299,9.92,127.382,40.0,,,,,,,,0,playing,0,37,36,0,0
2026-08-27T14:05:10+0800,122.007,68.465,26.441,temp=58.5'C,throttled=0x0,15.0,1.997,123.472,154.011,122.197,0,463.101,56.933,91.826,94.022,118.369,165.59,189.299,9.927,127.382,40.0,,,,,,,,0,idle,0,37,37,0,0
2026-08-27T14:05:11+0800,120.172,68.258,26.441,temp=58.0'C,throttled=0x0,15.0,1.997,123.821,154.011,182.012,0,463.101,56.933,91.826,93.911,118.369,165.59,189.299,10.005,126.303,40.0,,,,,,,,0,idle,0,37,37,0,0
2026-08-27T14:05:12+0800,120.967,68.348,26.441,temp=58.0'C,throttled=0x0,15.0,1.997,123.921,154.011,118.718,0,465.623,56.668,91.826,93.911,118.369,165.59,189.299,9.995,126.303,40.0,,,,,,,,0,idle,0,37,37,0,0
2026-08-27T14:05:13+0800,122.25,68.242,26.441,temp=58.5'C,throttled=0x0,15.0,1.997,124.978,154.011,194.584,0,465.623,56.668,91.826,93.913,118.369,165.59,189.299,9.963,126.303,40.0,,,,,,,,0,idle,0,37,37,0,0
2026-08-27T14:05:14+0800,121.102,68.352,26.441,temp=58.0'C,throttled=0x0,15.0,1.998,125.029,154.011,134.674,0,463.101,56.668,91.703,93.913,118.369,165.59,189.299,9.908,127.382,40.0,,,,,,,,0,idle,0,37,37,0,0
2026-08-27T14:05:15+0800,129.82,68.383,26.441,temp=58.0'C,throttled=0x0,15.0,1.997,125.029,154.011,241.886,0,463.101,56.594,91.703,93.913,118.594,165.59,189.299,9.85,129.624,40.0,,,,,,,,0,idle,0,37,37,0,0
2026-08-27T14:05:16+0800,124.998,68.309,26.441,temp=58.5'C,throttled=0x0,15.0,1.997,125.029,154.011,184.131,0,463.101,56.448,91.703,94.022,118.594,165.59,189.299,9.866,129.624,40.0,,,,,,,,0,idle,0,37,37,0,0
2026-08-27T14:05:17+0800,123.951,68.41,26.441,temp=58.5'C,throttled=0x0,15.0,1.997,125.029,154.268,292.748,0,465.623,56.448,89.554,94.241,118.594,165.59,189.299,9.874,127.488,40.0,,,,,,,,0,idle,0,37,37,0,0
2026-08-27T14:05:18+0800,121.765,68.418,26.441,temp=58.0'C,throttled=0x0,15.0,1.997,125.029,154.268,279.452,0,463.101,56.331,89.554,94.241,118.594,165.59,189.299,9.868,127.488,40.0,,,,,,,,0,idle,0,37,37,0,0
2026-08-27T14:05:19+0800,121.058,68.387,26.441,temp=59.1'C,throttled=0x0,15.0,1.997,125.029,154.268,270.36,0,467.452,56.396,89.554,94.022,118.594,165.59,189.299,9.861,127.488,40.0,,,,,,,,0,idle,0,37,37,0,0
2026-08-27T14:05:20+0800,123.689,68.34,26.441,temp=58.5'C,throttled=0x0,15.0,1.997,125.029,154.268,299.762,0,470.442,56.396,91.703,94.258,118.594,165.59,189.299,9.875,127.488,40.0,,,,,,,,0,idle,0,37,37,0,0
2026-08-27T14:05:21+0800,125.786,68.508,26.441,temp=58.0'C,throttled=0x0,15.0,1.997,125.055,155.032,235.252,0,470.442,55.576,91.703,94.264,118.594,165.59,189.299,9.926,123.3,40.0,,,,,,,,0,idle,0,37,37,0,0
2026-08-27T14:05:22+0800,128.642,68.32,26.441,temp=58.0'C,throttled=0x0,15.0,1.997,125.845,155.032,342.638,0,476.45,55.576,93.896,94.444,118.594,165.59,189.299,9.854,127.488,40.0,,,,,,,,0,idle,0,37,37,0,0
2026-08-27T14:05:23+0800,124.436,68.465,26.441,temp=58.5'C,throttled=0x0,15.0,1.997,125.845,155.032,364.134,0,478.471,55.576,96.551,94.444,118.594,165.59,189.299,9.789,128.934,40.0,,,,,,,,0,idle,0,37,37,0,0
2026-08-27T14:05:24+0800,128.978,71.332,26.441,temp=58.5'C,throttled=0x0,15.0,1.997,125.845,155.032,396.615,0,483.347,55.576,93.896,94.331,118.594,165.59,189.299,9.754,128.934,40.0,,,,,,,,0,playing,0,38,37,0,0
2026-08-27T14:05:25+0800,131.578,68.316,26.441,temp=59.1'C,throttled=0x0,15.0,1.997,125.845,155.032,351.671,0,483.347,55.576,93.896,94.331,121.315,165.59,189.299,9.634,133.306,40.0,,,,,,,,0,playing,0,38,37,0,0
2026-08-27T14:05:26+0800,124.041,68.449,26.441,temp=59.1'C,throttled=0x0,15.0,1.997,125.055,155.032,380.497,0,478.471,55.576,93.896,94.331,121.63,165.59,189.299,9.547,134.396,40.0,,,,,,,,0,playing,0,38,37,0,0
2026-08-27T14:05:27+0800,127.515,68.41,26.441,temp=58.5'C,throttled=0x0,15.0,1.997,125.055,155.032,400.271,0,478.471,54.904,93.896,94.444,122.705,165.59,189.299,9.459,136.733,40.0,,,,,,,,0,playing,0,38,37,0,0
2026-08-27T14:05:28+0800,124.049,68.371,26.441,temp=59.1'C,throttled=0x0,15.0,1.997,125.055,155.032,459.557,0,478.471,54.894,93.896,94.523,122.705,165.59,189.299,9.386,138.294,40.0,,,,,,,,0,playing,0,38,37,0,0
2026-08-27T14:05:29+0800,122.694,68.266,26.441,temp=58.0'C,throttled=0x0,15.0,1.997,125.055,155.032,17.233,0,478.471,53.948,93.896,94.708,122.705,165.59,189.299,9.347,138.294,40.0,,,,,,,,0,idle,0,38,38,0,0
2026-08-27T14:05:30+0800,123.028,68.336,26.441,temp=58.5'C,throttled=0x0,15.0,1.997,125.055,155.032,12.878,0,470.442,53.936,93.896,94.751,122.705,165.59,189.299,9.328,138.294,40.0,,,,,,,,0,idle,0,38,38,0,0
2026-08-27T14:05:31+0800,119.933,68.402,26.441,temp=58.5'C,throttled=0x0,15.0,1.997,125.055,154.477,9.826,0,470.442,53.904,93.896,94.708,121.63,165.59,189.299,9.318,138.294,40.0,,,,,,,,0,idle,0,38,38,0,0
2026-08-27T14:05:32+0800,121.805,68.301,26.441,temp=58.5'C,throttled=0x0,15.0,1.997,125.055,154.477,97.651,0,470.442,53.646,93.896,94.331,121.315,165.59,189.299,9.31,138.294,40.0,,,,,,,,0,idle,0,38,38,0,0
2026-08-27T14:05:33+0800,123.251,68.289,26.441,temp=58.5'C,throttled=0x0,15.0,1.997,125.055,154.477,87.632,0,478.471,53.646,93.896,94.264,121.315,165.59,189.299,9.309,138.294,40.0,,,,,,,,0,idle,0,38,38,0,0
2026-08-27T14:05:34+0800,128.876,68.309,26.441,temp=59.1'C,throttled=0x0,15.0,1.997,125.055,154.477,73.089,0,478.471,53.904,93.896,94.331,121.315,165.59,189.299,9.268,138.526,40.0,,,,,,,,0,idle,0,38,38,0,0
2026-08-27T14:05:35+0800,128.833,68.348,26.441,temp=58.5'C,throttled=0x0,15.0,1.997,125.845,154.477,61.847,0,470.442,53.948,93.896,94.331,121.63,165.59,189.299,9.23,138.526,40.0,,,,,,,,0,idle,0,38,38,0,0
2026-08-27T14:05:36+0800,120.948,68.41,26.441,temp=58.0'C,throttled=0x0,15.0,1.997,125.845,154.477,166.875,0,464.458,54.838,93.896,94.444,121.63,165.59,189.299,9.229,138.526,40.0,,,,,,,,0,idle,0,38,38,0,0
2026-08-27T14:05:37+0800,121.035,68.324,26.441,temp=58.0'C,throttled=0x0,15.0,1.997,125.845,154.011,164.813,0,464.458,54.904,93.896,94.708,121.63,165.59,189.299,9.216,138.526,40.0,,,,,,,,0,idle,0,38,38,0,0
2026-08-27T14:05:38+0800,123.94,68.367,26.441,temp=58.5'C,throttled=0x0,15.0,1.997,125.845,153.885,164.063,0,470.442,56.331,93.896,94.708,121.63,165.59,189.299,9.207,138.526,40.0,,,,,,,,0,idle,0,38,38,0,0
2026-08-27T14:05:39+0800,124.545,68.375,26.441,temp=58.0'C,throttled=0x0,15.0,1.997,125.85,153.885,172.585,0,471.587,56.331,93.896,94.708,123.136,165.59,189.299,9.163,141.174,40.0,,,,,,,,0,idle,0,38,38,0,0
2026-08-27T14:05:40+0800,128.02,68.387,26.441,temp=58.5'C,throttled=0x0,15.0,1.997,125.85,153.885,192.769,0,464.458,56.396,93.896,94.82,123.211,165.59,189.299,9.141,144.565,40.0,,,,,,,,0,idle,0,38,38,0,0
2026-08-27T14:05:41+0800,127.984,68.391,26.441,temp=58.5'C,throttled=0x0,15.0,1.997,125.85,154.011,166.178,0,464.458,56.396,93.896,95.23,123.211,165.59,189.299,9.133,145.684,40.0,,,,,,,,0,idle,0,38,38,0,0
2026-08-27T14:05:42+0800,126.901,68.48,26.438,temp=58.5'C,throttled=0x0,15.0,1.997,126.33,154.477,166.968,0,464.458,55.576,93.896,95.376,123.211,165.59,189.299,9.122,146.791,40.0,,,,,,,,0,idle,0,38,38,0,0
2026-08-27T14:05:43+0800,123.111,68.414,26.438,temp=58.5'C,throttled=0x0,15.0,1.997,126.33,155.032,239.332,0,464.458,54.904,93.896,95.23,123.211,165.59,189.299,9.149,146.791,40.0,,,,,,,,0,idle,0,38,38,0,0
2026-08-27T14:05:44+0800,119.564,68.355,26.438,temp=59.1'C,throttled=0x0,15.0,1.997,126.34,155.059,206.723,0,464.458,54.904,93.896,95.376,123.211,165.59,189.299,9.127,146.791,40.0,,,,,,,,0,playing,0,39,38,0,0
2026-08-27T14:05:45+0800,118.697,68.312,26.438,temp=59.1'C,throttled=0x0,15.0,1.997,126.34,155.059,429.264,0,464.458,54.904,93.896,95.376,123.211,165.59,189.299,9.1,146.791,40.0,,,,,,,,0,playing,0,39,38,0,0
2026-08-27T14:05:46+0800,122.87,68.285,26.438,temp=59.1'C,throttled=0x0,15.0,1.997,126.34,155.059,348.437,0,464.458,54.904,93.896,95.76,123.211,158.99,189.299,9.078,146.791,40.0,,,,,,,,0,playing,0,39,38,0,0
2026-08-27T14:05:47+0800,122.924,68.363,26.438,temp=58.0'C,throttled=0x0,15.0,1.997,126.34,155.059,267.918,0,471.587,55.358,93.896,95.476,123.211,158.99,189.299,9.067,146.791,40.0,,,,,,,,0,playing,0,39,38,0,0
2026-08-27T14:05:48+0800,123.069,68.336,26.438,temp=58.5'C,throttled=0x0,15.0,1.997,126.34,155.059,302.748,0,463.893,54.894,93.896,95.376,123.211,158.99,189.299,9.074,146.791,40.0,,,,,,,,0,playing,0,39,38,0,0
2026-08-27T14:05:50+0800,121.588,68.352,26.438,temp=59.1'C,throttled=0x0,15.0,1.997,126.34,155.059,340.497,0,463.551,54.894,93.896,95.376,123.211,158.99,189.299,9.098,146.791,40.0,,,,,,,,0,idle,0,39,39,0,0
2026-08-27T14:05:51+0800,124.051,70.117,26.438,temp=58.5'C,throttled=0x0,15.0,1.997,126.34,155.059,343.459,0,459.924,54.838,93.896,95.23,121.63,158.99,189.299,9.172,144.565,40.0,,,,,,,,0,idle,0,39,39,0,0
2026-08-27T14:05:52+0800,130.382,71.336,26.438,temp=58.5'C,throttled=0x0,15.0,1.997,126.34,155.059,439.582,0,458.407,54.838,93.896,94.871,121.63,158.99,189.299,9.174,144.565,40.0,,,,,,,,0,idle,0,39,39,0,0
2026-08-27T14:05:53+0800,133.019,71.316,26.438,temp=58.5'C,throttled=0x0,15.0,1.997,126.34,155.032,447.596,0,455.369,54.838,93.896,94.751,121.63,158.99,189.299,9.272,139.051,40.0,,,,,,,,0,idle,0,39,39,0,0
2026-08-27T14:05:54+0800,123.605,68.332,26.438,temp=58.5'C,throttled=0x0,15.0,1.998,126.33,154.477,426.404,0,455.369,53.936,93.896,94.708,121.63,158.99,189.299,9.371,135.18,40.0,,,,,,,,0,idle,0,39,39,0,0
2026-08-27T14:05:55+0800,123.594,68.371,26.438,temp=59.1'C,throttled=0x0,15.0,1.997,126.33,154.477,424.641,0,455.369,53.646,93.896,94.523,121.63,158.99,189.299,9.463,133.378,40.0,,,,,,,,0,idle,0,39,39,0,0
2026-08-27T14:05:56+0800,120.93,68.332,26.438,temp=58.5'C,throttled=0x0,15.0,1.998,125.85,154.477,423.803,0,455.369,53.646,93.896,94.523,121.63,158.99,189.299,9.502,132.512,40.0,,,,,,,,0,idle,0,39,39,0,0
2026-08-27T14:05:57+0800,122.702,68.344,26.438,temp=59.1'C,throttled=0x0,15.0,1.997,125.85,154.011,52.01,0,453.228,53.646,93.896,94.523,121.63,158.99,189.299,9.49,133.285,40.0,,,,,,,,0,idle,0,39,39,0,0
2026-08-27T14:05:58+0800,123.046,68.387,26.438,temp=58.0'C,throttled=0x0,15.0,1.997,125.85,154.011,75.021,0,458.274,53.646,92.4,94.523,121.63,158.99,189.299,9.483,133.285,40.0,,,,,,,,0,idle,0,39,39,0,0
2026-08-27T14:05:59+0800,121.171,68.402,26.438,temp=58.5'C,throttled=0x0,15.0,1.997,126.34,154.011,74.441,0,458.983,54.838,92.4,94.444,121.63,158.99,189.299,9.485,133.285,40.0,,,,,,,,0,idle,0,39,39,0,0
2026-08-27T14:06:00+0800,120.772,68.348,26.438,temp=58.0'C,throttled=0x0,15.0,1.998,126.34,154.011,77.728,0,460.815,54.894,91.703,94.331,121.63,158.99,189.299,9.48,133.285,40.0,,,,,,,,0,idle,0,39,39,0,0
2026-08-27T14:06:01+0800,122.87,68.387,26.438,temp=58.5'C,throttled=0x0,15.0,1.997,126.34,154.011,83.39,0,463.551,54.904,91.703,94.264,121.63,158.99,189.299,9.506,132.512,40.0,,,,,,,,0,idle,0,39,39,0,0
2026-08-27T14:06:02+0800,124.772,68.262,26.438,temp=58.0'C,throttled=0x0,15.0,1.997,125.85,154.011,52.113,0,463.551,54.904,91.703,94.264,121.63,158.99,189.299,9.544,132.201,40.0,,,,,,,,0,idle,0,39,39,0,0
2026-08-27T14:06:03+0800,125.89,68.34,26.438,temp=59.1'C,throttled=0x0,15.0,1.998,125.85,154.011,69.931,0,463.551,55.358,91.703,94.264,121.63,158.99,189.299,9.478,133.285,40.0,,,,,,,,0,idle,0,39,39,0,0
2026-08-27T14:06:04+0800,126.966,68.336,26.438,temp=58.0'C,throttled=0x0,15.0,1.998,125.85,154.011,159.144,0,463.551,55.358,89.554,94.331,121.63,158.99,189.299,9.404,135.213,40.0,,,,,,,,0,idle,0,39,39,0,0
2026-08-27T14:06:05+0800,113.806,68.348,26.438,temp=59.6'C,throttled=0x0,15.0,1.997,125.85,154.477,117.031,0,463.093,56.396,89.554,94.444,121.63,158.99,189.299,9.382,137.108,40.0,,,,,,,,0,playing,0,40,39,0,0
2026-08-27T14:06:06+0800,112.955,68.309,26.438,temp=58.5'C,throttled=0x0,15.0,1.998,125.85,155.032,150.69,0,460.815,56.396,89.554,94.523,121.63,158.99,189.299,9.373,137.108,40.0,,,,,,,,0,playing,0,40,39,0,0
2026-08-27T14:06:07+0800,115.328,68.324,26.438,temp=59.1'C,throttled=0x0,15.0,1.998,125.85,155.032,214.83,0,453.228,55.358,89.368,94.444,121.63,158.99,189.299,9.46,133.378,40.0,,,,,,,,0,playing,0,40,39,0,0
2026-08-27T14:06:08+0800,113.163,68.414,26.438,temp=58.0'C,throttled=0x0,15.0,1.998,125.85,155.032,194.39,0,453.228,55.358,89.368,94.331,121.63,158.99,189.299,9.552,132.512,40.0,,,,,,,,0,idle,0,40,40,0,0
2026-08-27T14:06:09+0800,111.236,68.359,26.438,temp=58.0'C,throttled=0x0,15.0,1.998,125.85,155.032,201.473,0,458.407,56.396,89.368,94.264,121.63,158.99,189.299,9.687,129.727,40.0,,,,,,,,0,idle,0,40,40,0,0
2026-08-27T14:06:10+0800,113.108,68.395,26.438,temp=58.5'C,throttled=0x0,15.0,1.998,125.85,155.032,294.166,0,460.815,56.396,89.368,94.264,121.63,158.99,189.299,9.755,129.45,40.0,,,,,,,,0,idle,0,40,40,0,0
2026-08-27T14:06:11+0800,118.104,68.449,26.438,temp=58.0'C,throttled=0x0,15.0,1.998,126.34,155.032,233.0,0,463.093,55.574,89.368,94.264,121.63,158.99,189.299,9.819,129.134,40.0,,,,,,,,0,idle,0,40,40,0,0
2026-08-27T14:06:12+0800,114.145,68.289,26.438,temp=58.0'C,throttled=0x0,15.0,1.998,126.34,155.032,339.471,0,463.093,55.574,89.368,94.264,121.63,158.99,189.299,9.872,128.197,40.0,,,,,,,,0,idle,0,40,40,0,0
2026-08-27T14:06:13+0800,114.917,68.48,26.438,temp=58.0'C,throttled=0x0,15.0,1.998,126.34,154.477,329.137,0,460.815,55.574,89.368,94.264,121.63,158.99,189.299,9.935,126.296,40.0,,,,,,,,0,idle,0,40,40,0,0
2026-08-27T14:06:14+0800,115.021,68.301,26.438,temp=58.0'C,throttled=0x0,15.0,1.998,126.34,154.477,378.634,0,460.815,55.358,89.368,94.264,121.63,158.99,189.299,9.968,123.203,40.0,,,,,,,,0,idle,0,40,40,0,0
2026-08-27T14:06:15+0800,116.16,68.398,26.438,temp=58.0'C,throttled=0x0,15.0,1.998,125.85,154.011,355.992,0,463.093,55.574,89.368,94.264,121.63,158.99,189.299,10.024,122.452,40.0,,,,,,,,0,idle,0,40,40,0,0
2026-08-27T14:06:16+0800,120.995,68.234,26.438,temp=58.0'C,throttled=0x0,15.0,1.998,125.85,154.011,335.856,0,463.574,55.574,89.368,94.264,121.63,158.99,189.299,10.037,122.452,40.0,,,,,,,,0,idle,0,40,40,0,0
2026-08-27T14:06:17+0800,121.146,71.191,26.438,temp=58.0'C,throttled=0x0,15.0,1.998,125.85,154.011,429.2,0,465.188,55.574,89.368,94.264,121.63,158.99,189.299,10.092,122.091,40.0,,,,,,,,0,idle,0,40,40,0,0
2026-08-27T14:06:18+0800,127.744,71.277,26.438,temp=58.0'C,throttled=0x0,15.0,1.998,125.85,154.011,456.52,0,465.188,55.358,89.368,94.264,121.63,158.99,189.299,10.108,122.091,40.0,,,,,,,,0,idle,0,40,40,0,0
2026-08-27T14:06:19+0800,114.777,68.297,26.438,temp=58.0'C,throttled=0x0,15.0,1.998,125.845,154.011,497.808,0,465.401,55.325,89.368,94.264,121.63,158.99,189.299,10.13,121.862,40.0,,,,,,,,0,idle,0,40,40,0,0
2026-08-27T14:06:20+0800,116.222,68.34,26.438,temp=58.0'C,throttled=0x0,15.0,1.998,125.272,154.011,13.512,0,465.401,54.904,89.194,94.264,121.63,158.99,189.299,10.157,121.386,40.0,,,,,,,,0,idle,0,40,40,0,0
2026-08-27T14:06:21+0800,117.921,68.406,26.438,temp=58.0'C,throttled=0x0,15.0,1.998,125.272,154.011,9.336,0,465.401,54.904,89.194,94.264,121.63,158.99,189.299,10.198,120.946,40.0,,,,,,,,0,idle,0,40,40,0,0
2026-08-27T14:06:22+0800,113.146,68.188,26.438,temp=58.0'C,throttled=0x0,15.0,1.998,125.194,154.011,7.184,0,465.188,54.904,89.194,94.264,121.63,158.99,189.299,10.267,120.513,40.0,,,,,,,,0,idle,0,40,40,0,0
2026-08-27T14:06:23+0800,115.0,68.445,26.438,temp=58.0'C,throttled=0x0,15.0,1.997,125.194,154.011,67.014,0,465.188,55.325,89.194,94.264,121.63,158.99,189.299,10.27,120.946,40.0,,,,,,,,0,playing,0,41,40,0,0
2026-08-27T14:06:24+0800,114.736,68.34,26.438,temp=59.1'C,throttled=0x0,15.0,1.998,125.15,154.011,89.206,0,467.135,55.325,89.206,94.264,121.63,158.99,189.299,10.268,121.103,40.0,,,,,,,,0,playing,0,41,40,0,0
2026-08-27T14:06:25+0800,115.029,68.359,26.438,temp=58.5'C,throttled=0x0,15.0,1.998,125.15,154.011,126.817,0,467.135,55.358,89.206,94.331,121.63,158.99,189.299,10.289,121.103,40.0,,,,,,,,0,playing,0,41,40,0,0
2026-08-27T14:06:26+0800,117.083,68.258,26.438,temp=58.0'C,throttled=0x0,15.0,1.998,125.15,154.011,146.905,0,464.578,55.358,89.206,94.264,121.63,158.99,189.299,10.296,121.113,40.0,,,,,,,,0,playing,0,41,40,0,0
2026-08-27T14:06:27+0800,118.909,68.336,26.438,temp=58.0'C,throttled=0x0,15.0,1.998,125.15,154.011,129.015,0,464.578,54.838,89.206,94.049,121.63,158.99,189.299,10.416,120.946,40.0,,,,,,,,0,playing,0,41,40,0,0
2026-08-27T14:06:28+0800,113.167,68.395,26.438,temp=59.1'C,throttled=0x0,15.0,1.998,125.15,154.011,166.809,0,465.188,55.325,89.206,93.914,121.63,158.99,189.299,10.521,119.272,40.0,,,,,,,,0,playing,0,41,40,0,0
2026-08-27T14:06:29+0800,120.132,68.363,26.438,temp=59.1'C,throttled=0x0,15.0,1.998,125.15,154.011,189.57,0,467.135,54.75,89.194,93.913,121.63,158.99,189.299,10.55,118.315,40.0,,,,,,,,0,idle,0,41,41,0,0
2026-08-27T14:06:30+0800,117.921,68.387,26.438,temp=58.5'C,throttled=0x0,15.0,1.998,125.15,154.011,219.492,0,473.211,54.354,88.273,93.816,121.63,158.99,189.299,10.585,116.726,40.0,,,,,,,,0,idle,0,41,41,0,0
2026-08-27T14:06:31+0800,121.982,68.289,26.438,temp=59.1'C,throttled=0x0,15.0,1.998,125.194,154.011,144.182,0,473.211,54.333,88.273,93.771,121.63,158.99,189.299,10.596,116.726,40.0,,,,,,,,0,idle,0,41,41,0,0
2026-08-27T14:06:32+0800,118.041,68.32,26.438,temp=59.1'C,throttled=0x0,15.0,1.998,125.194,154.011,205.449,0,467.135,53.936,88.273,93.771,121.63,158.99,189.299,10.597,118.315,40.0,,,,,,,,0,idle,0,41,41,0,0
2026-08-27T14:06:33+0800,115.058,68.25,26.438,temp=59.1'C,throttled=0x0,15.0,1.998,125.272,154.011,213.926,0,465.188,53.631,88.273,93.771,121.63,158.99,189.299,10.593,118.315,40.0,,,,,,,,0,idle,0,41,41,0,0
2026-08-27T14:06:34+0800,119.768,68.34,26.438,temp=58.5'C,throttled=0x0,15.0,1.998,125.272,154.011,216.997,0,467.135,53.936,88.273,93.614,121.63,158.99,189.299,10.601,118.315,40.0,,,,,,,,0,idle,0,41,41,0,0
2026-08-27T14:06:35+0800,117.153,68.441,26.438,temp=59.1'C,throttled=0x0,15.0,1.998,125.272,154.477,273.928,0,473.211,53.936,89.194,93.614,121.63,158.99,189.299,10.59,119.272,40.0,,,,,,,,0,idle,0,41,41,0,0
2026-08-27T14:06:36+0800,117.099,68.391,26.438,temp=58.5'C,throttled=0x0,15.0,1.998,125.272,154.477,283.452,0,465.734,53.936,89.194,93.614,121.63,158.99,189.299,10.58,119.272,40.0,,,,,,,,0,idle,0,41,41,0,0
2026-08-27T14:06:37+0800,115.098,68.324,26.438,temp=58.5'C,throttled=0x0,15.0,1.998,125.272,154.477,287.98,0,465.734,54.15,89.194,93.614,121.63,158.99,189.299,10.6,118.315,40.0,,,,,,,,0,idle,0,41,41,0,0
2026-08-27T14:06:38+0800,115.851,68.398,26.438,temp=59.1'C,throttled=0x0,15.0,1.998,125.272,154.477,316.825,0,465.734,54.333,89.194,93.614,121.63,158.99,189.299,10.585,118.315,40.0,,,,,,,,0,idle,0,41,41,0,0
2026-08-27T14:06:40+0800,117.024,68.34,26.438,temp=59.1'C,throttled=0x0,15.0,1.998,125.272,155.032,314.361,0,465.734,54.333,89.194,93.614,121.63,158.99,189.299,10.588,119.272,40.0,,,,,,,,0,idle,0,41,41,0,0
2026-08-27T14:06:41+0800,119.846,68.336,26.438,temp=59.1'C,throttled=0x0,15.0,1.998,125.272,155.032,325.382,0,472.078,54.333,89.194,93.671,121.63,158.99,189.299,10.601,116.726,40.0,,,,,,,,0,idle,0,41,41,0,0
2026-08-27T14:06:42+0800,119.934,68.379,26.438,temp=59.1'C,throttled=0x0,15.0,1.998,125.194,155.032,334.515,0,465.734,54.15,89.194,93.671,121.63,158.99,189.299,10.569,118.315,40.0,,,,,,,,0,idle,0,41,41,0,0
2026-08-27T14:06:43+0800,118.309,70.246,26.438,temp=58.5'C,throttled=0x0,15.0,1.998,125.15,155.032,351.317,0,465.734,54.15,89.194,93.614,121.63,158.99,189.299,10.573,120.2,40.0,,,,,,,,0,idle,0,41,41,0,0
2026-08-27T14:06:44+0800,121.554,71.309,26.438,temp=59.1'C,throttled=0x0,15.0,1.998,125.15,155.032,398.335,0,465.734,53.936,89.194,93.607,121.63,158.99,189.299,10.602,118.315,40.0,,,,,,,,0,idle,0,41,41,0,0
2026-08-27T14:06:45+0800,116.721,68.391,26.438,temp=59.1'C,throttled=0x0,15.0,1.998,124.627,154.477,467.183,0,468.284,53.631,89.194,93.607,121.63,158.99,189.299,10.57,120.2,40.0,,,,,,,,0,playing,0,42,41,0,0
2026-08-27T14:06:46+0800,108.047,68.281,26.438,temp=60.1'C,throttled=0x0,15.0,1.998,124.543,154.477,423.288,0,468.284,54.15,89.194,93.614,121.63,158.99,189.299,10.546,120.2,40.0,,,,,,,,0,playing,0,42,41,0,0
2026-08-27T14:06:47+0800,112.983,68.395,26.438,temp=59.6'C,throttled=0x0,15.0,1.998,123.036,154.011,463.881,0,468.284,54.15,89.194,93.607,121.63,158.99,189.299,10.537,120.2,40.0,,,,,,,,0,playing,0,42,41,0,0
2026-08-27T14:06:48+0800,112.267,68.359,26.438,temp=59.1'C,throttled=0x0,15.0,1.998,123.482,154.011,25.58,0,467.183,54.333,89.194,93.582,121.63,158.99,189.299,10.546,118.315,40.0,,,,,,,,0,playing,0,42,41,0,0
2026-08-27T14:06:49+0800,113.227,68.383,26.438,temp=59.6'C,throttled=0x0,15.0,1.998,124.543,154.011,46.397,0,465.734,54.333,87.713,93.529,121.63,158.99,189.299,10.577,116.346,40.0,,,,,,,,0,idle,0,42,42,0,0
2026-08-27T14:06:50+0800,114.011,68.328,26.438,temp=58.5'C,throttled=0x0,15.0,1.998,124.627,154.011,41.898,0,465.734,54.15,87.632,93.529,121.63,158.99,189.299,10.595,117.378,40.0,,,,,,,,0,idle,0,42,42,0,0
2026-08-27T14:06:51+0800,114.959,68.453,26.438,temp=59.1'C,throttled=0x0,15.0,1.998,124.627,154.011,49.521,0,467.183,54.15,87.632,93.443,120.45,158.99,189.299,10.657,116.304,40.0,,,,,,,,0,idle,0,42,42,0,0
2026-08-27T14:06:52+0800,115.06,68.344,26.438,temp=59.1'C,throttled=0x0,15.0,1.998,124.627,154.011,50.749,0,467.183,54.15,87.632,93.443,120.45,158.99,189.299,10.672,116.304,40.0,,,,,,,,0,idle,0,42,42,0,0
2026-08-27T14:06:53+0800,115.989,68.395,26.438,temp=58.5'C,throttled=0x0,15.0,1.998,124.627,154.011,51.757,0,463.881,53.936,87.632,93.443,120.45,158.99,189.299,10.717,115.404,40.0,,,,,,,,0,idle,0,42,42,0,0
2026-08-27T14:06:54+0800,115.164,68.258,26.438,temp=59.1'C,throttled=0x0,15.0,1.998,124.627,154.011,144.285,0,457.091,53.936,87.632,93.31,118.338,158.99,189.299,10.749,115.352,40.0,,,,,,,,0,idle,0,42,42,0,0
2026-08-27T14:06:55+0800,115.586,68.312,26.438,temp=58.5'C,throttled=0x0,15.0,1.998,124.627,154.011,167.222,0,463.881,53.936,87.632,93.31,118.338,158.99,189.299,10.739,116.304,40.0,,,,,,,,0,idle,0,42,42,0,0
2026-08-27T14:06:56+0800,119.944,68.363,26.438,temp=59.1'C,throttled=0x0,15.0,1.998,124.627,154.011,178.557,0,463.881,53.631,87.632,93.203,118.338,158.99,189.299,10.75,115.352,40.0,,,,,,,,0,idle,0,42,42,0,0
2026-08-27T14:06:57+0800,116.912,68.355,26.438,temp=59.1'C,throttled=0x0,15.0,1.998,124.543,154.011,190.44,0,463.881,53.631,87.632,93.144,118.338,158.99,189.299,10.762,115.352,40.0,,,,,,,,0,idle,0,42,42,0,0
2026-08-27T14:06:58+0800,117.192,68.301,26.438,temp=59.1'C,throttled=0x0,15.0,1.998,124.543,154.011,148.839,0,463.881,53.936,87.632,93.144,117.618,158.99,189.299,10.743,116.304,40.0,,,,,,,,0,idle,0,42,42,0,0
2026-08-27T14:06:59+0800,123.605,68.488,26.438,temp=59.1'C,throttled=0x0,15.0,1.998,124.543,154.011,205.677,0,465.734,53.631,87.713,93.144,117.618,158.99,189.299,10.645,117.378,40.0,,,,,,,,0,idle,0,42,42,0,0
2026-08-27T14:07:00+0800,124.054,68.449,26.438,temp=59.1'C,throttled=0x0,15.0,1.998,124.543,154.011,183.736,0,453.256,53.936,87.713,93.144,118.338,158.99,189.299,10.554,119.513,40.0,,,,,,,,0,idle,0,42,42,0,0
2026-08-27T14:07:01+0800,122.922,68.391,26.438,temp=59.1'C,throttled=0x0,15.0,1.998,124.627,153.187,200.568,0,453.256,53.936,87.713,93.144,118.338,158.99,189.299,10.471,120.446,40.0,,,,,,,,0,idle,0,42,42,0,0
2026-08-27T14:07:02+0800,123.863,68.281,26.438,temp=59.1'C,throttled=0x0,15.0,1.998,124.627,153.167,197.935,0,453.256,53.936,87.713,93.203,118.338,158.99,189.299,10.433,121.116,40.0,,,,,,,,0,idle,0,42,42,0,0
2026-08-27T14:07:03+0800,122.845,68.355,26.438,temp=59.1'C,throttled=0x0,15.0,1.998,124.627,153.066,241.056,0,450.01,53.631,87.713,93.277,118.338,158.99,189.299,10.385,121.573,40.0,,,,,,,,0,idle,0,42,42,0,0
2026-08-27T14:07:04+0800,119.359,68.492,26.438,temp=60.1'C,throttled=0x0,15.0,1.998,124.627,153.066,297.101,0,453.256,54.15,87.713,93.31,118.338,158.99,189.299,10.324,121.573,40.0,,,,,,,,0,playing,0,43,42,0,0
2026-08-27T14:07:05+0800,117.651,68.348,26.438,temp=59.6'C,throttled=0x0,15.0,1.998,124.627,153.066,339.35,0,453.256,54.333,87.713,93.392,118.338,158.99,189.299,10.237,125.865,40.0,,,,,,,,0,playing,0,43,42,0,0
2026-08-27T14:07:06+0800,123.96,68.391,26.434,temp=60.1'C,throttled=0x0,15.0,1.998,124.627,153.066,296.663,0,453.256,54.333,87.713,93.443,118.338,158.99,189.299,10.191,125.865,40.0,,,,,,,,0,playing,0,43,42,0,0
2026-08-27T14:07:07+0800,121.857,68.418,26.434,temp=59.1'C,throttled=0x0,15.0,1.998,125.15,153.066,373.231,0,453.256,54.333,87.713,93.443,118.338,158.99,189.299,10.174,126.697,40.0,,,,,,,,0,playing,0,43,42,0,0
2026-08-27T14:07:08+0800,124.569,68.625,26.434,temp=59.1'C,throttled=0x0,15.0,1.998,125.15,153.066,363.107,0,453.256,54.15,87.713,93.529,118.338,158.99,189.299,10.097,126.974,40.0,,,,,,,,0,playing,0,43,42,0,0
2026-08-27T14:07:09+0800,129.817,71.457,26.434,temp=59.1'C,throttled=0x0,15.0,1.998,125.15,153.066,371.172,0,461.079,54.354,89.194,93.582,118.338,158.99,189.299,10.036,127.699,40.0,,,,,,,,0,playing,0,43,42,0,0
2026-08-27T14:07:10+0800,130.91,71.441,26.434,temp=59.1'C,throttled=0x0,15.0,1.998,125.15,153.066,387.909,0,461.079,54.354,89.206,93.573,118.338,158.99,189.299,10.011,128.233,40.0,,,,,,,,0,playing,0,43,42,0,0
2026-08-27T14:07:11+0800,121.218,68.414,26.434,temp=59.1'C,throttled=0x0,15.0,1.998,124.627,153.066,465.7,0,461.079,54.354,89.206,93.582,118.338,158.99,189.299,9.975,130.739,40.0,,,,,,,,0,playing,0,43,42,0,0
2026-08-27T14:07:12+0800,124.646,68.727,26.434,temp=59.1'C,throttled=0x0,15.0,1.998,125.15,153.066,472.836,0,465.7,54.354,89.206,93.582,118.338,158.99,189.299,9.94,130.739,40.0,,,,,,,,0,idle,0,43,43,0,0
2026-08-27T14:07:13+0800,120.868,68.66,26.434,temp=59.1'C,throttled=0x0,15.0,1.998,125.15,153.066,482.126,0,471.115,54.354,89.194,93.529,118.338,158.99,189.299,9.926,132.079,40.0,,,,,,,,0,idle,0,43,43,0,0
2026-08-27T14:07:14+0800,122.683,68.703,26.434,temp=59.6'C,throttled=0x0,15.0,1.998,125.15,153.066,52.415,0,467.99,54.614,89.194,93.443,118.338,158.99,189.299,9.906,132.079,40.0,,,,,,,,0,idle,0,43,43,0,0
2026-08-27T14:07:15+0800,125.962,68.621,26.434,temp=59.1'C,throttled=0x0,15.0,1.998,125.194,153.167,28.17,0,465.7,54.614,89.194,93.443,118.338,158.99,189.299,9.804,133.424,40.0,,,,,,,,0,idle,0,43,43,0,0
2026-08-27T14:07:16+0800,127.85,68.551,26.434,temp=59.1'C,throttled=0x0,15.0,1.997,125.194,153.167,26.542,0,465.7,54.614,89.194,93.443,118.338,158.99,189.299,9.703,134.54,40.0,,,,,,,,0,idle,0,43,43,0,0
2026-08-27T14:07:17+0800,129.793,68.535,26.434,temp=59.1'C,throttled=0x0,15.0,1.997,125.194,153.167,22.362,0,464.835,54.354,89.194,93.443,118.338,158.99,189.299,9.609,137.603,40.0,,,,,,,,0,idle,0,43,43,0,0
2026-08-27T14:07:18+0800,126.756,68.625,26.434,temp=59.1'C,throttled=0x0,15.0,1.998,125.194,153.167,49.731,0,464.835,54.15,89.14,93.443,119.787,158.99,189.299,9.502,140.267,40.0,,,,,,,,0,idle,0,43,43,0,0
2026-08-27T14:07:19+0800,122.947,68.562,26.434,temp=59.1'C,throttled=0x0,15.0,1.997,125.194,153.167,53.333,0,464.835,53.499,89.14,93.443,119.787,158.99,189.299,9.475,140.267,40.0,,,,,,,,0,idle,0,43,43,0,0
2026-08-27T14:07:20+0800,116.212,68.508,26.434,temp=58.5'C,throttled=0x0,15.0,1.997,125.194,153.167,76.037,0,464.835,53.631,89.14,93.529,119.787,158.99,189.299,9.435,140.267,40.0,,,,,,,,0,idle,0,43,43,0,0
2026-08-27T14:07:21+0800,119.016,68.617,26.434,temp=59.1'C,throttled=0x0,15.0,1.998,125.194,153.167,134.556,0,464.835,53.631,89.14,93.443,118.61,158.99,189.299,9.394,142.987,40.0,,,,,,,,0,idle,0,43,43,0,0
2026-08-27T14:07:22+0800,114.959,68.566,26.434,temp=58.5'C,throttled=0x0,15.0,1.998,125.194,153.167,160.867,0,464.835,54.15,89.14,93.529,118.61,158.99,189.299,9.384,142.987,40.0,,,,,,,,0,idle,0,43,43,0,0
2026-08-27T14:07:23+0800,113.173,68.645,26.434,temp=58.5'C,throttled=0x0,15.0,1.998,125.194,153.167,171.633,0,465.7,54.15,89.14,93.529,118.61,158.99,189.299,9.382,142.987,40.0,,,,,,,,0,idle,0,43,43,0,0
2026-08-27T14:07:24+0800,115.102,68.707,26.434,temp=58.5'C,throttled=0x0,15.0,1.997,125.194,153.167,189.957,0,464.835,53.631,89.14,93.443,118.61,158.99,189.299,9.39,142.987,40.0,,,,,,,,0,idle,0,43,43,0,0
2026-08-27T14:07:25+0800,116.859,68.684,26.434,temp=59.1'C,throttled=0x0,15.0,1.997,125.194,153.167,215.305,0,465.7,53.631,89.14,93.443,118.61,158.99,189.299,9.424,142.987,40.0,,,,,,,,0,idle,0,43,43,0,0
2026-08-27T14:07:26+0800,115.262,68.625,26.434,temp=58.0'C,throttled=0x0,15.0,1.997,125.15,153.167,175.001,0,464.835,53.407,89.14,93.443,118.61,158.99,189.299,9.507,142.987,40.0,,,,,,,,0,idle,0,43,43,0,0
2026-08-27T14:07:28+0800,114.719,68.57,26.434,temp=59.6'C,throttled=0x0,15.0,1.997,124.627,153.167,174.403,0,465.7,53.421,89.14,93.582,118.61,158.99,189.299,9.582,140.267,40.0,,,,,,,,0,playing,0,44,43,0,0
2026-08-27T14:07:29+0800,115.556,68.691,26.434,temp=59.6'C,throttled=0x0,15.0,1.997,124.627,153.167,212.106,0,465.7,53.421,89.194,93.601,118.61,158.99,189.299,9.562,140.267,40.0,,,,,,,,0,playing,0,44,43,0,0
2026-08-27T14:07:30+0800,117.0,68.648,26.434,temp=59.1'C,throttled=0x0,15.0,1.997,124.627,152.958,244.527,0,465.7,53.421,89.194,93.601,118.61,158.99,189.299,9.569,140.267,40.0,,,,,,,,0,playing,0,44,43,0,0
2026-08-27T14:07:31+0800,120.847,68.672,26.434,temp=59.6'C,throttled=0x0,15.0,1.997,124.627,152.958,253.834,0,464.835,53.631,89.194,93.601,118.61,158.99,189.299,9.581,134.54,40.0,,,,,,,,0,playing,0,44,43,0,0
2026-08-27T14:07:32+0800,117.101,68.703,26.434,temp=59.1'C,throttled=0x0,15.0,1.997,124.627,152.958,263.832,0,464.835,54.333,89.194,93.601,118.61,158.99,189.299,9.633,133.903,40.0,,,,,,,,0,playing,0,44,43,0,0
2026-08-27T14:07:33+0800,114.987,68.633,26.434,temp=59.1'C,throttled=0x0,15.0,1.998,124.627,152.958,261.788,0,467.99,54.354,89.14,93.601,118.61,158.99,189.299,9.652,133.903,40.0,,,,,,,,0,playing,0,44,43,0,0
2026-08-27T14:07:34+0800,118.9,68.676,26.434,temp=59.1'C,throttled=0x0,15.0,1.997,124.543,152.958,335.46,0,469.63,54.354,89.194,93.601,118.61,158.99,189.299,9.705,132.079,40.0,,,,,,,,0,idle,0,44,44,0,0
2026-08-27T14:07:35+0800,114.497,68.66,26.434,temp=59.1'C,throttled=0x0,15.0,1.997,123.482,152.687,364.008,0,468.514,54.333,89.194,93.601,118.61,158.99,189.299,9.759,129.912,40.0,,,,,,,,0,idle,0,44,44,0,0
2026-08-27T14:07:36+0800,116.951,68.688,26.434,temp=59.6'C,throttled=0x0,15.0,1.997,124.543,152.687,315.573,0,467.99,54.354,89.194,93.601,118.61,158.99,189.299,9.775,129.912,40.0,,,,,,,,0,idle,0,44,44,0,0
2026-08-27T14:07:37+0800,124.398,71.699,26.434,temp=59.1'C,throttled=0x0,15.0,1.998,124.543,152.687,392.746,0,467.99,54.333,89.194,93.529,118.61,158.99,189.299,9.805,128.079,40.0,,,,,,,,0,idle,0,44,44,0,0
2026-08-27T14:07:38+0800,127.122,71.68,26.434,temp=59.1'C,throttled=0x0,15.0,1.997,124.543,152.687,363.86,0,467.99,53.631,89.14,93.443,118.61,158.99,189.299,9.827,128.079,40.0,,,,,,,,0,idle,0,44,44,0,0
2026-08-27T14:07:39+0800,126.627,68.625,26.434,temp=59.6'C,throttled=0x0,15.0,1.997,124.543,152.958,456.072,0,461.958,54.15,89.14,93.392,118.61,158.99,189.299,9.833,128.079,40.0,,,,,,,,0,idle,0,44,44,0,0
2026-08-27T14:07:40+0800,118.997,68.547,26.434,temp=59.1'C,throttled=0x0,15.0,1.997,124.543,152.958,405.659,0,459.581,54.333,89.14,93.203,118.338,158.99,189.299,9.85,127.773,40.0,,,,,,,,0,idle,0,44,44,0,0
2026-08-27T14:07:41+0800,120.661,68.637,26.434,temp=59.6'C,throttled=0x0,15.0,1.997,124.543,152.958,498.795,0,461.958,54.333,89.194,93.086,118.338,158.99,189.299,9.885,127.186,40.0,,,,,,,,0,idle,0,44,44,0,0
2026-08-27T14:07:42+0800,117.916,68.676,26.434,temp=60.1'C,throttled=0x0,15.0,1.998,124.543,152.958,58.851,0,468.514,54.75,89.206,92.967,118.338,158.99,189.299,10.016,126.287,40.0,,,,,,,,0,idle,0,44,44,0,0
2026-08-27T14:07:43+0800,119.673,68.512,26.434,temp=60.1'C,throttled=0x0,15.0,1.998,124.543,153.167,14.278,0,468.514,54.354,89.206,92.832,118.338,158.99,189.299,10.131,123.922,40.0,,,,,,,,0,idle,0,44,44,0,0
2026-08-27T14:07:44+0800,119.87,68.645,26.434,temp=59.6'C,throttled=0x0,15.0,1.997,123.482,153.167,32.048,0,468.514,54.15,89.194,92.754,118.338,158.99,189.299,10.178,122.67,40.0,,,,,,,,0,idle,0,44,44,0,0
2026-08-27T14:07:45+0800,118.881,68.562,26.434,temp=59.6'C,throttled=0x0,15.0,1.997,123.036,153.167,24.648,0,468.514,54.15,89.194,92.74,118.338,158.99,189.299,10.181,122.205,40.0,,,,,,,,0,idle,0,44,44,0,0
2026-08-27T14:07:46+0800,121.87,68.637,26.434,temp=59.1'C,throttled=0x0,15.0,1.997,122.478,153.167,110.528,0,468.514,53.421,88.479,92.715,118.338,158.99,189.299,10.248,121.136,40.0,,,,,,,,0,idle,0,44,44,0,0
2026-08-27T14:07:47+0800,119.535,68.766,26.434,temp=59.1'C,throttled=0x0,15.0,1.997,122.478,153.167,106.942,0,468.514,53.333,87.632,92.715,118.338,158.99,189.299,10.215,122.67,40.0,,,,,,,,0,idle,0,44,44,0,0
2026-08-27T14:07:48+0800,120.617,68.703,26.434,temp=59.6'C,throttled=0x0,15.0,1.997,122.478,153.167,72.421,0,468.514,53.261,87.632,92.715,118.338,158.99,189.299,10.209,122.67,40.0,,,,,,,,0,idle,0,44,44,0,0
2026-08-27T14:07:49+0800,115.819,68.809,26.434,temp=60.1'C,throttled=0x0,15.0,1.997,122.478,152.958,79.447,0,468.514,53.261,87.632,92.715,117.618,158.99,189.299,10.123,122.982,40.0,,,,,,,,0,playing,0,45,44,0,0
2026-08-27T14:07:50+0800,121.703,68.625,26.434,temp=60.1'C,throttled=0x0,15.0,1.997,122.478,152.687,144.127,0,468.514,53.261,87.632,92.421,117.123,158.99,189.299,10.076,122.982,40.0,,,,,,,,0,playing,0,45,44,0,0
2026-08-27T14:07:51+0800,118.846,68.578,26.434,temp=60.1'C,throttled=0x0,15.0,1.997,122.478,152.443,181.093,0,468.514,53.407,87.632,92.319,116.316,158.99,189.299,10.04,122.982,40.0,,,,,,,,0,playing,0,45,44,0,0
2026-08-27T14:07:52+0800,118.08,68.684,26.434,temp=60.1'C,throttled=0x0,15.0,1.998,122.478,151.84,201.285,0,468.514,53.261,87.632,92.319,116.148,158.99,189.299,10.016,122.982,40.0,,,,,,,,0,playing,0,45,44,0,0
2026-08-27T14:07:53+0800,121.17,68.613,26.434,temp=60.1'C,throttled=0x0,15.0,1.997,122.478,151.468,231.625,0,463.902,53.182,87.632,92.319,116.148,158.99,189.299,10.004,123.922,40.0,,,,,,,,0,idle,0,45,45,0,0
2026-08-27T14:07:54+0800,122.095,68.652,26.434,temp=60.1'C,throttled=0x0,15.0,1.997,122.478,151.468,230.482,0,461.7,53.182,87.632,92.225,116.148,158.99,189.299,10.017,122.982,40.0,,,,,,,,0,idle,0,45,45,0,0
2026-08-27T14:07:55+0800,123.581,68.613,26.434,temp=59.6'C,throttled=0x0,15.0,1.997,122.478,151.468,212.485,0,461.7,53.182,87.632,92.211,116.148,158.99,189.299,10.036,122.757,40.0,,,,,,,,0,idle,0,45,45,0,0
2026-08-27T14:07:56+0800,121.093,68.73,26.434,temp=59.6'C,throttled=0x0,15.0,1.997,122.478,151.84,285.659,0,461.7,53.182,87.632,92.211,116.148,158.99,189.299,10.05,122.757,40.0,,,,,,,,0,idle,0,45,45,0,0
2026-08-27T14:07:57+0800,121.667,68.637,26.434,temp=60.1'C,throttled=0x0,15.0,1.997,122.478,151.84,301.193,0,456.072,53.182,87.632,92.181,116.148,158.99,189.299,10.048,123.564,40.0,,,,,,,,0,idle,0,45,45,0,0
2026-08-27T14:07:58+0800,117.071,68.73,26.434,temp=59.6'C,throttled=0x0,15.0,1.997,122.478,151.84,347.124,0,439.823,53.261,87.632,92.176,116.148,158.99,189.299,10.081,123.564,40.0,,,,,,,,0,idle,0,45,45,0,0
2026-08-27T14:07:59+0800,123.147,68.711,26.434,temp=59.6'C,throttled=0x0,15.0,1.998,122.478,152.443,365.413,0,447.693,53.261,87.135,92.176,116.148,158.99,189.299,10.057,123.564,40.0,,,,,,,,0,idle,0,45,45,0,0
2026-08-27T14:08:00+0800,119.957,68.57,26.434,temp=59.1'C,throttled=0x0,15.0,1.997,122.478,152.687,344.945,0,453.872,53.261,87.135,92.158,115.925,158.99,189.299,10.036,123.564,40.0,,,,,,,,0,idle,0,45,45,0,0
2026-08-27T14:08:01+0800,119.066,68.691,26.434,temp=59.1'C,throttled=0x0,15.0,1.998,122.478,152.687,409.539,0,447.693,53.182,87.135,92.158,115.925,158.99,189.299,10.033,123.564,40.0,,,,,,,,0,idle,0,45,45,0,0
2026-08-27T14:08:02+0800,124.888,70.328,26.434,temp=59.6'C,throttled=0x0,15.0,1.997,122.893,152.958,386.07,0,447.693,52.952,87.135,92.1,115.925,158.99,189.299,10.026,122.982,40.0,,,,,,,,0,idle,0,45,45,0,0
2026-08-27T14:08:03+0800,129.012,71.594,26.434,temp=59.6'C,throttled=0x0,15.0,1.997,122.893,153.187,382.39,0,447.693,52.415,87.135,92.09,115.925,158.99,189.299,10.017,123.01,40.0,,,,,,,,0,idle,0,45,45,0,0
2026-08-27T14:08:04+0800,125.555,68.621,26.434,temp=60.1'C,throttled=0x0,15.0,1.997,122.893,154.283,476.049,0,453.872,52.415,88.479,92.09,115.925,158.99,189.299,10.019,123.01,40.0,,,,,,,,0,idle,0,45,45,0,0
2026-08-27T14:08:05+0800,122.103,68.695,26.434,temp=59.6'C,throttled=0x0,15.0,1.997,122.893,154.59,494.116,0,463.902,52.415,88.479,92.09,115.925,158.99,189.299,9.993,123.479,40.0,,,,,,,,0,idle,0,45,45,0,0
2026-08-27T14:08:06+0800,119.166,68.672,26.434,temp=59.6'C,throttled=0x0,15.0,1.997,122.893,154.59,452.551,0,463.902,52.713,89.14,91.886,115.451,158.99,189.299,10.0,123.479,40.0,,,,,,,,0,idle,0,45,45,0,0
2026-08-27T14:08:07+0800,121.851,68.645,26.434,temp=59.1'C,throttled=0x0,15.0,1.997,122.478,154.59,38.211,0,453.872,52.713,89.14,91.863,114.726,158.99,189.299,9.989,123.479,40.0,,,,,,,,0,idle,0,45,45,0,0
2026-08-27T14:08:08+0800,115.552,68.664,26.434,temp=59.1'C,throttled=0x0,15.0,1.997,121.892,154.59,62.812,0,453.872,52.952,89.14,91.82,113.706,158.99,189.299,9.961,123.679,40.0,,,,,,,,0,playing,0,46,45,0,0
2026-08-27T14:08:09+0800,119.353,68.676,26.434,temp=60.1'C,throttled=0x0,15.0,1.997,121.892,154.59,62.249,0,453.872,52.957,89.14,91.863,113.706,158.99,189.299,9.93,124.533,40.0,,,,,,,,0,playing,0,46,45,0,0
2026-08-27T14:08:10+0800,120.046,68.75,26.434,temp=59.6'C,throttled=0x0,15.0,1.997,121.303,154.59,78.601,0,460.165,53.182,89.14,91.886,113.706,158.99,189.299,9.93,123.679,40.0,,,,,,,,0,playing,0,46,45,0,0
2026-08-27T14:08:11+0800,117.984,68.738,26.434,temp=59.1'C,throttled=0x0,15.0,1.997,121.303,154.59,82.056,0,468.45,53.261,89.14,91.886,113.706,158.99,189.299,9.919,123.679,40.0,,,,,,,,0,playing,0,46,45,0,0
2026-08-27T14:08:12+0800,121.926,68.727,26.434,temp=59.6'C,throttled=0x0,15.0,1.998,121.303,154.283,133.488,0,470.788,53.261,89.14,91.889,113.706,158.99,189.299,9.904,123.479,40.0,,,,,,,,0,playing,0,46,45,0,0
2026-08-27T14:08:13+0800,118.625,68.648,26.434,temp=59.1'C,throttled=0x0,15.0,1.997,121.28,153.187,148.818,0,470.788,53.333,89.14,91.886,113.706,158.99,189.299,9.885,123.01,40.0,,,,,,,,0,playing,0,46,45,0,0
2026-08-27T14:08:14+0800,120.1,68.699,26.434,temp=59.1'C,throttled=0x0,15.0,1.997,121.28,153.187,178.812,0,471.096,53.407,89.14,91.889,113.706,158.99,189.299,9.907,122.847,40.0,,,,,,,,0,idle,0,46,46,0,0
2026-08-27T14:08:16+0800,119.695,68.617,26.434,temp=59.1'C,throttled=0x0,15.0,1.997,121.28,153.187,192.225,0,470.788,53.333,89.14,92.09,113.706,158.99,189.299,9.933,123.01,40.0,,,,,,,,0,idle,0,46,46,0,0
2026-08-27T14:08:17+0800,118.833,68.668,26.434,temp=59.1'C,throttled=0x0,15.0,1.997,121.28,153.187,237.439,0,470.788,53.333,89.14,92.09,113.706,158.99,189.299,9.969,123.01,40.0,,,,,,,,0,idle,0,46,46,0,0
2026-08-27T14:08:18+0800,121.919,68.672,26.434,temp=59.1'C,throttled=0x0,15.0,1.997,121.28,153.187,218.242,0,470.788,53.182,89.14,92.09,113.706,158.99,189.299,9.985,123.479,40.0,,,,,,,,0,idle,0,46,46,0,0
2026-08-27T14:08:19+0800,118.117,68.551,26.434,temp=59.1'C,throttled=0x0,15.0,1.998,121.28,153.187,212.614,0,470.788,52.957,89.14,92.1,113.706,158.99,189.299,10.007,123.479,40.0,,,,,,,,0,idle,0,46,46,0,0
2026-08-27T14:08:20+0800,121.701,68.602,26.434,temp=59.1'C,throttled=0x0,15.0,1.997,121.155,153.187,215.123,0,470.788,52.957,89.14,92.1,113.706,158.99,189.299,10.004,123.564,40.0,,,,,,,,0,idle,0,46,46,0,0
2026-08-27T14:08:21+0800,122.048,68.707,26.434,temp=58.5'C,throttled=0x0,15.0,1.997,121.155,153.187,311.252,0,470.788,52.957,89.14,92.09,113.706,158.99,189.299,9.997,123.564,40.0,,,,,,,,0,idle,0,46,46,0,0
2026-08-27T14:08:22+0800,121.038,68.539,26.434,temp=59.1'C,throttled=0x0,15.0,1.997,120.787,153.187,281.909,0,471.096,52.952,89.194,91.889,113.706,158.99,189.299,10.006,123.479,40.0,,,,,,,,0,idle,0,46,46,0,0
2026-08-27T14:08:23+0800,122.051,68.602,26.434,temp=59.1'C,throttled=0x0,15.0,1.997,120.787,153.187,275.491,0,472.359,52.713,89.194,91.889,113.706,158.99,189.299,10.009,122.847,40.0,,,,,,,,0,idle,0,46,46,0,0
2026-08-27T14:08:24+0800,120.094,68.57,26.434,temp=59.1'C,throttled=0x0,15.0,1.997,120.497,153.187,327.074,0,472.359,52.713,89.194,91.832,113.706,158.99,189.299,10.006,122.847,40.0,,,,,,,,0,idle,0,46,46,0,0
2026-08-27T14:08:25+0800,126.766,68.543,26.434,temp=59.1'C,throttled=0x0,15.0,1.997,120.497,152.958,338.03,0,472.359,52.415,89.194,91.863,113.706,158.99,189.299,10.004,123.01,40.0,,,,,,,,0,idle,0,46,46,0,0
2026-08-27T14:08:26+0800,118.03,68.598,26.434,temp=59.1'C,throttled=0x0,15.0,1.997,120.497,152.958,340.047,0,471.096,52.415,89.194,91.82,113.706,158.99,189.299,9.998,123.679,40.0,,,,,,,,0,idle,0,46,46,0,0
2026-08-27T14:08:27+0800,119.031,68.734,26.434,temp=58.5'C,throttled=0x0,15.0,1.997,120.497,152.958,331.329,0,471.096,52.713,89.194,91.656,112.614,158.99,189.299,9.99,123.679,40.0,,,,,,,,0,idle,0,46,46,0,0
2026-08-27T14:08:28+0800,128.243,71.496,26.434,temp=59.1'C,throttled=0x0,15.0,1.997,120.787,152.958,420.34,0,471.096,52.415,89.194,91.653,111.768,158.99,189.299,9.984,125.614,40.0,,,,,,,,0,idle,0,46,46,0,0
2026-08-27T14:08:29+0800,129.515,71.559,26.434,temp=59.1'C,throttled=0x0,15.0,1.997,120.787,154.241,446.448,0,471.096,52.415,89.194,91.652,111.535,158.99,189.299,9.975,125.614,40.0,,,,,,,,0,idle,0,46,46,0,0
2026-08-27T14:08:30+0800,121.856,68.645,26.434,temp=59.1'C,throttled=0x0,15.0,1.997,120.787,154.241,520.113,0,472.359,52.415,89.206,91.59,111.535,158.99,189.299,9.939,126.222,40.0,,,,,,,,0,playing,0,47,46,0,0
2026-08-27T14:08:31+0800,120.762,68.691,26.434,temp=59.1'C,throttled=0x0,15.0,1.998,121.155,154.283,480.265,0,472.359,52.952,89.316,91.59,111.535,158.99,189.299,9.906,127.156,40.0,,,,,,,,0,playing,0,47,46,0,0
2026-08-27T14:08:32+0800,120.992,68.711,26.434,temp=60.1'C,throttled=0x0,15.0,1.997,121.155,154.283,37.425,0,459.212,52.713,90.543,91.652,111.535,158.99,189.299,9.891,127.156,40.0,,,,,,,,0,playing,0,47,46,0,0
2026-08-27T14:08:33+0800,121.042,68.613,26.434,temp=59.6'C,throttled=0x0,15.0,1.997,121.155,154.283,456.407,0,460.307,52.952,90.543,91.653,111.535,158.99,189.299,9.874,127.156,40.0,,,,,,,,0,playing,0,47,46,0,0
2026-08-27T14:08:34+0800,120.825,68.73,26.434,temp=59.6'C,throttled=0x0,15.0,1.997,121.28,154.283,10.247,0,471.096,52.957,90.543,91.82,111.535,158.99,189.299,9.847,127.156,40.0,,,,,,,,0,idle,0,47,47,0,0
2026-08-27T14:08:35+0800,122.682,68.664,26.434,temp=59.6'C,throttled=0x0,15.0,1.997,121.28,154.283,95.914,0,471.096,52.957,90.543,91.832,111.535,158.99,189.299,9.9,125.614,40.0,,,,,,,,0,idle,0,47,47,0,0
2026-08-27T14:08:36+0800,124.722,68.613,26.434,temp=59.1'C,throttled=0x0,15.0,1.997,121.28,154.283,104.435,0,471.096,52.952,90.543,91.889,111.535,158.99,189.299,9.901,126.887,40.0,,,,,,,,0,idle,0,47,47,0,0
2026-08-27T14:08:37+0800,121.096,68.727,26.434,temp=59.1'C,throttled=0x0,15.0,1.997,121.28,154.283,96.525,0,456.407,52.415,90.543,91.889,111.535,158.99,189.299,9.905,126.887,40.0,,,,,,,,0,idle,0,47,47,0,0
2026-08-27T14:08:38+0800,122.844,68.566,26.434,temp=59.6'C,throttled=0x0,15.0,1.997,121.303,154.283,90.724,0,456.407,52.713,90.724,91.889,111.535,158.99,189.299,9.925,126.887,40.0,,,,,,,,0,idle,0,47,47,0,0
2026-08-27T14:08:39+0800,120.441,68.703,26.434,temp=59.1'C,throttled=0x0,15.0,1.998,121.316,154.283,155.068,0,460.307,52.952,90.724,91.889,111.535,158.99,189.299,9.948,126.887,40.0,,,,,,,,0,idle,0,47,47,0,0
2026-08-27T14:08:40+0800,120.906,68.617,26.434,temp=58.5'C,throttled=0x0,15.0,1.997,121.303,154.283,191.853,0,456.407,52.952,90.724,92.1,111.535,158.99,189.299,9.952,127.156,40.0,,,,,,,,0,idle,0,47,47,0,0
2026-08-27T14:08:41+0800,119.68,68.637,26.434,temp=59.1'C,throttled=0x0,15.0,1.997,121.28,154.283,166.403,0,473.037,52.952,90.724,92.1,111.535,158.99,189.299,9.967,126.887,40.0,,,,,,,,0,idle,0,47,47,0,0
2026-08-27T14:08:42+0800,120.937,68.594,26.434,temp=59.1'C,throttled=0x0,15.0,1.997,121.28,154.283,150.45,0,460.307,53.091,90.724,92.1,111.535,158.99,189.299,9.947,126.887,40.0,,,,,,,,0,idle,0,47,47,0,0
2026-08-27T14:08:43+0800,120.499,68.723,26.434,temp=58.5'C,throttled=0x0,15.0,1.997,120.787,154.241,242.151,0,461.503,53.091,90.724,92.159,111.535,158.99,189.299,9.95,125.614,40.0,,,,,,,,0,idle,0,47,47,0,0
2026-08-27T14:08:44+0800,121.109,68.551,26.434,temp=59.1'C,throttled=0x0,15.0,1.998,120.787,154.241,249.405,0,461.503,53.182,90.724,92.181,111.535,158.99,189.299,9.945,124.2,40.0,,,,,,,,0,idle,0,47,47,0,0
2026-08-27T14:08:45+0800,122.753,68.496,26.434,temp=59.1'C,throttled=0x0,15.0,1.997,120.787,154.241,251.841,0,461.503,53.407,90.724,92.211,111.535,158.99,189.299,9.944,123.929,40.0,,,,,,,,0,idle,0,47,47,0,0
2026-08-27T14:08:46+0800,122.87,68.496,26.434,temp=59.6'C,throttled=0x0,15.0,1.997,120.787,154.241,241.307,0,461.503,53.407,90.724,92.181,111.535,158.99,189.299,9.95,123.718,40.0,,,,,,,,0,idle,0,47,47,0,0
2026-08-27T14:08:47+0800,118.103,68.539,26.434,temp=59.1'C,throttled=0x0,15.0,1.997,120.787,152.958,340.992,0,460.307,53.407,90.724,92.181,111.535,158.99,189.299,9.934,123.929,40.0,,,,,,,,0,idle,0,47,47,0,0
2026-08-27T14:08:48+0800,120.019,68.594,26.434,temp=58.5'C,throttled=0x0,15.0,1.998,121.155,152.958,324.74,0,459.952,53.333,90.724,92.211,111.535,158.99,189.299,9.941,123.929,40.0,,,,,,,,0,idle,0,47,47,0,0
2026-08-27T14:08:49+0800,119.471,68.539,26.434,temp=59.6'C,throttled=0x0,15.0,1.997,121.155,152.958,352.388,0,459.081,53.333,90.724,92.259,111.535,158.99,189.299,9.914,124.2,40.0,,,,,,,,0,playing,0,48,47,0,0
2026-08-27T14:08:50+0800,119.297,68.473,26.434,temp=59.1'C,throttled=0x0,15.0,1.997,121.303,152.958,364.017,0,459.952,53.333,91.41,92.276,111.535,158.99,189.299,9.86,124.2,40.0,,,,,,,,0,playing,0,48,47,0,0
2026-08-27T14:08:51+0800,121.532,70.293,26.434,temp=59.6'C,throttled=0x0,15.0,1.997,121.316,152.958,325.472,0,459.952,53.333,91.41,92.319,111.535,158.99,189.299,9.846,126.887,40.0,,,,,,,,0,playing,0,48,47,0,0
2026-08-27T14:08:52+0800,130.536,71.531,26.434,temp=59.1'C,throttled=0x0,15.0,1.997,121.316,152.958,373.307,0,459.952,53.333,91.41,92.421,111.535,158.99,189.299,9.829,126.887,40.0,,,,,,,,0,playing,0,48,47,0,0
2026-08-27T14:08:53+0800,128.246,71.754,26.434,temp=59.1'C,throttled=0x0,15.0,1.997,121.946,152.958,412.837,0,460.307,53.333,92.857,92.512,111.535,158.99,189.299,9.8,126.887,40.0,,,,,,,,0,playing,0,48,47,0,0
2026-08-27T14:08:54+0800,124.512,68.625,26.434,temp=59.1'C,throttled=0x0,15.0,1.997,121.946,152.958,472.499,0,461.503,53.333,92.857,92.599,111.535,158.99,189.299,9.785,125.769,40.0,,,,,,,,0,playing,0,48,47,0,0
2026-08-27T14:08:55+0800,122.893,68.656,26.434,temp=59.1'C,throttled=0x0,15.0,1.997,121.946,152.958,415.078,0,461.503,53.333,92.857,92.675,111.535,158.99,189.299,9.779,125.769,40.0,,,,,,,,0,playing,0,48,47,0,0
2026-08-27T14:08:56+0800,122.68,68.66,26.434,temp=59.1'C,throttled=0x0,15.0,1.997,121.946,152.958,16.947,0,460.307,53.407,92.857,92.74,111.535,158.99,189.299,9.764,127.345,40.0,,,,,,,,0,playing,0,48,47,0,0
2026-08-27T14:08:57+0800,122.965,68.809,26.434,temp=59.1'C,throttled=0x0,15.0,1.997,121.946,152.958,466.325,0,460.307,53.852,92.857,92.754,111.768,158.99,189.299,9.765,126.887,40.0,,,,,,,,0,playing,0,48,47,0,0
2026-08-27T14:08:58+0800,119.919,69.031,26.434,temp=59.1'C,throttled=0x0,15.0,1.997,121.946,153.951,32.79,0,460.307,53.407,92.857,92.832,111.768,158.99,189.299,9.764,126.887,40.0,,,,,,,,0,playing,0,48,47,0,0
2026-08-27T14:08:59+0800,120.372,69.52,26.434,temp=59.1'C,throttled=0x0,15.0,1.997,121.946,153.951,84.347,0,461.503,53.407,91.41,92.847,111.768,158.99,189.299,9.754,126.887,40.0,,,,,,,,0,playing,0,48,47,0,0
2026-08-27T14:09:00+0800,125.543,66.125,26.434,temp=59.1'C,throttled=0x0,15.0,1.997,121.946,153.951,60.802,0,459.952,53.407,91.41,92.916,112.355,158.99,189.299,9.738,127.345,40.0,,,,,,,,0,idle,0,48,48,0,0
2026-08-27T14:09:01+0800,121.051,66.246,26.434,temp=58.0'C,throttled=0x0,15.0,1.997,122.017,153.951,140.255,0,459.952,53.852,91.41,92.916,112.355,158.99,189.299,9.744,127.345,40.0,,,,,,,,0,idle,0,48,48,0,0
2026-08-27T14:09:02+0800,120.217,66.199,26.434,temp=59.1'C,throttled=0x0,15.0,1.997,122.017,153.951,147.917,0,459.952,53.407,91.41,92.937,112.355,158.99,189.299,9.74,127.557,40.0,,,,,,,,0,idle,0,48,48,0,0
2026-08-27T14:09:04+0800,119.848,66.219,26.434,temp=58.5'C,throttled=0x0,15.0,1.997,122.017,153.951,134.155,0,459.952,53.852,91.41,93.275,112.355,158.99,189.299,9.739,127.557,40.0,,,,,,,,0,idle,0,48,48,0,0
2026-08-27T14:09:05+0800,119.794,66.281,26.434,temp=59.1'C,throttled=0x0,15.0,1.997,121.946,153.951,100.878,0,459.081,53.407,91.41,93.275,112.355,158.99,189.299,9.743,127.557,40.0,,,,,,,,0,idle,0,48,48,0,0
2026-08-27T14:09:06+0800,120.842,66.168,26.434,temp=59.1'C,throttled=0x0,15.0,1.997,121.946,153.951,196.088,0,457.475,53.407,91.41,93.021,112.355,158.99,189.299,9.764,127.345,40.0,,,,,,,,0,idle,0,48,48,0,0
2026-08-27T14:09:07+0800,117.979,66.23,26.434,temp=58.0'C,throttled=0x0,15.0,1.997,121.728,153.951,154.596,0,457.475,53.852,91.41,93.021,112.355,158.99,189.299,9.773,127.345,40.0,,,,,,,,0,idle,0,48,48,0,0
2026-08-27T14:09:08+0800,120.613,66.27,26.434,temp=59.1'C,throttled=0x0,15.0,1.998,121.728,153.951,224.861,0,454.015,54.215,91.41,93.021,112.355,158.99,189.299,9.776,127.345,40.0,,,,,,,,0,idle,0,48,48,0,0
2026-08-27T14:09:09+0800,120.069,66.117,26.434,temp=59.1'C,throttled=0x0,15.0,1.997,121.728,153.951,194.928,0,454.015,53.852,91.41,93.275,112.355,158.99,189.299,9.779,127.557,40.0,,,,,,,,0,idle,0,48,48,0,0
2026-08-27T14:09:10+0800,118.36,66.203,26.434,temp=59.1'C,throttled=0x0,15.0,1.998,121.316,153.951,255.586,0,457.105,53.852,91.41,93.275,112.355,158.99,189.299,9.796,127.557,40.0,,,,,,,,0,idle,0,48,48,0,0
2026-08-27T14:09:11+0800,121.403,66.23,26.434,temp=58.5'C,throttled=0x0,15.0,1.997,121.316,153.951,249.11,0,457.105,54.268,91.41,93.277,112.355,158.99,189.299,9.801,127.557,40.0,,,,,,,,0,idle,0,48,48,0,0
2026-08-27T14:09:12+0800,120.817,66.18,26.434,temp=58.0'C,throttled=0x0,15.0,1.998,121.316,153.951,241.369,0,454.935,54.334,91.41,93.415,112.355,158.99,189.299,9.803,127.557,40.0,,,,,,,,0,idle,0,48,48,0,0
2026-08-27T14:09:13+0800,121.396,66.211,26.434,temp=58.5'C,throttled=0x0,15.0,1.998,121.316,153.951,330.204,0,454.935,54.268,91.41,93.534,112.355,158.99,189.299,9.809,127.345,40.0,,,,,,,,0,idle,0,48,48,0,0
2026-08-27T14:09:14+0800,121.701,66.191,26.434,temp=59.1'C,throttled=0x0,15.0,1.997,121.316,153.951,322.127,0,450.076,54.268,91.41,93.58,112.355,158.99,189.299,9.803,127.345,40.0,,,,,,,,0,idle,0,48,48,0,0
2026-08-27T14:09:15+0800,121.339,66.113,26.434,temp=59.1'C,throttled=0x0,15.0,1.997,121.316,153.951,307.309,0,450.076,54.215,91.41,93.601,112.355,158.99,189.299,9.801,127.345,40.0,,,,,,,,0,playing,0,49,48,0,0
2026-08-27T14:09:16+0800,121.264,66.078,26.434,temp=59.6'C,throttled=0x0,15.0,1.997,121.728,154.241,293.22,0,450.076,54.215,91.41,93.616,112.614,158.99,189.299,9.801,126.779,40.0,,,,,,,,0,playing,0,49,48,0,0
2026-08-27T14:09:17+0800,128.248,69.34,26.434,temp=59.1'C,throttled=0x0,15.0,1.997,121.728,154.283,409.355,0,450.076,54.268,91.41,93.601,112.614,158.99,189.299,9.788,127.345,40.0,,,,,,,,0,playing,0,49,48,0,0
2026-08-27T14:09:18+0800,132.289,69.84,26.434,temp=58.5'C,throttled=0x0,15.0,1.997,121.728,154.283,462.081,0,454.935,54.215,91.41,93.601,111.768,158.99,189.299,9.792,126.779,40.0,,,,,,,,0,playing,0,49,48,0,0
2026-08-27T14:09:19+0800,124.117,67.0,26.434,temp=59.1'C,throttled=0x0,15.0,1.997,121.316,154.283,9.745,0,450.076,54.215,92.857,93.601,109.506,158.99,189.299,9.792,126.468,40.0,,,,,,,,0,playing,0,49,48,0,0
2026-08-27T14:09:20+0800,121.659,67.59,26.434,temp=59.1'C,throttled=0x0,15.0,1.998,121.316,154.283,416.174,0,450.076,54.215,92.857,93.65,109.506,158.99,189.299,9.801,126.468,40.0,,,,,,,,0,playing,0,49,48,0,0
2026-08-27T14:09:21+0800,124.722,67.656,26.434,temp=59.1'C,throttled=0x0,15.0,1.997,121.155,154.283,497.026,0,454.935,54.268,92.857,93.65,109.198,158.99,189.299,9.79,126.779,40.0,,,,,,,,0,idle,0,49,49,0,0
2026-08-27T14:09:22+0800,119.741,67.691,26.434,temp=59.1'C,throttled=0x0,15.0,1.997,121.155,154.283,489.338,0,456.495,54.334,92.857,93.616,109.198,158.99,189.299,9.822,125.678,40.0,,,,,,,,0,idle,0,49,49,0,0
2026-08-27T14:09:23+0800,119.819,67.781,26.434,temp=59.1'C,throttled=0x0,15.0,1.997,121.155,154.241,61.376,0,462.081,54.413,92.857,93.601,109.067,158.99,189.299,9.867,125.504,40.0,,,,,,,,0,idle,0,49,49,0,0
2026-08-27T14:09:24+0800,121.481,67.688,26.434,temp=59.1'C,throttled=0x0,15.0,1.998,121.155,154.241,68.627,0,462.081,55.242,92.857,93.58,109.067,158.99,189.299,9.881,125.504,40.0,,,,,,,,0,idle,0,49,49,0,0
2026-08-27T14:09:25+0800,121.82,67.848,26.434,temp=58.5'C,throttled=0x0,15.0,1.998,121.155,154.241,70.515,0,466.766,56.385,92.857,93.58,109.067,158.99,189.299,9.897,125.165,40.0,,,,,,,,0,idle,0,49,49,0,0
2026-08-27T14:09:26+0800,121.036,67.801,26.434,temp=58.5'C,throttled=0x0,15.0,1.998,121.155,154.241,80.531,0,467.842,57.124,92.857,93.534,109.067,158.99,189.299,9.926,125.165,40.0,,,,,,,,0,idle,0,49,49,0,0
2026-08-27T14:09:27+0800,122.872,67.867,26.434,temp=59.1'C,throttled=0x0,15.0,1.998,121.155,154.241,71.73,0,468.009,57.124,92.373,93.415,109.067,158.99,189.299,9.932,125.165,40.0,,,,,,,,0,idle,0,49,49,0,0
2026-08-27T14:09:28+0800,122.56,67.855,26.434,temp=58.0'C,throttled=0x0,15.0,1.998,121.155,154.241,153.098,0,468.009,57.771,91.41,93.415,109.067,158.99,189.299,9.933,125.165,40.0,,,,,,,,0,idle,0,49,49,0,0
2026-08-27T14:09:29+0800,120.012,67.773,26.434,temp=58.0'C,throttled=0x0,15.0,1.998,121.155,154.241,138.327,0,468.009,57.124,91.41,93.534,109.067,158.99,189.299,9.936,124.614,40.0,,,,,,,,0,idle,0,49,49,0,0
2026-08-27T14:09:30+0800,121.367,67.785,26.434,temp=59.1'C,throttled=0x0,15.0,1.998,121.155,154.241,144.629,0,468.009,55.467,91.014,93.415,109.067,158.99,189.299,9.927,124.614,40.0,,,,,,,,0,idle,0,49,49,0,0
2026-08-27T14:09:31+0800,124.666,67.879,26.434,temp=58.5'C,throttled=0x0,15.0,1.998,121.155,154.283,440.2,0,468.009,55.467,91.014,93.415,109.067,158.99,189.299,9.916,124.172,40.0,,,,,,,,0,idle,0,49,49,0,0
2026-08-27T14:09:32+0800,121.018,67.711,26.434,temp=59.1'C,throttled=0x0,15.0,1.998,121.155,154.283,440.2,0,468.009,55.467,91.014,93.415,109.067,158.99,189.299,9.9,124.2,40.0,,,,,,,,0,idle,0,49,49,0,0
2026-08-27T14:09:33+0800,121.507,67.84,26.434,temp=59.1'C,throttled=0x0,15.0,1.998,121.155,154.283,440.2,0,468.009,55.467,91.014,93.415,109.067,158.99,189.299,9.9,124.2,40.0,,,,,,,,0,idle,0,49,49,0,0
2026-08-27T14:09:34+0800,121.158,67.746,26.434,temp=58.0'C,throttled=0x0,15.0,1.998,121.155,154.283,440.2,0,468.009,55.467,91.014,93.415,109.067,158.99,189.299,9.922,124.178,40.0,,,,,,,,0,idle,0,49,49,0,0
2026-08-27T14:09:35+0800,120.908,67.863,26.434,temp=58.5'C,throttled=0x0,15.0,1.998,121.155,154.283,440.2,0,468.009,55.467,91.014,93.415,109.067,158.99,189.299,9.923,124.178,40.0,,,,,,,,0,idle,0,49,49,0,0
2026-08-27T14:09:36+0800,120.064,67.746,26.434,temp=59.1'C,throttled=0x0,15.0,1.998,121.155,154.283,440.2,0,468.009,55.467,91.014,93.415,109.067,158.99,189.299,9.893,124.178,40.0,,,,,,,,0,playing,0,50,49,0,0
2026-08-27T14:09:37+0800,119.069,67.773,26.434,temp=58.5'C,throttled=0x0,15.0,1.998,121.155,154.283,440.2,0,468.009,55.467,91.014,93.415,109.067,158.99,189.299,9.875,124.614,40.0,,,,,,,,0,playing,0,50,49,0,0
2026-08-27T14:09:38+0800,121.037,67.824,26.434,temp=59.6'C,throttled=0x0,15.0,1.998,121.155,154.283,440.2,0,468.009,55.467,91.014,93.415,109.067,158.99,189.299,9.871,125.308,40.0,,,,,,,,0,playing,0,50,49,0,0
2026-08-27T14:09:39+0800,119.939,67.734,26.434,temp=59.1'C,throttled=0x0,15.0,1.998,121.155,154.283,440.2,0,468.009,55.467,91.014,93.415,109.067,158.99,189.299,9.862,126.468,40.0,,,,,,,,0,playing,0,50,49,0,0
2026-08-27T14:09:40+0800,119.947,67.73,26.434,temp=59.1'C,throttled=0x0,15.0,1.998,121.155,154.283,440.2,0,468.009,55.467,91.014,93.415,109.067,158.99,189.299,9.864,126.468,40.0,,,,,,,,0,playing,0,50,49,0,0
2026-08-27T14:09:41+0800,123.091,69.496,26.434,temp=59.1'C,throttled=0x0,15.0,1.998,121.155,154.283,440.2,0,468.009,55.467,91.014,93.415,109.067,158.99,189.299,9.895,125.308,40.0,,,,,,,,0,idle,0,50,50,0,0
2026-08-27T14:09:42+0800,130.683,70.652,26.434,temp=59.1'C,throttled=0x0,15.0,1.998,121.155,154.283,440.2,0,468.009,55.467,91.014,93.415,109.067,158.99,189.299,9.964,124.178,40.0,,,,,,,,0,idle,0,50,50,0,0
2026-08-27T14:09:43+0800,128.38,67.684,26.434,temp=59.1'C,throttled=0x0,15.0,1.998,121.155,154.283,440.2,0,468.009,55.467,91.014,93.415,109.067,158.99,189.299,9.991,124.172,40.0,,,,,,,,0,idle,0,50,50,0,0
2026-08-27T14:09:44+0800,121.446,67.766,26.434,temp=58.5'C,throttled=0x0,15.0,1.998,121.155,154.283,440.2,0,468.009,55.467,91.014,93.415,109.067,158.99,189.299,10.03,123.536,40.0,,,,,,,,0,idle,0,50,50,0,0
2026-08-27T14:09:45+0800,119.644,67.762,26.434,temp=58.5'C,throttled=0x0,15.0,1.998,121.155,154.283,440.2,0,468.009,55.467,91.014,93.415,109.067,158.99,189.299,10.069,122.998,40.0,,,,,,,,0,idle,0,50,50,0,0
2026-08-27T14:09:46+0800,122.853,67.781,26.434,temp=59.1'C,throttled=0x0,15.0,1.998,121.155,154.283,440.2,0,468.009,55.467,91.014,93.415,109.067,158.99,189.299,10.092,120.834,40.0,,,,,,,,0,idle,0,50,50,0,0
2026-08-27T14:09:47+0800,118.259,67.723,26.434,temp=58.5'C,throttled=0x0,15.0,1.998,121.155,154.283,440.2,0,468.009,55.467,91.014,93.415,109.067,158.99,189.299,10.115,120.138,40.0,,,,,,,,0,idle,0,50,50,0,0
2026-08-27T14:09:48+0800,121.858,67.707,26.434,temp=59.1'C,throttled=0x0,15.0,1.998,121.155,154.283,440.2,0,468.009,55.467,91.014,93.415,109.067,158.99,189.299,10.124,120.834,40.0,,,,,,,,0,idle,0,50,50,0,0
2026-08-27T14:09:50+0800,120.826,67.836,26.434,temp=58.5'C,throttled=0x0,15.0,1.998,121.155,154.283,440.2,0,468.009,55.467,91.014,93.415,109.067,158.99,189.299,10.144,120.834,40.0,,,,,,,,0,idle,0,50,50,0,0
2026-08-27T14:09:51+0800,119.385,67.691,26.434,temp=58.5'C,throttled=0x0,15.0,1.998,121.155,154.283,440.2,0,468.009,55.467,91.014,93.415,109.067,158.99,189.299,10.186,120.834,40.0,,,,,,,,0,idle,0,50,50,0,0
2026-08-27T14:09:52+0800,124.572,67.703,26.434,temp=58.5'C,throttled=0x0,15.0,1.998,121.155,154.283,440.2,0,468.009,55.467,91.014,93.415,109.067,158.99,189.299,10.188,122.07,40.0,,,,,,,,0,idle,0,50,50,0,0
2026-08-27T14:09:53+0800,119.836,67.691,26.434,temp=59.1'C,throttled=0x0,15.0,1.998,121.155,154.283,440.2,0,468.009,55.467,91.014,93.415,109.067,158.99,189.299,10.203,122.07,40.0,,,,,,,,0,idle,0,50,50,0,0
2026-08-27T14:09:54+0800,122.729,67.758,26.434,temp=58.0'C,throttled=0x0,15.0,1.998,121.155,154.283,440.2,0,468.009,55.467,91.014,93.415,109.067,158.99,189.299,10.227,122.07,40.0,,,,,,,,0,idle,0,50,50,0,0
2026-08-27T14:09:55+0800,119.984,67.781,26.434,temp=58.0'C,throttled=0x0,15.0,1.998,121.155,154.283,440.2,0,468.009,55.467,91.014,93.415,109.067,158.99,189.299,10.226,121.593,40.0,,,,,,,,0,idle,0,50,50,0,0
2026-08-27T14:09:56+0800,119.216,67.762,26.434,temp=58.5'C,throttled=0x0,15.0,1.998,121.155,154.283,440.2,0,468.009,55.467,91.014,93.415,109.067,158.99,189.299,10.255,121.593,40.0,,,,,,,,0,idle,0,50,50,0,0
2026-08-27T14:09:57+0800,118.064,67.832,26.434,temp=59.1'C,throttled=0x0,15.0,1.998,121.155,154.283,440.2,0,468.009,55.467,91.014,93.415,109.067,158.99,189.299,10.225,122.998,40.0,,,,,,,,0,playing,0,51,50,0,0
2026-08-27T14:09:58+0800,118.819,67.723,26.434,temp=59.1'C,throttled=0x0,15.0,1.998,121.155,154.283,440.2,0,468.009,55.467,91.014,93.415,109.067,158.99,189.299,10.206,122.998,40.0,,,,,,,,0,playing,0,51,50,0,0
2026-08-27T14:09:59+0800,119.084,67.812,26.434,temp=59.1'C,throttled=0x0,15.0,1.998,121.155,154.283,440.2,0,468.009,55.467,91.014,93.415,109.067,158.99,189.299,10.189,122.998,40.0,,,,,,,,0,playing,0,51,50,0,0
2026-08-27T14:10:00+0800,120.265,67.746,26.434,temp=58.0'C,throttled=0x0,15.0,1.998,121.155,154.283,440.2,0,468.009,55.467,91.014,93.415,109.067,158.99,189.299,10.168,123.12,40.0,,,,,,,,0,playing,0,51,50,0,0
2026-08-27T14:10:01+0800,121.003,67.719,26.434,temp=59.1'C,throttled=0x0,15.0,1.998,121.155,154.283,440.2,0,468.009,55.467,91.014,93.415,109.067,158.99,189.299,10.144,124.628,40.0,,,,,,,,0,idle,0,51,51,0,0
2026-08-27T14:10:02+0800,118.989,67.82,26.434,temp=58.0'C,throttled=0x0,15.0,1.998,121.155,154.283,440.2,0,468.009,55.467,91.014,93.415,109.067,158.99,189.299,10.215,122.998,40.0,,,,,,,,0,idle,0,51,51,0,0
2026-08-27T14:10:03+0800,112.406,67.805,26.434,temp=58.0'C,throttled=0x0,15.0,1.998,121.155,154.283,440.2,0,468.009,55.467,91.014,93.415,109.067,158.99,189.299,10.265,122.819,40.0,,,,,,,,0,idle,0,51,51,0,0
2026-08-27T14:10:04+0800,111.962,67.727,26.434,temp=58.5'C,throttled=0x0,15.0,1.998,121.155,154.283,440.2,0,468.009,55.467,91.014,93.415,109.067,158.99,189.299,10.335,122.069,40.0,,,,,,,,0,idle,0,51,51,0,0
2026-08-27T14:10:05+0800,113.227,67.816,26.434,temp=58.5'C,throttled=0x0,15.0,1.998,121.155,154.283,440.2,0,468.009,55.467,91.014,93.415,109.067,158.99,189.299,10.399,121.593,40.0,,,,,,,,0,idle,0,51,51,0,0
2026-08-27T14:10:06+0800,111.981,67.805,26.434,temp=58.5'C,throttled=0x0,15.0,1.998,121.155,154.283,440.2,0,468.009,55.467,91.014,93.415,109.067,158.99,189.299,10.48,121.593,40.0,,,,,,,,0,idle,0,51,51,0,0
2026-08-27T14:10:07+0800,113.101,67.688,26.434,temp=58.0'C,throttled=0x0,15.0,1.998,121.155,154.283,440.2,0,468.009,55.467,91.014,93.415,109.067,158.99,189.299,10.49,121.593,40.0,,,,,,,,0,idle,0,51,51,0,0
2026-08-27T14:10:08+0800,116.091,69.422,26.434,temp=58.5'C,throttled=0x0,15.0,1.998,121.155,154.283,440.2,0,468.009,55.467,91.014,93.415,109.067,158.99,189.299,10.547,121.593,40.0,,,,,,,,0,idle,0,51,51,0,0
2026-08-27T14:10:09+0800,120.918,70.777,26.434,temp=58.5'C,throttled=0x0,15.1,1.998,121.155,154.283,440.2,0,468.009,55.467,91.014,93.415,109.067,158.99,189.299,10.575,121.593,40.0,,,,,,,,0,idle,0,51,51,0,0
2026-08-27T14:10:10+0800,118.211,67.691,26.434,temp=58.0'C,throttled=0x0,15.1,1.998,121.155,154.283,440.2,0,468.009,55.467,91.014,93.415,109.067,158.99,189.299,10.612,121.593,40.0,,,,,,,,0,idle,0,51,51,0,0
2026-08-27T14:10:11+0800,110.188,67.715,26.434,temp=58.0'C,throttled=0x0,15.1,1.998,121.155,154.283,440.2,0,468.009,55.467,91.014,93.415,109.067,158.99,189.299,10.662,121.593,40.0,,,,,,,,0,idle,0,51,51,0,0
2026-08-27T14:10:12+0800,111.064,67.723,26.434,temp=58.0'C,throttled=0x0,15.1,1.998,121.155,154.283,440.2,0,468.009,55.467,91.014,93.415,109.067,158.99,189.299,10.692,120.792,40.0,,,,,,,,0,idle,0,51,51,0,0
2026-08-27T14:10:13+0800,111.258,67.695,26.434,temp=58.0'C,throttled=0x0,15.1,1.998,121.155,154.283,440.2,0,468.009,55.467,91.014,93.415,109.067,158.99,189.299,10.722,118.714,40.0,,,,,,,,0,idle,0,51,51,0,0
2026-08-27T14:10:14+0800,114.065,67.777,26.434,temp=58.0'C,throttled=0x0,15.0,1.998,121.155,154.283,440.2,0,468.009,55.467,91.014,93.415,109.067,158.99,189.299,10.748,117.819,40.0,,,,,,,,0,idle,0,51,51,0,0
2026-08-27T14:10:15+0800,111.129,67.684,26.434,temp=58.5'C,throttled=0x0,15.0,1.998,121.155,154.283,440.2,0,468.009,55.467,91.014,93.415,109.067,158.99,189.299,10.81,117.506,40.0,,,,,,,,0,idle,0,51,51,0,0
2026-08-27T14:10:16+0800,108.996,67.801,26.434,temp=58.5'C,throttled=0x0,15.0,1.998,121.155,154.283,440.2,0,468.009,55.467,91.014,93.415,109.067,158.99,189.299,10.832,117.506,40.0,,,,,,,,0,playing,0,52,51,0,0
2026-08-27T14:10:17+0800,112.159,67.875,26.434,temp=58.0'C,throttled=0x0,15.0,1.998,121.155,154.283,440.2,0,468.009,55.467,91.014,93.415,109.067,158.99,189.299,10.793,121.593,40.0,,,,,,,,0,playing,0,52,51,0,0
2026-08-27T14:10:18+0800,111.241,67.781,26.434,temp=58.0'C,throttled=0x0,15.0,1.998,121.155,154.283,440.2,0,468.009,55.467,91.014,93.415,109.067,158.99,189.299,10.825,117.819,40.0,,,,,,,,0,playing,0,52,51,0,0
2026-08-27T14:10:19+0800,112.112,67.816,26.434,temp=58.0'C,throttled=0x0,15.0,1.998,121.155,154.283,440.2,0,468.009,55.467,91.014,93.415,109.067,158.99,189.299,10.86,116.614,40.0,,,,,,,,0,playing,0,52,51,0,0
2026-08-27T14:10:20+0800,116.133,67.723,26.434,temp=58.0'C,throttled=0x0,15.0,1.998,121.155,154.283,440.2,0,468.009,55.467,91.014,93.415,109.067,158.99,189.299,10.911,114.683,40.0,,,,,,,,0,playing,0,52,51,0,0
2026-08-27T14:10:21+0800,112.169,67.688,26.434,temp=58.0'C,throttled=0x0,15.0,1.998,121.155,154.283,440.2,0,468.009,55.467,91.014,93.415,109.067,158.99,189.299,10.971,113.564,40.0,,,,,,,,0,idle,0,52,52,0,0
2026-08-27T14:10:22+0800,111.846,67.66,26.434,temp=58.0'C,throttled=0x0,15.0,1.998,121.155,154.283,440.2,0,468.009,55.467,91.014,93.415,109.067,158.99,189.299,11.054,110.899,40.0,,,,,,,,0,idle,0,52,52,0,0
2026-08-27T14:10:23+0800,110.867,67.809,26.434,temp=58.0'C,throttled=0x0,15.0,1.998,121.155,154.283,440.2,0,468.009,55.467,91.014,93.415,109.067,158.99,189.299,11.136,109.072,40.0,,,,,,,,0,idle,0,52,52,0,0
2026-08-27T14:10:24+0800,112.222,67.758,26.434,temp=58.0'C,throttled=0x0,15.0,1.998,121.155,154.283,440.2,0,468.009,55.467,91.014,93.415,109.067,158.99,189.299,11.181,108.484,40.0,,,,,,,,0,idle,0,52,52,0,0
2026-08-27T14:10:25+0800,110.265,67.703,26.434,temp=58.0'C,throttled=0x0,15.0,1.998,121.155,154.283,440.2,0,468.009,55.467,91.014,93.415,109.067,158.99,189.299,11.197,107.866,40.0,,,,,,,,0,idle,0,52,52,0,0
2026-08-27T14:10:26+0800,113.49,67.688,26.434,temp=58.0'C,throttled=0x0,15.0,1.998,121.155,154.283,440.2,0,468.009,55.467,91.014,93.415,109.067,158.99,189.299,11.206,108.213,40.0,,,,,,,,0,idle,0,52,52,0,0
2026-08-27T14:10:27+0800,113.158,67.695,26.434,temp=58.0'C,throttled=0x0,15.0,1.998,121.155,154.283,440.2,0,468.009,55.467,91.014,93.415,109.067,158.99,189.299,11.188,108.213,40.0,,,,,,,,0,idle,0,52,52,0,0
2026-08-27T14:10:28+0800,113.158,67.734,26.434,temp=58.0'C,throttled=0x0,15.0,1.998,121.155,154.283,440.2,0,468.009,55.467,91.014,93.415,109.067,158.99,189.299,11.172,108.484,40.0,,,,,,,,0,idle,0,52,52,0,0
2026-08-27T14:10:29+0800,113.16,67.648,26.434,temp=56.9'C,throttled=0x0,15.0,1.998,121.155,154.283,440.2,0,468.009,55.467,91.014,93.415,109.067,158.99,189.299,11.206,108.213,40.0,,,,,,,,0,idle,0,52,52,0,0
2026-08-27T14:10:30+0800,111.141,67.77,26.434,temp=57.5'C,throttled=0x0,15.0,1.998,121.155,154.283,440.2,0,468.009,55.467,91.014,93.415,109.067,158.99,189.299,11.21,108.213,40.0,,,,,,,,0,idle,0,52,52,0,0
2026-08-27T14:10:31+0800,114.252,67.723,26.434,temp=58.5'C,throttled=0x0,15.0,1.998,121.155,154.283,440.2,0,468.009,55.467,91.014,93.415,109.067,158.99,189.299,11.179,108.213,40.0,,,,,,,,0,idle,0,52,52,0,0
2026-08-27T14:10:32+0800,110.302,67.691,26.434,temp=56.9'C,throttled=0x0,15.0,1.998,121.155,154.283,440.2,0,468.009,55.467,91.014,93.415,109.067,158.99,189.299,11.211,108.213,40.0,,,,,,,,0,idle,0,52,52,0,0
2026-08-27T14:10:33+0800,109.441,67.629,26.434,temp=57.5'C,throttled=0x0,15.0,1.998,121.155,154.283,440.2,0,468.009,55.467,91.014,93.415,109.067,158.99,189.299,11.208,107.866,40.0,,,,,,,,0,idle,0,52,52,0,0
2026-08-27T14:10:34+0800,111.989,67.707,26.434,temp=57.5'C,throttled=0x0,15.0,1.998,121.155,154.283,440.2,0,468.009,55.467,91.014,93.415,109.067,158.99,189.299,11.208,107.621,40.0,,,,,,,,0,idle,0,52,52,0,0
2026-08-27T14:10:35+0800,112.962,70.574,26.434,temp=57.5'C,throttled=0x0,15.0,1.998,121.155,154.283,440.2,0,468.009,55.467,91.014,93.415,109.067,158.99,189.299,11.209,107.592,40.0,,,,,,,,0,idle,0,52,52,0,0
2026-08-27T14:10:41+0800,116.94,67.695,26.434,temp=58.0'C,throttled=0x0,15.0,1.998,121.316,154.241,270.331,0,467.842,55.242,91.014,93.593,109.506,148.413,189.299,10.844,116.356,40.0,,,,,,,,0,idle,0,53,53,0,0
2026-08-27T14:10:42+0800,125.093,67.738,26.434,temp=58.0'C,throttled=0x0,15.0,1.997,121.728,154.283,256.006,0,467.842,55.242,91.014,93.593,110.777,148.413,189.299,10.72,118.473,40.0,,,,,,,,0,idle,0,53,53,0,0
2026-08-27T14:10:43+0800,121.551,67.785,26.434,temp=57.5'C,throttled=0x0,15.0,1.998,121.728,154.283,288.07,0,466.766,55.242,91.014,93.593,111.336,148.413,189.299,10.636,120.398,40.0,,,,,,,,0,idle,0,53,53,0,0
2026-08-27T14:10:44+0800,118.956,67.832,26.434,temp=57.5'C,throttled=0x0,15.0,1.998,121.728,154.283,363.37,0,467.368,55.467,91.014,93.593,111.336,148.413,189.299,10.624,119.743,40.0,,,,,,,,0,idle,0,53,53,0,0
2026-08-27T14:10:45+0800,120.797,67.684,26.434,temp=58.0'C,throttled=0x0,15.0,1.998,121.728,154.604,344.543,0,467.842,55.467,91.014,93.553,110.777,148.413,189.299,10.597,120.398,40.0,,,,,,,,0,idle,0,53,53,0,0
2026-08-27T14:10:46+0800,121.85,67.809,26.434,temp=58.0'C,throttled=0x0,15.0,1.998,121.728,155.279,345.261,0,467.842,57.124,91.014,93.553,110.777,148.413,189.299,10.543,120.398,40.0,,,,,,,,0,idle,0,53,53,0,0
2026-08-27T14:10:47+0800,128.316,70.844,26.434,temp=58.0'C,throttled=0x0,15.0,1.998,121.946,155.279,357.976,0,468.009,57.771,91.014,93.553,110.777,148.413,189.299,10.475,121.044,40.0,,,,,,,,0,idle,0,53,53,0,0
2026-08-27T14:10:48+0800,129.057,70.598,26.434,temp=58.0'C,throttled=0x0,15.0,1.997,122.017,155.279,386.055,0,468.562,57.841,91.41,93.58,110.777,148.413,189.299,10.415,121.771,40.0,,,,,,,,0,idle,0,53,53,0,0
2026-08-27T14:10:49+0800,125.426,67.75,26.434,temp=58.0'C,throttled=0x0,15.0,1.998,122.707,155.279,482.174,0,476.032,58.319,91.41,93.593,110.777,148.413,189.299,10.357,121.771,40.0,,,,,,,,0,idle,0,53,53,0,0
2026-08-27T14:10:50+0800,120.65,67.684,26.434,temp=58.0'C,throttled=0x0,15.0,1.998,122.707,155.279,454.569,0,478.585,59.004,91.41,93.58,110.777,148.413,189.299,10.312,121.771,40.0,,,,,,,,0,idle,0,53,53,0,0
2026-08-27T14:10:52+0800,120.865,67.684,26.434,temp=57.5'C,throttled=0x0,15.0,1.998,122.017,155.279,471.879,0,478.585,59.004,91.41,93.58,110.777,148.413,189.299,10.256,121.771,40.0,,,,,,,,0,idle,0,53,53,0,0
2026-08-27T14:10:53+0800,120.647,67.812,26.434,temp=58.0'C,throttled=0x0,15.0,1.998,121.946,155.279,466.809,0,476.032,59.004,91.014,93.553,110.777,148.413,189.299,10.21,121.771,40.0,,,,,,,,0,idle,0,53,53,0,0
2026-08-27T14:10:54+0800,121.745,67.66,26.434,temp=58.0'C,throttled=0x0,15.0,1.997,121.946,154.604,43.989,0,476.032,59.081,91.014,93.534,110.777,148.413,189.299,10.165,121.997,40.0,,,,,,,,0,idle,0,53,53,0,0
2026-08-27T14:10:55+0800,121.013,67.684,26.434,temp=58.0'C,throttled=0x0,15.0,1.997,121.946,154.604,39.118,0,472.212,59.068,91.014,93.553,110.777,148.413,189.299,10.072,122.227,40.0,,,,,,,,0,playing,0,54,53,0,0
2026-08-27T14:10:56+0800,121.853,67.691,26.434,temp=58.5'C,throttled=0x0,15.0,1.998,121.946,154.604,110.841,0,468.562,59.068,91.41,93.58,112.194,148.413,189.299,9.927,126.63,40.0,,,,,,,,0,playing,0,54,53,0,0
2026-08-27T14:10:57+0800,127.876,67.805,26.434,temp=58.0'C,throttled=0x0,15.0,1.998,121.946,154.604,27.561,0,468.256,59.004,91.41,93.593,112.513,148.413,189.299,9.82,133.372,40.0,,,,,,,,0,playing,0,54,53,0,0
2026-08-27T14:10:58+0800,130.165,67.785,26.434,temp=58.5'C,throttled=0x0,15.0,1.998,121.946,154.604,60.261,0,468.256,59.004,91.41,93.593,112.513,148.413,189.299,9.703,139.782,40.0,,,,,,,,0,idle,0,54,54,0,0
2026-08-27T14:10:59+0800,125.899,67.762,26.434,temp=58.5'C,throttled=0x0,15.0,1.998,121.946,154.283,157.76,0,468.256,59.068,91.41,93.65,113.109,158.99,189.299,9.591,141.037,40.0,,,,,,,,0,idle,0,54,54,0,0
2026-08-27T14:11:00+0800,124.903,67.809,26.434,temp=58.5'C,throttled=0x0,15.0,1.998,122.017,154.283,161.331,0,468.009,59.081,91.41,93.678,113.109,158.99,189.299,9.537,141.037,40.0,,,,,,,,0,idle,0,54,54,0,0
2026-08-27T14:11:01+0800,119.603,67.73,26.434,temp=58.0'C,throttled=0x0,15.0,1.998,122.017,154.283,161.886,0,467.368,59.801,91.41,93.972,113.109,158.99,189.299,9.493,141.037,40.0,,,,,,,,0,idle,0,54,54,0,0
2026-08-27T14:11:02+0800,123.214,67.727,26.434,temp=58.0'C,throttled=0x0,15.0,1.998,122.707,154.283,160.473,0,468.493,60.245,91.41,93.984,113.109,158.99,189.299,9.458,141.037,40.0,,,,,,,,0,idle,0,54,54,0,0
2026-08-27T14:11:03+0800,126.006,67.758,26.434,temp=58.0'C,throttled=0x0,15.0,1.998,122.707,154.283,183.765,0,468.562,60.261,92.373,94.152,113.109,158.99,189.299,9.406,141.037,40.0,,,,,,,,0,idle,0,54,54,0,0
2026-08-27T14:11:04+0800,120.697,67.859,26.434,temp=58.0'C,throttled=0x0,15.0,1.998,122.707,154.283,258.354,0,469.251,60.261,92.373,93.984,113.109,158.99,189.299,9.386,141.037,40.0,,,,,,,,0,idle,0,54,54,0,0
2026-08-27T14:11:05+0800,120.131,67.801,26.434,temp=57.5'C,throttled=0x0,15.0,1.998,122.707,154.283,242.747,0,469.251,60.802,92.373,93.984,113.109,158.99,189.299,9.383,141.037,40.0,,,,,,,,0,idle,0,54,54,0,0
2026-08-27T14:11:06+0800,121.126,67.727,26.434,temp=58.0'C,throttled=0x0,15.0,1.998,122.707,154.283,246.708,0,469.251,60.261,91.014,93.984,113.109,158.99,189.299,9.39,141.037,40.0,,,,,,,,0,idle,0,54,54,0,0
2026-08-27T14:11:07+0800,121.642,67.727,26.434,temp=58.0'C,throttled=0x0,15.0,1.998,122.707,154.283,244.472,0,469.251,60.261,91.014,94.152,113.109,158.99,189.299,9.428,141.037,40.0,,,,,,,,0,idle,0,54,54,0,0
2026-08-27T14:11:08+0800,126.401,67.84,26.434,temp=58.0'C,throttled=0x0,15.0,1.998,122.707,154.283,267.306,0,469.251,60.261,91.014,94.152,113.109,158.99,189.299,9.479,141.037,40.0,,,,,,,,0,idle,0,54,54,0,0
2026-08-27T14:11:09+0800,124.459,67.82,26.434,temp=58.0'C,throttled=0x0,15.0,1.998,122.707,154.283,255.995,0,469.251,60.261,91.014,94.19,113.706,158.99,189.299,9.473,141.037,40.0,,,,,,,,0,idle,0,54,54,0,0
2026-08-27T14:11:10+0800,122.961,67.723,26.434,temp=58.0'C,throttled=0x0,15.0,1.998,122.707,154.283,274.914,0,469.251,60.261,91.014,94.19,115.29,158.99,189.299,9.473,141.037,40.0,,,,,,,,0,idle,0,54,54,0,0
2026-08-27T14:11:11+0800,127.039,67.758,26.434,temp=58.0'C,throttled=0x0,15.0,1.998,122.707,154.283,356.64,0,469.251,60.261,91.014,94.414,115.311,158.99,189.299,9.415,141.956,40.0,,,,,,,,0,idle,0,54,54,0,0
2026-08-27T14:11:12+0800,123.136,69.574,26.434,temp=57.5'C,throttled=0x0,15.0,1.998,122.707,154.243,372.498,0,469.182,60.261,91.014,94.205,115.311,158.99,189.299,9.375,142.238,40.0,,,,,,,,0,idle,0,54,54,0,0
2026-08-27T14:11:13+0800,122.318,70.82,26.434,temp=59.1'C,throttled=0x0,15.0,1.998,122.893,154.243,385.831,0,469.182,60.802,91.014,94.502,115.692,158.99,189.299,9.328,142.238,40.0,,,,,,,,0,playing,0,55,54,0,0
2026-08-27T14:11:14+0800,131.795,70.738,26.434,temp=58.5'C,throttled=0x0,15.0,1.998,122.894,154.243,427.694,0,469.251,60.802,91.014,94.502,115.692,158.99,189.299,9.319,142.238,40.0,,,,,,,,0,playing,0,55,54,0,0
2026-08-27T14:11:15+0800,122.501,67.582,26.434,temp=58.0'C,throttled=0x0,15.0,1.998,122.893,153.951,386.836,0,471.879,60.817,91.014,94.502,115.692,158.99,189.299,9.291,144.297,40.0,,,,,,,,0,playing,0,55,54,0,0
2026-08-27T14:11:16+0800,122.269,67.805,26.434,temp=58.0'C,throttled=0x0,15.0,1.998,122.893,153.951,451.919,0,469.182,60.802,91.014,94.683,115.692,158.99,189.299,9.282,144.297,40.0,,,,,,,,0,playing,0,55,54,0,0
2026-08-27T14:11:17+0800,121.802,67.719,26.434,temp=58.0'C,throttled=0x0,15.0,1.998,122.894,153.703,486.442,0,469.182,60.817,91.014,94.683,115.692,158.99,189.299,9.264,144.297,40.0,,,,,,,,0,idle,0,55,55,0,0
2026-08-27T14:11:18+0800,122.931,67.809,26.434,temp=58.5'C,throttled=0x0,15.0,1.998,123.017,153.703,11.371,0,467.278,61.376,91.014,94.612,115.692,158.99,189.299,9.248,144.297,40.0,,,,,,,,0,idle,0,55,55,0,0
2026-08-27T14:11:19+0800,122.867,67.836,26.434,temp=58.0'C,throttled=0x0,15.0,1.998,123.017,153.276,2.774,0,467.278,61.376,91.014,94.683,115.692,158.99,189.299,9.251,144.297,40.0,,,,,,,,0,idle,0,55,55,0,0
2026-08-27T14:11:20+0800,122.822,67.789,26.434,temp=58.0'C,throttled=0x0,15.0,1.998,122.894,153.276,13.152,0,467.278,62.172,91.014,94.683,115.692,158.99,189.299,9.248,144.297,40.0,,,,,,,,0,idle,0,55,55,0,0
2026-08-27T14:11:21+0800,123.187,67.652,26.434,temp=58.0'C,throttled=0x0,15.0,1.998,122.894,152.909,90.19,0,467.278,62.249,91.014,94.745,115.692,158.99,189.299,9.244,144.297,40.0,,,,,,,,0,idle,0,55,55,0,0
2026-08-27T14:11:22+0800,122.737,67.801,26.434,temp=58.0'C,throttled=0x0,15.0,1.998,122.894,152.909,77.577,0,468.493,62.249,91.014,94.795,115.692,158.99,189.299,9.29,142.238,40.0,,,,,,,,0,idle,0,55,55,0,0
2026-08-27T14:11:23+0800,124.645,67.746,26.434,temp=57.5'C,throttled=0x0,15.0,1.998,123.017,152.909,91.28,0,469.251,62.249,91.28,94.892,115.692,158.99,189.299,9.387,140.177,40.0,,,,,,,,0,idle,0,55,55,0,0
2026-08-27T14:11:24+0800,123.609,67.742,26.434,temp=58.0'C,throttled=0x0,15.0,1.998,123.032,152.909,133.633,0,469.251,62.172,91.28,94.945,115.692,158.99,189.299,9.476,137.652,40.0,,,,,,,,0,idle,0,55,55,0,0
2026-08-27T14:11:25+0800,120.56,67.719,26.434,temp=58.0'C,throttled=0x0,15.0,1.998,123.032,152.909,126.47,0,469.251,62.172,91.28,94.945,115.692,158.99,189.299,9.576,133.97,40.0,,,,,,,,0,idle,0,55,55,0,0
2026-08-27T14:11:26+0800,120.974,67.809,26.434,temp=57.5'C,throttled=0x0,15.0,1.998,123.041,152.909,114.394,0,469.251,62.172,91.28,94.945,115.692,158.99,189.299,9.59,133.631,40.0,,,,,,,,0,idle,0,55,55,0,0
2026-08-27T14:11:27+0800,121.058,67.691,26.434,temp=58.0'C,throttled=0x0,15.0,1.998,123.041,152.909,134.588,0,469.182,61.376,91.014,94.945,115.692,158.99,189.299,9.589,133.631,40.0,,,,,,,,0,idle,0,55,55,0,0
2026-08-27T14:11:28+0800,124.9,67.77,26.434,temp=58.0'C,throttled=0x0,15.0,1.998,123.041,153.276,213.87,0,466.52,60.802,91.014,94.945,115.692,158.99,189.299,9.591,133.97,40.0,,,,,,,,0,idle,0,55,55,0,0
2026-08-27T14:11:29+0800,121.893,67.695,26.434,temp=58.0'C,throttled=0x0,15.0,1.998,123.041,153.276,243.18,0,451.919,60.245,90.724,94.945,115.692,158.99,189.299,9.596,133.97,40.0,,,,,,,,0,idle,0,55,55,0,0
2026-08-27T14:11:30+0800,122.79,67.746,26.434,temp=58.0'C,throttled=0x0,15.0,1.998,123.041,153.703,242.231,0,450.374,60.201,90.724,94.945,115.692,158.99,189.299,9.584,133.97,40.0,,,,,,,,0,idle,0,55,55,0,0
2026-08-27T14:11:31+0800,121.902,67.73,26.434,temp=58.0'C,throttled=0x0,15.0,1.998,123.373,153.703,245.212,0,447.255,60.245,90.724,94.945,115.692,158.99,189.299,9.578,133.97,40.0,,,,,,,,0,playing,0,56,55,0,0
2026-08-27T14:11:32+0800,119.891,67.777,26.434,temp=58.5'C,throttled=0x0,15.0,1.997,123.42,153.951,255.123,0,447.255,60.245,90.724,94.958,115.311,158.99,189.299,9.53,134.54,40.0,,,,,,,,0,playing,0,56,55,0,0
2026-08-27T14:11:33+0800,122.774,67.715,26.434,temp=58.0'C,throttled=0x0,15.0,1.998,123.42,153.951,266.103,0,447.255,60.245,90.724,94.958,115.311,158.99,189.299,9.496,135.096,40.0,,,,,,,,0,playing,0,56,55,0,0
2026-08-27T14:11:34+0800,121.024,67.68,26.434,temp=58.5'C,throttled=0x0,15.0,1.998,123.93,154.241,288.865,0,451.919,60.245,90.724,94.945,115.311,158.99,189.299,9.478,135.096,40.0,,,,,,,,0,playing,0,56,55,0,0
2026-08-27T14:11:35+0800,122.028,67.797,26.434,temp=58.0'C,throttled=0x0,15.0,1.998,123.93,154.241,340.876,0,451.919,59.801,90.724,94.958,115.311,158.99,189.299,9.537,133.97,40.0,,,,,,,,0,playing,0,56,55,0,0
2026-08-27T14:11:36+0800,122.814,67.695,26.434,temp=58.0'C,throttled=0x0,15.0,1.998,123.93,154.241,310.852,0,452.623,59.624,90.724,94.994,115.311,158.99,189.299,9.585,133.065,40.0,,,,,,,,0,playing,0,56,55,0,0
2026-08-27T14:11:37+0800,120.723,68.219,26.434,temp=58.0'C,throttled=0x0,15.0,1.998,123.789,154.241,356.946,0,452.623,59.081,90.724,94.994,115.311,158.99,189.299,9.647,132.017,40.0,,,,,,,,0,playing,0,56,55,0,0
2026-08-27T14:11:38+0800,131.782,71.215,26.434,temp=58.0'C,throttled=0x0,15.0,1.998,123.789,154.241,409.629,0,452.623,59.081,90.724,94.994,115.311,158.99,189.299,9.677,131.09,40.0,,,,,,,,0,idle,0,56,56,0,0
2026-08-27T14:11:40+0800,128.616,71.043,26.434,temp=58.0'C,throttled=0x0,15.0,1.998,123.789,154.241,419.732,0,451.919,59.068,90.724,94.958,115.311,158.99,189.299,9.721,131.09,40.0,,,,,,,,0,idle,0,56,56,0,0
2026-08-27T14:11:41+0800,123.767,68.125,26.434,temp=58.0'C,throttled=0x0,15.0,1.998,123.789,154.241,431.279,0,451.919,58.319,90.724,94.935,115.311,158.99,189.299,9.735,131.09,40.0,,,,,,,,0,idle,0,56,56,0,0
2026-08-27T14:11:42+0800,122.028,67.949,26.434,temp=58.5'C,throttled=0x0,15.0,1.998,123.789,154.241,426.186,0,447.781,58.319,90.724,94.892,115.311,158.99,189.299,9.751,131.656,40.0,,,,,,,,0,idle,0,56,56,0,0
2026-08-27T14:11:43+0800,119.108,68.137,26.434,temp=58.5'C,throttled=0x0,15.0,1.998,123.789,154.241,427.697,0,447.255,58.319,90.724,94.892,115.311,158.99,189.299,9.774,131.656,40.0,,,,,,,,0,idle,0,56,56,0,0
2026-08-27T14:11:44+0800,120.955,68.234,26.434,temp=58.0'C,throttled=0x0,15.0,1.998,123.789,153.951,53.21,0,440.363,58.319,90.724,94.945,115.311,158.99,189.299,9.77,131.09,40.0,,,,,,,,0,idle,0,56,56,0,0
2026-08-27T14:11:45+0800,122.102,68.164,26.434,temp=58.0'C,throttled=0x0,15.0,1.998,123.789,153.951,65.083,0,447.177,59.004,90.724,94.945,115.311,158.99,189.299,9.767,131.09,40.0,,,,,,,,0,idle,0,56,56,0,0
2026-08-27T14:11:46+0800,119.912,68.172,26.434,temp=58.0'C,throttled=0x0,15.0,1.998,123.789,153.703,45.452,0,447.255,59.068,90.724,94.945,115.311,158.99,189.299,9.77,131.09,40.0,,,,,,,,0,idle,0,56,56,0,0
2026-08-27T14:11:47+0800,118.915,68.012,26.434,temp=58.0'C,throttled=0x0,15.0,1.998,123.42,153.703,121.808,0,447.177,59.068,90.724,94.994,115.311,158.99,189.299,9.795,130.163,40.0,,,,,,,,0,idle,0,56,56,0,0
2026-08-27T14:11:48+0800,122.541,68.07,26.434,temp=58.5'C,throttled=0x0,15.0,1.998,123.42,153.703,93.63,0,440.363,58.6,90.697,94.958,115.311,158.99,189.299,9.801,130.163,40.0,,,,,,,,0,idle,0,56,56,0,0
2026-08-27T14:11:49+0800,123.081,68.109,26.434,temp=58.0'C,throttled=0x0,15.0,1.998,123.42,153.703,100.953,0,431.856,58.319,90.697,94.994,115.311,158.99,189.299,9.79,130.163,40.0,,,,,,,,0,idle,0,56,56,0,0
2026-08-27T14:11:50+0800,120.964,68.133,26.434,temp=58.0'C,throttled=0x0,15.0,1.998,123.373,153.703,87.874,0,431.856,58.319,90.697,95.021,115.311,158.99,189.299,9.811,129.514,40.0,,,,,,,,0,idle,0,56,56,0,0
2026-08-27T14:11:51+0800,120.967,68.137,26.434,temp=58.0'C,throttled=0x0,15.0,1.998,123.373,153.703,177.055,0,440.363,58.319,90.697,95.021,115.311,158.99,189.299,9.819,128.335,40.0,,,,,,,,0,idle,0,56,56,0,0
2026-08-27T14:11:52+0800,121.834,67.992,26.434,temp=58.0'C,throttled=0x0,15.0,1.998,123.373,153.703,140.502,0,447.177,58.319,90.697,94.994,115.311,158.99,189.299,9.827,128.335,40.0,,,,,,,,0,idle,0,56,56,0,0
2026-08-27T14:11:53+0800,119.102,68.125,26.434,temp=58.0'C,throttled=0x0,15.0,1.998,123.373,153.703,127.903,0,447.177,58.319,90.697,94.958,115.311,158.99,189.299,9.838,128.335,40.0,,,,,,,,0,idle,0,56,56,0,0
2026-08-27T14:11:54+0800,125.589,68.18,26.434,temp=58.0'C,throttled=0x0,15.0,1.997,123.42,153.951,158.009,0,447.177,57.841,90.697,94.994,115.311,158.99,189.299,9.809,129.514,40.0,,,,,,,,0,playing,0,57,56,0,0
2026-08-27T14:11:55+0800,116.249,68.02,26.434,temp=58.5'C,throttled=0x0,15.0,1.998,123.42,153.951,196.794,0,447.177,57.841,90.596,95.021,115.311,158.99,189.299,9.782,128.335,40.0,,,,,,,,0,playing,0,57,56,0,0
2026-08-27T14:11:56+0800,121.449,68.047,26.434,temp=59.1'C,throttled=0x0,15.0,1.998,123.42,153.951,247.639,0,440.363,57.771,90.33,95.021,115.311,158.99,189.299,9.767,129.873,40.0,,,,,,,,0,playing,0,57,56,0,0
2026-08-27T14:11:57+0800,121.032,67.984,26.434,temp=58.5'C,throttled=0x0,15.0,1.998,124.48,153.951,191.716,0,443.029,57.771,90.596,94.994,115.311,158.99,189.299,9.744,129.873,40.0,,,,,,,,0,playing,0,57,56,0,0
2026-08-27T14:11:58+0800,121.92,68.172,26.434,temp=58.0'C,throttled=0x0,15.0,1.998,124.597,154.243,213.412,0,437.42,57.771,90.596,94.958,115.311,158.99,189.299,9.738,129.873,40.0,,,,,,,,0,playing,0,57,56,0,0
2026-08-27T14:11:59+0800,123.188,68.031,26.434,temp=58.0'C,throttled=0x0,15.0,1.998,124.597,154.243,297.802,0,437.42,56.429,90.596,94.958,115.311,158.99,189.299,9.803,128.252,40.0,,,,,,,,0,idle,0,57,57,0,0
2026-08-27T14:12:00+0800,120.879,68.141,26.434,temp=58.0'C,throttled=0x0,15.0,1.998,124.765,154.243,290.151,0,431.992,56.387,90.596,94.945,115.311,158.99,189.299,9.827,127.386,40.0,,,,,,,,0,idle,0,57,57,0,0
2026-08-27T14:12:01+0800,118.168,68.043,26.434,temp=58.0'C,throttled=0x0,15.0,1.998,124.597,154.243,272.473,0,437.42,56.429,90.697,94.935,115.311,158.99,189.299,9.853,127.386,40.0,,,,,,,,0,idle,0,57,57,0,0
2026-08-27T14:12:02+0800,122.216,68.082,26.434,temp=58.0'C,throttled=0x0,15.0,1.998,124.597,154.243,339.592,0,437.42,57.124,90.697,94.892,115.311,158.99,189.299,9.907,126.115,40.0,,,,,,,,0,idle,0,57,57,0,0
2026-08-27T14:12:03+0800,120.839,67.98,26.434,temp=58.0'C,throttled=0x0,15.0,1.998,124.597,154.243,315.868,0,437.42,57.771,90.697,94.814,115.311,158.99,189.299,9.929,125.681,40.0,,,,,,,,0,idle,0,57,57,0,0
2026-08-27T14:12:04+0800,121.978,68.055,26.434,temp=58.0'C,throttled=0x0,15.0,1.998,124.597,154.243,321.746,0,435.798,56.429,90.596,94.814,115.311,158.99,189.299,9.942,126.115,40.0,,,,,,,,0,idle,0,57,57,0,0
2026-08-27T14:12:05+0800,120.641,69.621,26.434,temp=58.0'C,throttled=0x0,15.0,1.998,124.597,154.243,394.103,0,435.798,56.285,90.596,94.814,115.311,158.99,189.299,9.963,125.681,40.0,,,,,,,,0,idle,0,57,57,0,0
2026-08-27T14:12:06+0800,130.89,71.008,26.434,temp=58.0'C,throttled=0x0,15.0,1.998,124.597,154.243,387.226,0,435.798,55.951,90.33,94.795,115.311,158.99,189.299,9.971,125.681,40.0,,,,,,,,0,idle,0,57,57,0,0
2026-08-27T14:12:07+0800,130.045,70.992,26.434,temp=58.0'C,throttled=0x0,15.0,1.998,124.597,155.412,393.189,0,437.42,55.726,90.33,94.814,115.311,158.99,189.299,9.965,126.115,40.0,,,,,,,,0,idle,0,57,57,0,0
2026-08-27T14:12:08+0800,122.662,68.129,26.434,temp=58.0'C,throttled=0x0,15.0,1.998,124.597,155.412,395.85,0,435.798,55.596,90.33,94.795,115.311,158.99,189.299,9.963,126.139,40.0,,,,,,,,0,idle,0,57,57,0,0
2026-08-27T14:12:09+0800,122.926,68.059,26.434,temp=58.0'C,throttled=0x0,15.0,1.998,124.597,155.412,5.875,0,443.029,55.543,90.596,94.795,115.311,158.99,189.299,9.958,126.139,40.0,,,,,,,,0,idle,0,57,57,0,0
2026-08-27T14:12:10+0800,117.215,68.102,26.434,temp=58.0'C,throttled=0x0,15.0,1.997,124.597,155.412,466.266,0,450.978,55.543,90.596,94.795,115.311,158.99,189.299,9.98,126.115,40.0,,,,,,,,0,idle,0,57,57,0,0
2026-08-27T14:12:11+0800,121.161,68.191,26.434,temp=58.0'C,throttled=0x0,15.0,1.997,124.597,155.412,474.587,0,450.978,55.543,90.596,94.814,115.311,158.99,189.299,9.972,126.115,40.0,,,,,,,,0,idle,0,57,57,0,0
2026-08-27T14:12:12+0800,120.924,68.207,26.434,temp=58.5'C,throttled=0x0,15.0,1.998,124.597,155.412,76.548,0,466.901,55.543,90.596,94.795,115.311,158.99,189.299,9.957,126.115,40.0,,,,,,,,0,idle,0,57,57,0,0
2026-08-27T14:12:13+0800,119.657,68.109,26.434,temp=58.5'C,throttled=0x0,15.0,1.997,124.597,156.173,3.71,0,471.698,55.596,90.596,94.67,115.311,158.99,189.299,9.935,126.365,40.0,,,,,,,,0,playing,0,58,57,0,0
2026-08-27T14:12:14+0800,120.162,68.188,26.434,temp=59.1'C,throttled=0x0,15.0,1.998,125.728,156.173,65.969,0,471.698,55.726,90.596,94.795,115.311,158.99,189.299,9.882,126.642,40.0,,,,,,,,0,playing,0,58,57,0,0
2026-08-27T14:12:15+0800,120.823,68.191,26.434,temp=58.0'C,throttled=0x0,15.0,1.997,125.728,156.173,77.55,0,474.587,55.726,90.33,94.795,115.311,158.99,189.299,9.879,126.642,40.0,,,,,,,,0,playing,0,58,57,0,0
2026-08-27T14:12:16+0800,122.887,68.105,26.434,temp=58.0'C,throttled=0x0,15.0,1.998,125.728,156.173,160.779,0,474.587,55.951,90.33,94.795,115.311,158.99,189.299,9.833,126.699,40.0,,,,,,,,0,playing,0,58,57,0,0
2026-08-27T14:12:17+0800,121.97,68.125,26.434,temp=59.1'C,throttled=0x0,15.0,1.998,124.597,156.173,97.212,0,476.539,56.285,91.014,94.67,115.311,158.99,189.299,9.823,126.699,40.0,,,,,,,,0,playing,0,58,57,0,0
2026-08-27T14:12:18+0800,119.855,68.105,26.434,temp=58.0'C,throttled=0x0,15.0,1.998,124.48,156.173,149.833,0,476.539,56.285,90.596,94.641,115.311,158.99,189.299,9.792,128.241,40.0,,,,,,,,0,idle,0,58,58,0,0
2026-08-27T14:12:19+0800,123.887,68.055,26.434,temp=58.0'C,throttled=0x0,15.0,1.997,124.07,156.173,174.783,0,477.698,56.387,90.596,94.641,115.311,158.99,189.299,9.773,128.476,40.0,,,,,,,,0,idle,0,58,58,0,0
2026-08-27T14:12:20+0800,121.009,68.207,26.434,temp=58.5'C,throttled=0x0,15.0,1.998,124.07,156.173,185.875,0,481.332,56.429,91.014,94.612,115.311,158.99,189.299,9.832,127.386,40.0,,,,,,,,0,idle,0,58,58,0,0
2026-08-27T14:12:21+0800,119.14,68.062,26.434,temp=58.0'C,throttled=0x0,15.0,1.998,123.42,156.173,196.599,0,482.659,56.429,91.28,94.44,115.311,158.99,189.299,9.839,126.642,40.0,,,,,,,,0,idle,0,58,58,0,0
2026-08-27T14:12:22+0800,120.049,68.164,26.434,temp=58.0'C,throttled=0x0,15.0,1.998,123.42,156.173,194.232,0,482.659,56.429,91.28,94.297,115.311,158.99,189.299,9.867,126.365,40.0,,,,,,,,0,idle,0,58,58,0,0
2026-08-27T14:12:23+0800,121.43,67.926,26.434,temp=58.0'C,throttled=0x0,15.0,1.998,123.42,156.173,247.238,0,482.659,57.841,91.28,94.232,115.311,158.99,189.299,9.887,126.365,40.0,,,,,,,,0,idle,0,58,58,0,0
2026-08-27T14:12:24+0800,122.896,68.07,26.434,temp=58.0'C,throttled=0x0,15.0,1.998,123.42,156.173,279.263,0,482.659,57.841,91.28,94.204,115.311,158.99,189.299,9.877,126.336,40.0,,,,,,,,0,idle,0,58,58,0,0
2026-08-27T14:12:25+0800,120.026,68.188,26.434,temp=58.0'C,throttled=0x0,15.0,1.998,123.42,156.173,259.895,0,483.958,57.841,91.28,94.19,115.311,158.99,189.299,9.889,126.365,40.0,,,,,,,,0,idle,0,58,58,0,0
2026-08-27T14:12:26+0800,119.91,68.125,26.434,temp=58.0'C,throttled=0x0,15.0,1.998,123.42,156.173,249.9,0,483.958,58.634,91.28,94.204,115.311,158.99,189.299,9.88,126.365,40.0,,,,,,,,0,idle,0,58,58,0,0
2026-08-27T14:12:27+0800,123.713,68.16,26.434,temp=58.0'C,throttled=0x0,15.0,1.998,123.42,156.173,330.052,0,483.958,58.634,91.28,94.18,115.311,158.99,189.299,9.875,126.365,40.0,,,,,,,,0,idle,0,58,58,0,0
2026-08-27T14:12:28+0800,122.085,68.16,26.434,temp=58.0'C,throttled=0x0,15.0,1.998,123.42,156.173,352.088,0,483.958,59.624,91.28,94.19,115.311,158.99,189.299,9.862,126.365,40.0,,,,,,,,0,idle,0,58,58,0,0
2026-08-27T14:12:29+0800,121.962,68.16,26.434,temp=58.0'C,throttled=0x0,15.0,1.997,123.42,156.173,284.33,0,483.958,61.376,91.28,94.232,115.311,158.99,189.299,9.85,126.365,40.0,,,,,,,,0,idle,0,58,58,0,0
2026-08-27T14:12:31+0800,125.512,69.891,26.434,temp=58.0'C,throttled=0x0,15.0,1.998,123.42,156.173,395.22,0,483.958,59.624,91.28,94.281,115.311,158.99,189.299,9.838,126.551,40.0,,,,,,,,0,idle,0,58,58,0,0
2026-08-27T14:12:32+0800,132.685,71.156,26.434,temp=58.5'C,throttled=0x0,15.0,1.998,123.373,156.173,404.749,0,483.958,59.624,91.28,94.281,115.311,158.99,189.299,9.828,128.241,40.0,,,,,,,,0,idle,0,58,58,0,0
2026-08-27T14:12:33+0800,127.28,68.078,26.434,temp=59.1'C,throttled=0x0,15.0,1.998,123.42,155.412,415.297,0,478.377,59.624,91.28,94.281,115.311,158.99,189.299,9.823,128.787,40.0,,,,,,,,0,idle,0,58,58,0,0
2026-08-27T14:12:34+0800,119.523,68.121,26.434,temp=59.1'C,throttled=0x0,15.0,1.997,124.07,156.173,503.349,0,483.958,58.634,91.28,94.281,115.311,158.99,189.299,9.792,128.855,40.0,,,,,,,,0,playing,0,59,58,0,0
2026-08-27T14:12:35+0800,123.441,68.172,26.434,temp=58.5'C,throttled=0x0,15.0,1.998,124.48,156.173,455.016,0,483.958,58.6,91.371,94.297,115.311,158.99,189.299,9.767,128.787,40.0,,,,,,,,0,playing,0,59,58,0,0
2026-08-27T14:12:36+0800,122.076,68.09,26.434,temp=59.1'C,throttled=0x0,15.0,1.998,124.48,156.173,48.626,0,478.377,58.6,91.371,94.366,115.311,158.99,189.299,9.738,128.855,40.0,,,,,,,,0,playing,0,59,58,0,0
2026-08-27T14:12:37+0800,119.969,68.098,26.434,temp=58.0'C,throttled=0x0,15.0,1.998,124.48,156.173,483.576,0,478.377,58.634,91.371,94.366,115.311,158.99,189.299,9.725,128.855,40.0,,,,,,,,0,playing,0,59,58,0,0
2026-08-27T14:12:38+0800,122.625,68.16,26.434,temp=59.1'C,throttled=0x0,15.0,1.997,124.48,156.672,16.573,0,477.698,58.993,92.373,94.366,115.311,158.99,189.299,9.706,128.855,40.0,,,,,,,,0,playing,0,59,58,0,0
2026-08-27T14:12:39+0800,121.962,68.055,26.434,temp=58.5'C,throttled=0x0,15.0,1.998,124.48,157.151,70.631,0,476.551,59.624,92.373,94.489,115.311,158.99,189.299,9.685,128.855,40.0,,,,,,,,0,playing,0,59,58,0,0
2026-08-27T14:12:40+0800,122.107,68.012,26.434,temp=58.5'C,throttled=0x0,15.0,1.997,124.48,157.438,118.558,0,476.539,58.634,92.373,94.44,113.947,158.99,189.299,9.693,128.865,40.0,,,,,,,,0,idle,0,59,59,0,0
2026-08-27T14:12:41+0800,120.77,68.059,26.434,temp=58.5'C,throttled=0x0,15.0,1.998,124.48,157.438,141.666,0,476.539,58.634,92.373,94.366,113.947,158.99,189.299,9.731,128.865,40.0,,,,,,,,0,idle,0,59,59,0,0
2026-08-27T14:12:42+0800,123.634,68.125,26.434,temp=58.5'C,throttled=0x0,15.0,1.998,124.48,157.438,146.309,0,474.539,57.771,92.373,94.332,113.947,158.99,189.299,9.738,128.865,40.0,,,,,,,,0,idle,0,59,59,0,0
2026-08-27T14:12:43+0800,119.763,67.984,26.434,temp=58.0'C,throttled=0x0,15.0,1.998,124.07,157.438,132.851,0,466.453,56.429,91.371,94.281,113.947,158.99,189.299,9.784,128.855,40.0,,,,,,,,0,idle,0,59,59,0,0
2026-08-27T14:12:44+0800,121.006,68.156,26.434,temp=58.5'C,throttled=0x0,15.0,1.998,123.42,157.438,144.188,0,466.027,56.429,91.371,94.232,113.947,158.99,189.299,9.793,128.865,40.0,,,,,,,,0,idle,0,59,59,0,0
2026-08-27T14:12:45+0800,123.95,68.168,26.434,temp=58.0'C,throttled=0x0,15.0,1.998,123.42,157.438,128.988,0,462.415,56.285,91.371,94.204,113.947,158.99,189.299,9.819,128.855,40.0,,,,,,,,0,idle,0,59,59,0,0
2026-08-27T14:12:46+0800,121.061,68.121,26.434,temp=58.0'C,throttled=0x0,15.0,1.998,123.42,157.438,216.962,0,457.899,55.726,91.371,94.232,113.947,158.99,189.299,9.825,128.787,40.0,,,,,,,,0,idle,0,59,59,0,0
2026-08-27T14:12:47+0800,121.263,68.168,26.434,temp=58.0'C,throttled=0x0,15.0,1.998,123.373,157.151,235.048,0,455.58,55.609,91.28,94.281,113.947,158.99,189.299,9.817,128.855,40.0,,,,,,,,0,idle,0,59,59,0,0
2026-08-27T14:12:48+0800,119.972,67.996,26.434,temp=58.0'C,throttled=0x0,15.0,1.998,123.373,157.151,229.66,0,455.58,55.556,91.28,94.232,113.947,158.99,189.299,9.83,128.855,40.0,,,,,,,,0,idle,0,59,59,0,0
2026-08-27T14:12:49+0800,121.052,68.078,26.434,temp=58.0'C,throttled=0x0,15.0,1.998,123.373,157.151,233.671,0,455.016,55.514,91.28,94.19,113.947,158.99,189.299,9.816,128.865,40.0,,,,,,,,0,idle,0,59,59,0,0
2026-08-27T14:12:50+0800,124.051,68.16,26.434,temp=58.0'C,throttled=0x0,15.0,1.998,123.373,157.151,245.139,0,453.232,55.149,91.28,94.19,113.947,158.99,189.299,9.802,128.865,40.0,,,,,,,,0,idle,0,59,59,0,0
2026-08-27T14:12:51+0800,118.002,68.062,26.434,temp=58.5'C,throttled=0x0,15.0,1.998,123.373,156.672,251.84,0,453.198,55.149,91.28,94.204,113.947,158.99,189.299,9.807,128.865,40.0,,,,,,,,0,idle,0,59,59,0,0
2026-08-27T14:12:52+0800,124.926,68.16,26.434,temp=58.0'C,throttled=0x0,15.0,1.998,123.373,156.672,319.775,0,445.093,54.585,91.28,94.204,113.947,158.99,189.299,9.818,128.865,40.0,,,,,,,,0,idle,0,59,59,0,0
2026-08-27T14:12:53+0800,119.838,68.016,26.434,temp=58.0'C,throttled=0x0,15.0,1.998,123.373,156.672,328.62,0,443.891,53.442,91.28,94.204,113.947,158.99,189.299,9.812,128.865,40.0,,,,,,,,0,idle,0,59,59,0,0
2026-08-27T14:12:54+0800,121.008,68.102,26.434,temp=58.0'C,throttled=0x0,15.0,1.998,123.373,156.173,324.347,0,438.013,53.442,91.28,94.19,113.947,158.99,189.299,9.817,128.865,40.0,,,,,,,,0,idle,0,59,59,0,0
2026-08-27T14:12:55+0800,123.622,68.113,26.434,temp=58.0'C,throttled=0x0,15.0,1.998,123.373,155.412,381.137,0,434.756,53.21,91.28,94.204,113.947,158.99,189.299,9.787,130.625,40.0,,,,,,,,0,playing,0,60,59,0,0
2026-08-27T14:12:56+0800,117.68,69.797,26.434,temp=59.1'C,throttled=0x0,15.0,1.998,123.361,155.412,318.531,0,430.057,53.21,91.28,94.204,113.947,158.99,189.299,9.768,131.74,40.0,,,,,,,,0,playing,0,60,59,0,0
2026-08-27T14:12:57+0800,135.161,71.07,26.434,temp=58.5'C,throttled=0x0,15.0,1.998,123.16,155.412,383.149,0,434.756,53.442,91.28,94.204,113.947,158.99,189.299,9.744,131.74,40.0,,,,,,,,0,playing,0,60,59,0,0
2026-08-27T14:12:58+0800,128.237,71.18,26.434,temp=59.1'C,throttled=0x0,15.0,1.998,123.16,155.412,403.851,0,437.178,53.442,91.371,94.19,113.947,158.99,189.299,9.733,130.625,40.0,,,,,,,,0,idle,0,60,60,0,0
2026-08-27T14:12:59+0800,120.309,68.227,26.434,temp=58.5'C,throttled=0x0,15.0,1.998,123.361,155.412,421.525,0,438.013,53.442,91.371,94.104,113.109,158.99,189.299,9.732,130.625,40.0,,,,,,,,0,idle,0,60,60,0,0
2026-08-27T14:13:00+0800,121.552,68.105,26.434,temp=58.0'C,throttled=0x0,15.0,1.998,123.373,155.412,18.836,0,437.178,54.072,91.371,94.086,112.513,158.99,189.299,9.767,127.418,40.0,,,,,,,,0,idle,0,60,60,0,0
2026-08-27T14:13:01+0800,124.327,68.113,26.434,temp=58.5'C,throttled=0x0,15.0,1.998,124.07,156.173,8.44,0,430.057,53.442,91.371,94.086,111.271,158.99,189.299,9.788,127.418,40.0,,,,,,,,0,idle,0,60,60,0,0
2026-08-27T14:13:02+0800,121.686,68.152,26.434,temp=58.0'C,throttled=0x0,15.0,1.998,124.07,157.151,9.098,0,429.545,52.893,91.371,94.095,111.271,158.99,189.299,9.82,127.103,40.0,,,,,,,,0,idle,0,60,60,0,0
2026-08-27T14:13:03+0800,121.243,68.066,26.434,temp=58.0'C,throttled=0x0,15.0,1.998,124.07,157.151,88.644,0,429.363,52.724,91.371,94.157,111.271,158.99,189.299,9.845,127.103,40.0,,,,,,,,0,idle,0,60,60,0,0
2026-08-27T14:13:04+0800,121.697,68.164,26.434,temp=58.0'C,throttled=0x0,15.0,1.998,124.48,157.151,75.411,0,430.057,52.724,91.371,94.157,111.271,158.99,189.299,9.864,127.103,40.0,,,,,,,,0,idle,0,60,60,0,0
2026-08-27T14:13:05+0800,124.916,68.094,26.434,temp=58.0'C,throttled=0x0,15.0,1.997,124.07,157.151,74.387,0,434.756,52.724,91.371,94.157,111.271,158.99,189.299,9.877,127.103,40.0,,,,,,,,0,idle,0,60,60,0,0
2026-08-27T14:13:06+0800,120.104,68.141,26.434,temp=58.5'C,throttled=0x0,15.0,1.998,123.373,157.151,72.177,0,437.178,52.562,91.371,94.157,111.271,158.99,189.299,9.899,126.354,40.0,,,,,,,,0,idle,0,60,60,0,0
2026-08-27T14:13:07+0800,120.178,68.082,26.434,temp=58.0'C,throttled=0x0,15.0,1.998,123.373,157.151,144.016,0,438.013,52.562,91.28,94.104,111.271,158.99,189.299,9.907,126.354,40.0,,,,,,,,0,idle,0,60,60,0,0
2026-08-27T14:13:08+0800,121.456,68.039,26.434,temp=58.0'C,throttled=0x0,15.0,1.998,123.373,157.151,167.929,0,438.737,52.562,91.28,94.104,111.271,158.99,189.299,9.896,126.63,40.0,,,,,,,,0,idle,0,60,60,0,0
2026-08-27T14:13:09+0800,122.947,68.074,26.434,temp=58.5'C,throttled=0x0,15.0,1.998,123.373,157.151,153.395,0,443.823,52.562,91.28,94.104,111.271,158.99,189.299,9.898,126.354,40.0,,,,,,,,0,idle,0,60,60,0,0
2026-08-27T14:13:10+0800,122.485,68.152,26.434,temp=58.0'C,throttled=0x0,15.0,1.998,123.373,157.151,161.14,0,444.645,52.562,91.28,94.19,111.271,158.99,189.299,9.896,126.354,40.0,,,,,,,,0,idle,0,60,60,0,0
2026-08-27T14:13:11+0800,122.091,67.977,26.434,temp=58.0'C,throttled=0x0,15.0,1.998,123.373,157.151,171.227,0,445.093,52.562,91.28,94.204,111.271,158.99,189.299,9.89,126.354,40.0,,,,,,,,0,idle,0,60,60,0,0
2026-08-27T14:13:12+0800,120.154,68.25,26.434,temp=58.0'C,throttled=0x0,15.0,1.998,123.373,157.151,243.568,0,449.202,52.562,91.28,94.204,111.271,158.99,189.299,9.906,125.819,40.0,,,,,,,,0,idle,0,60,60,0,0
2026-08-27T14:13:13+0800,122.693,68.156,26.434,temp=59.1'C,throttled=0x0,15.0,1.997,123.373,157.151,161.738,0,449.202,52.445,91.28,94.232,111.384,158.99,189.299,9.888,126.63,40.0,,,,,,,,0,playing,0,61,60,0,0
2026-08-27T14:13:14+0800,115.7,68.105,26.434,temp=59.1'C,throttled=0x0,15.0,1.998,123.373,157.151,237.074,0,449.202,52.364,91.28,94.237,113.346,158.99,189.299,9.829,127.103,40.0,,,,,,,,0,playing,0,61,60,0,0
2026-08-27T14:13:15+0800,125.079,67.98,26.434,temp=59.1'C,throttled=0x0,15.0,1.998,123.373,157.151,287.514,0,456.663,52.445,91.28,94.237,111.384,158.99,189.299,9.813,126.68,40.0,,,,,,,,0,playing,0,61,60,0,0
2026-08-27T14:13:16+0800,123.543,68.113,26.434,temp=58.5'C,throttled=0x0,15.0,1.998,123.373,157.151,252.587,0,450.83,52.445,90.681,94.237,110.106,158.99,189.299,9.802,127.418,40.0,,,,,,,,0,playing,0,61,60,0,0
2026-08-27T14:13:17+0800,121.696,68.043,26.434,temp=58.0'C,throttled=0x0,15.0,1.998,123.373,157.151,340.132,0,456.663,52.445,90.681,94.232,109.176,158.99,189.299,9.801,127.418,40.0,,,,,,,,0,idle,0,61,61,0,0
2026-08-27T14:13:19+0800,122.153,68.094,26.434,temp=58.5'C,throttled=0x0,15.0,1.998,123.373,157.151,355.809,0,457.835,52.445,90.681,94.237,109.176,158.99,189.299,9.791,127.418,40.0,,,,,,,,0,idle,0,61,61,0,0
2026-08-27T14:13:20+0800,117.244,68.141,26.434,temp=58.0'C,throttled=0x0,15.0,1.998,123.373,157.151,357.09,0,462.45,52.445,90.681,94.237,109.176,158.99,189.299,9.789,127.418,40.0,,,,,,,,0,idle,0,61,61,0,0
2026-08-27T14:13:21+0800,122.398,68.805,26.434,temp=58.0'C,throttled=0x0,15.0,1.998,123.361,157.151,351.983,0,464.448,52.445,90.681,94.281,109.176,158.99,189.299,9.793,127.418,40.0,,,,,,,,0,idle,0,61,61,0,0
2026-08-27T14:13:22+0800,130.301,71.027,26.434,temp=58.5'C,throttled=0x0,15.0,1.998,123.16,157.151,363.647,0,464.697,52.445,90.681,94.281,109.176,158.99,189.299,9.842,126.63,40.0,,,,,,,,0,idle,0,61,61,0,0
2026-08-27T14:13:23+0800,127.741,71.156,26.434,temp=58.5'C,throttled=0x0,15.0,1.998,123.16,157.151,446.382,0,464.959,52.445,90.26,94.281,109.176,158.99,189.299,9.892,122.502,40.0,,,,,,,,0,idle,0,61,61,0,0
2026-08-27T14:13:24+0800,121.611,68.148,26.434,temp=59.1'C,throttled=0x0,15.0,1.998,123.16,157.151,433.956,0,464.697,52.445,90.26,94.301,109.176,158.99,189.299,9.908,121.957,40.0,,,,,,,,0,idle,0,61,61,0,0
2026-08-27T14:13:25+0800,119.991,67.98,26.434,temp=58.0'C,throttled=0x0,15.0,1.998,123.16,157.151,432.883,0,464.697,52.364,90.26,94.301,109.176,158.99,189.299,9.919,121.586,40.0,,,,,,,,0,idle,0,61,61,0,0
2026-08-27T14:13:26+0800,121.109,68.184,26.434,temp=59.1'C,throttled=0x0,15.0,1.998,122.936,156.173,38.893,0,464.697,52.15,90.26,94.301,109.176,158.99,189.299,9.908,121.845,40.0,,,,,,,,0,idle,0,61,61,0,0
2026-08-27T14:13:27+0800,120.408,68.102,26.434,temp=58.5'C,throttled=0x0,15.0,1.998,122.936,156.173,50.73,0,464.697,51.48,90.26,94.332,109.465,158.99,189.299,9.898,121.957,40.0,,,,,,,,0,idle,0,61,61,0,0
2026-08-27T14:13:28+0800,124.802,68.152,26.434,temp=58.0'C,throttled=0x0,15.0,1.998,122.936,156.173,49.176,0,464.697,51.48,90.26,94.366,109.465,158.99,189.299,9.898,122.502,40.0,,,,,,,,0,idle,0,61,61,0,0
2026-08-27T14:13:29+0800,121.779,68.223,26.434,temp=58.0'C,throttled=0x0,15.0,1.998,123.16,156.173,58.599,0,464.697,52.196,90.26,94.366,108.639,158.99,189.299,9.89,122.502,40.0,,,,,,,,0,idle,0,61,61,0,0
2026-08-27T14:13:30+0800,121.365,68.02,26.434,temp=58.0'C,throttled=0x0,15.0,1.998,123.16,156.173,65.499,0,464.448,52.364,90.26,94.366,107.773,158.99,189.299,9.886,122.502,40.0,,,,,,,,0,idle,0,61,61,0,0
2026-08-27T14:13:31+0800,119.761,68.027,26.434,temp=58.5'C,throttled=0x0,15.0,1.998,123.16,156.173,70.446,0,462.824,52.445,90.26,94.332,107.089,158.99,189.299,9.872,126.63,40.0,,,,,,,,0,idle,0,61,61,0,0
2026-08-27T14:13:32+0800,120.593,68.098,26.434,temp=59.1'C,throttled=0x0,15.0,1.998,123.16,157.438,61.352,0,464.448,52.445,90.26,94.332,107.089,158.99,189.299,9.878,126.63,40.0,,,,,,,,0,playing,0,62,61,0,0
2026-08-27T14:13:33+0800,116.3,68.141,26.434,temp=59.1'C,throttled=0x0,15.0,1.997,123.16,157.438,69.399,0,462.824,52.445,90.26,94.332,107.089,158.99,189.299,9.829,126.682,40.0,,,,,,,,0,playing,0,62,61,0,0
2026-08-27T14:13:34+0800,123.46,68.059,26.434,temp=59.1'C,throttled=0x0,15.0,1.998,123.16,157.438,122.152,0,462.824,52.364,90.26,94.332,107.181,158.99,189.299,9.808,126.881,40.0,,,,,,,,0,playing,0,62,61,0,0
2026-08-27T14:13:35+0800,121.003,68.059,26.434,temp=58.5'C,throttled=0x0,15.0,1.998,123.16,157.438,181.716,0,464.448,52.445,90.26,94.332,107.181,158.99,189.299,9.794,126.881,40.0,,,,,,,,0,playing,0,62,61,0,0
2026-08-27T14:13:36+0800,122.074,68.105,26.434,temp=58.5'C,throttled=0x0,15.0,1.998,123.16,157.438,198.514,0,464.697,52.445,90.26,94.332,107.181,158.99,189.299,9.782,127.137,40.0,,,,,,,,0,playing,0,62,61,0,0
2026-08-27T14:13:37+0800,123.593,68.09,26.434,temp=58.5'C,throttled=0x0,15.0,1.998,123.16,157.438,167.764,0,464.697,52.445,90.26,94.332,107.181,158.99,189.299,9.764,127.137,40.0,,,,,,,,0,idle,0,62,62,0,0
2026-08-27T14:13:38+0800,122.969,68.039,26.434,temp=58.0'C,throttled=0x0,15.0,1.998,123.16,157.438,279.362,0,464.448,52.562,90.26,94.301,107.181,158.99,189.299,9.761,127.137,40.0,,,,,,,,0,idle,0,62,62,0,0
2026-08-27T14:13:39+0800,123.105,68.152,26.434,temp=58.0'C,throttled=0x0,15.0,1.998,122.936,157.438,273.608,0,464.697,52.562,90.26,94.332,107.181,158.99,189.299,9.757,126.881,40.0,,,,,,,,0,idle,0,62,62,0,0
2026-08-27T14:13:40+0800,121.935,68.004,26.434,temp=58.0'C,throttled=0x0,15.0,1.998,122.745,157.438,261.437,0,466.74,52.724,90.681,94.366,107.181,158.99,189.299,9.793,126.656,40.0,,,,,,,,0,idle,0,62,62,0,0
2026-08-27T14:13:41+0800,120.89,68.059,26.434,temp=58.0'C,throttled=0x0,15.0,1.998,122.745,155.348,258.184,0,466.74,53.21,90.681,94.332,107.181,158.99,189.299,9.846,125.101,40.0,,,,,,,,0,idle,0,62,62,0,0
2026-08-27T14:13:42+0800,122.831,68.031,26.434,temp=58.0'C,throttled=0x0,15.0,1.998,122.671,155.348,267.366,0,466.74,53.442,90.681,94.366,107.181,158.99,189.299,9.866,124.59,40.0,,,,,,,,0,idle,0,62,62,0,0
2026-08-27T14:13:43+0800,120.604,68.105,26.434,temp=58.5'C,throttled=0x0,15.0,1.998,122.592,154.631,345.929,0,466.74,53.442,90.681,94.332,107.181,158.99,189.299,9.879,124.59,40.0,,,,,,,,0,idle,0,62,62,0,0
2026-08-27T14:13:44+0800,121.607,68.035,26.434,temp=58.0'C,throttled=0x0,15.0,1.998,122.179,154.631,327.475,0,464.959,53.442,90.681,94.332,107.181,158.99,189.299,9.893,124.474,40.0,,,,,,,,0,idle,0,62,62,0,0
2026-08-27T14:13:45+0800,121.028,68.141,26.434,temp=58.0'C,throttled=0x0,15.0,1.998,122.179,154.631,346.349,0,462.824,53.442,90.26,94.301,107.181,158.99,189.299,9.891,124.59,40.0,,,,,,,,0,idle,0,62,62,0,0
2026-08-27T14:13:46+0800,129.189,71.105,26.434,temp=58.0'C,throttled=0x0,15.0,1.998,122.179,154.631,430.972,0,459.951,53.442,90.26,94.332,107.181,158.99,189.299,9.889,124.59,40.0,,,,,,,,0,idle,0,62,62,0,0
2026-08-27T14:13:47+0800,135.486,71.09,26.434,temp=58.5'C,throttled=0x0,15.0,1.998,122.179,155.13,450.354,0,458.768,54.072,90.26,94.301,107.181,158.99,189.299,9.884,124.744,40.0,,,,,,,,0,idle,0,62,62,0,0
2026-08-27T14:13:48+0800,124.901,68.129,26.434,temp=58.0'C,throttled=0x0,15.0,1.998,122.592,155.13,462.728,0,458.459,54.585,90.26,94.301,107.181,158.99,189.299,9.879,124.744,40.0,,,,,,,,0,idle,0,62,62,0,0
2026-08-27T14:13:49+0800,122.049,68.086,26.434,temp=58.5'C,throttled=0x0,15.0,1.998,122.592,155.13,454.981,0,458.768,55.149,90.26,94.332,107.181,158.99,189.299,9.876,124.59,40.0,,,,,,,,0,idle,0,62,62,0,0
2026-08-27T14:13:50+0800,120.757,68.047,26.434,temp=58.5'C,throttled=0x0,15.0,1.998,122.592,155.13,450.533,0,458.768,55.374,90.26,94.301,107.181,158.99,189.299,9.872,124.59,40.0,,,,,,,,0,idle,0,62,62,0,0
2026-08-27T14:13:51+0800,123.438,67.996,26.434,temp=59.1'C,throttled=0x0,15.0,1.998,122.592,155.13,61.671,0,458.768,55.374,90.26,94.301,107.181,158.99,189.299,9.863,124.474,40.0,,,,,,,,0,idle,0,62,62,0,0
2026-08-27T14:13:52+0800,120.76,68.203,26.434,temp=59.1'C,throttled=0x0,15.0,1.998,122.671,155.348,60.869,0,458.768,55.374,90.26,94.332,107.773,158.99,189.299,9.828,124.59,40.0,,,,,,,,0,playing,0,63,62,0,0
2026-08-27T14:13:53+0800,122.801,68.113,26.434,temp=58.5'C,throttled=0x0,15.0,1.998,122.671,155.348,26.244,0,458.768,54.953,90.26,94.332,108.336,158.99,189.299,9.8,124.744,40.0,,,,,,,,0,playing,0,63,62,0,0
2026-08-27T14:13:54+0800,122.232,68.176,26.434,temp=58.5'C,throttled=0x0,15.0,1.998,122.671,155.348,101.706,0,458.768,55.149,90.26,94.301,107.773,158.99,189.299,9.781,124.744,40.0,,,,,,,,0,playing,0,63,62,0,0
2026-08-27T14:13:55+0800,120.327,68.035,26.434,temp=58.5'C,throttled=0x0,15.0,1.998,122.671,155.348,116.793,0,458.768,55.149,90.26,94.297,107.773,158.99,189.299,9.774,125.149,40.0,,,,,,,,0,playing,0,63,62,0,0
2026-08-27T14:13:56+0800,118.999,68.023,26.434,temp=59.1'C,throttled=0x0,15.0,1.998,122.671,155.348,152.597,0,458.768,55.149,90.26,94.297,107.773,158.99,189.299,9.75,126.052,40.0,,,,,,,,0,playing,0,63,62,0,0
2026-08-27T14:13:57+0800,123.756,68.125,26.434,temp=58.5'C,throttled=0x0,15.0,1.998,122.592,155.348,76.01,0,459.381,55.374,90.26,94.297,107.773,158.99,189.299,9.75,124.768,40.0,,,,,,,,0,idle,0,63,63,0,0
2026-08-27T14:13:58+0800,119.945,68.18,26.434,temp=58.0'C,throttled=0x0,15.0,1.998,122.592,155.348,167.388,0,459.951,55.487,90.26,94.297,107.773,158.99,189.299,9.781,124.59,40.0,,,,,,,,0,idle,0,63,63,0,0
2026-08-27T14:13:59+0800,120.968,68.055,26.434,temp=58.0'C,throttled=0x0,15.0,1.998,122.592,155.348,157.804,0,461.585,55.556,90.26,94.297,107.773,158.99,189.299,9.815,124.59,40.0,,,,,,,,0,idle,0,63,63,0,0
2026-08-27T14:14:00+0800,119.332,68.133,26.434,temp=58.5'C,throttled=0x0,15.0,1.998,122.179,155.348,158.149,0,469.607,55.726,90.681,94.301,107.773,158.99,189.299,9.841,124.474,40.0,,,,,,,,0,idle,0,63,63,0,0
2026-08-27T14:14:01+0800,123.985,68.105,26.434,temp=58.0'C,throttled=0x0,15.0,1.998,121.869,155.348,153.606,0,461.585,57.013,90.681,94.366,107.773,158.99,189.299,9.85,124.474,40.0,,,,,,,,0,idle,0,63,63,0,0
2026-08-27T14:14:02+0800,119.46,68.039,26.434,temp=58.5'C,throttled=0x0,15.0,1.998,121.331,155.13,246.643,0,461.585,57.222,90.681,94.366,107.773,158.99,189.299,9.878,122.699,40.0,,,,,,,,0,idle,0,63,63,0,0
2026-08-27T14:14:03+0800,119.887,68.055,26.434,temp=58.0'C,throttled=0x0,15.0,1.998,121.331,155.13,241.284,0,459.381,57.668,90.681,94.281,107.773,158.99,189.299,9.89,122.704,40.0,,,,,,,,0,idle,0,63,63,0,0
2026-08-27T14:14:04+0800,122.768,68.023,26.434,temp=58.0'C,throttled=0x0,15.0,1.998,121.331,155.13,248.747,0,459.381,57.668,90.681,94.237,107.773,158.99,189.299,9.884,122.704,40.0,,,,,,,,0,idle,0,63,63,0,0
2026-08-27T14:14:05+0800,122.902,68.172,26.434,temp=58.5'C,throttled=0x0,15.0,1.998,121.331,155.13,243.739,0,458.459,57.013,90.681,94.232,107.773,158.99,189.299,9.886,122.704,40.0,,,,,,,,0,idle,0,63,63,0,0
2026-08-27T14:14:07+0800,122.155,68.164,26.434,temp=58.5'C,throttled=0x0,15.0,1.998,121.125,154.631,239.395,0,458.271,57.013,90.681,94.157,107.773,158.99,189.299,9.877,123.049,40.0,,,,,,,,0,idle,0,63,63,0,0
2026-08-27T14:14:08+0800,121.656,68.242,26.434,temp=58.5'C,throttled=0x0,15.0,1.998,121.125,154.631,325.966,0,456.186,57.013,90.681,94.157,107.773,158.99,189.299,9.891,122.704,40.0,,,,,,,,0,idle,0,63,63,0,0
2026-08-27T14:14:09+0800,122.852,67.965,26.434,temp=58.0'C,throttled=0x0,15.0,1.998,121.125,154.631,329.979,0,455.626,57.013,90.681,94.104,107.773,158.99,189.299,9.883,123.049,40.0,,,,,,,,0,idle,0,63,63,0,0
2026-08-27T14:14:10+0800,120.007,68.148,26.434,temp=58.0'C,throttled=0x0,15.0,1.998,121.125,154.631,318.64,0,455.626,56.219,90.681,94.095,107.773,158.99,189.299,9.877,123.049,40.0,,,,,,,,0,idle,0,63,63,0,0
2026-08-27T14:14:11+0800,122.245,68.152,26.434,temp=58.5'C,throttled=0x0,15.0,1.998,121.125,154.631,395.596,0,455.626,55.709,90.681,94.086,107.773,158.99,189.299,9.899,124.008,40.0,,,,,,,,0,idle,0,63,63,0,0
2026-08-27T14:14:12+0800,126.384,69.848,26.434,temp=58.0'C,throttled=0x0,15.0,1.998,121.125,154.631,399.863,0,455.108,55.556,90.681,94.086,107.773,158.99,189.299,9.894,124.768,40.0,,,,,,,,0,idle,0,63,63,0,0
2026-08-27T14:14:13+0800,132.982,71.07,26.434,temp=58.5'C,throttled=0x0,15.0,1.998,121.125,155.13,431.286,0,455.108,55.709,91.371,94.095,108.432,158.99,189.299,9.849,125.591,40.0,,,,,,,,0,playing,0,64,63,0,0
2026-08-27T14:14:14+0800,121.977,68.062,26.434,temp=59.1'C,throttled=0x0,15.0,1.998,121.331,155.348,16.691,0,454.981,55.556,91.371,94.095,108.336,158.99,189.299,9.816,126.079,40.0,,,,,,,,0,playing,0,64,63,0,0
2026-08-27T14:14:15+0800,124.749,68.055,26.434,temp=59.1'C,throttled=0x0,15.0,1.998,121.331,155.13,7.157,0,454.548,55.424,90.26,94.104,108.432,158.99,189.299,9.776,127.551,40.0,,,,,,,,0,playing,0,64,63,0,0
2026-08-27T14:14:16+0800,121.599,68.188,26.434,temp=58.5'C,throttled=0x0,15.0,1.998,121.331,154.631,44.973,0,453.822,55.424,90.26,94.095,108.432,158.99,189.299,9.758,127.882,40.0,,,,,,,,0,playing,0,64,63,0,0
2026-08-27T14:14:17+0800,122.734,68.113,26.434,temp=58.5'C,throttled=0x0,15.0,1.998,121.469,154.631,481.813,0,454.438,55.487,90.26,94.104,108.432,158.99,189.299,9.744,127.882,40.0,,,,,,,,0,playing,0,64,63,0,0
2026-08-27T14:14:18+0800,125.758,68.012,26.434,temp=58.5'C,throttled=0x0,15.0,1.998,121.869,155.13,6.735,0,451.335,55.556,90.681,94.095,108.336,158.99,189.299,9.745,127.882,40.0,,,,,,,,0,idle,0,64,64,0,0
2026-08-27T14:14:19+0800,121.754,68.035,26.434,temp=59.1'C,throttled=0x0,15.0,1.998,121.469,155.13,7.882,0,451.335,55.487,90.26,94.157,108.336,158.99,189.299,9.79,126.332,40.0,,,,,,,,0,idle,0,64,64,0,0
2026-08-27T14:14:20+0800,122.137,68.086,26.434,temp=59.1'C,throttled=0x0,15.0,1.998,121.469,155.13,92.159,0,453.822,55.487,90.681,94.204,108.336,158.99,189.299,9.82,125.799,40.0,,,,,,,,0,idle,0,64,64,0,0
2026-08-27T14:14:21+0800,120.976,68.098,26.434,temp=58.0'C,throttled=0x0,15.0,1.998,121.469,155.13,103.782,0,454.438,55.487,90.681,94.301,108.336,158.99,189.299,9.838,125.799,40.0,,,,,,,,0,idle,0,64,64,0,0
2026-08-27T14:14:22+0800,120.84,68.16,26.434,temp=58.5'C,throttled=0x0,15.0,1.998,121.307,154.631,114.274,0,454.438,55.487,90.681,94.366,108.336,158.99,189.299,9.844,126.079,40.0,,,,,,,,0,idle,0,64,64,0,0
2026-08-27T14:14:23+0800,121.362,68.137,26.434,temp=58.5'C,throttled=0x0,15.0,1.998,121.307,154.631,117.958,0,453.822,55.487,90.681,94.391,108.336,158.99,189.299,9.86,125.799,40.0,,,,,,,,0,idle,0,64,64,0,0
2026-08-27T14:14:24+0800,120.867,68.176,26.434,temp=59.1'C,throttled=0x0,15.0,1.998,121.125,154.631,172.475,0,451.335,55.556,90.681,94.366,108.336,158.99,189.299,9.873,125.799,40.0,,,,,,,,0,idle,0,64,64,0,0
2026-08-27T14:14:25+0800,121.087,68.188,26.414,temp=58.5'C,throttled=0x0,15.0,1.998,121.307,154.631,174.339,0,451.335,55.709,90.681,94.366,108.336,158.99,189.299,9.867,125.591,40.0,,,,,,,,0,idle,0,64,64,0,0
2026-08-27T14:14:26+0800,124.822,68.219,26.414,temp=58.5'C,throttled=0x0,15.0,1.998,121.331,154.631,171.669,0,451.335,56.219,90.681,94.391,108.336,158.99,189.299,9.868,124.908,40.0,,,,,,,,0,idle,0,64,64,0,0
2026-08-27T14:14:27+0800,119.847,68.141,26.414,temp=59.1'C,throttled=0x0,15.0,1.998,121.331,154.631,160.303,0,453.822,57.013,90.26,94.391,108.336,158.99,189.299,9.864,124.908,40.0,,,,,,,,0,idle,0,64,64,0,0
2026-08-27T14:14:28+0800,121.181,68.246,26.414,temp=58.5'C,throttled=0x0,15.0,1.998,121.469,154.631,267.483,0,456.755,57.222,90.681,94.391,108.336,158.99,189.299,9.867,124.908,40.0,,,,,,,,0,idle,0,64,64,0,0
2026-08-27T14:14:29+0800,121.495,68.051,26.414,temp=58.5'C,throttled=0x0,15.0,1.998,121.869,154.631,277.576,0,464.906,57.013,90.681,94.391,108.336,158.99,189.299,9.862,125.591,40.0,,,,,,,,0,idle,0,64,64,0,0
2026-08-27T14:14:30+0800,119.964,68.078,26.414,temp=58.5'C,throttled=0x0,15.0,1.998,121.869,154.631,269.71,0,469.956,57.013,90.681,94.401,108.336,158.99,189.299,9.861,125.591,40.0,,,,,,,,0,idle,0,64,64,0,0
2026-08-27T14:14:31+0800,121.977,68.09,26.414,temp=58.0'C,throttled=0x0,15.0,1.998,121.869,154.631,247.763,0,469.956,56.917,90.681,94.479,108.336,158.99,189.299,9.869,125.591,40.0,,,,,,,,0,idle,0,64,64,0,0
2026-08-27T14:14:32+0800,123.216,68.09,26.414,temp=59.1'C,throttled=0x0,15.0,1.998,121.869,154.631,258.109,0,469.956,56.219,90.681,94.479,108.336,158.99,189.299,9.861,125.799,40.0,,,,,,,,0,playing,0,65,64,0,0
2026-08-27T14:14:33+0800,121.538,68.199,26.414,temp=59.1'C,throttled=0x0,15.0,1.998,121.905,155.13,299.205,0,471.832,56.219,90.855,94.479,108.336,158.99,189.299,9.802,126.332,40.0,,,,,,,,0,playing,0,65,64,0,0
2026-08-27T14:14:34+0800,123.168,68.168,26.414,temp=59.1'C,throttled=0x0,15.0,1.998,121.905,155.13,361.352,0,471.832,56.094,90.855,94.479,108.336,158.99,189.299,9.784,127.028,40.0,,,,,,,,0,playing,0,65,64,0,0
2026-08-27T14:14:35+0800,121.478,68.797,26.414,temp=58.0'C,throttled=0x0,15.0,1.998,121.905,155.13,385.824,0,476.525,56.094,91.899,94.479,108.336,158.99,189.299,9.776,127.602,40.0,,,,,,,,0,playing,0,65,64,0,0
2026-08-27T14:14:36+0800,132.685,71.105,26.414,temp=59.1'C,throttled=0x0,15.0,1.998,121.905,155.13,349.769,0,476.525,55.556,90.855,94.525,108.336,158.99,189.299,9.748,128.123,40.0,,,,,,,,0,playing,0,65,64,0,0
2026-08-27T14:14:37+0800,127.342,71.059,26.414,temp=59.1'C,throttled=0x0,15.0,1.998,121.905,157.438,463.278,0,477.567,55.709,90.681,94.481,108.336,158.99,189.299,9.738,128.123,40.0,,,,,,,,0,idle,0,65,65,0,0
2026-08-27T14:14:38+0800,127.716,68.094,26.414,temp=58.5'C,throttled=0x0,15.0,1.998,122.592,157.812,466.989,0,477.567,55.709,90.681,94.525,108.336,158.99,189.299,9.758,127.602,40.0,,,,,,,,0,idle,0,65,65,0,0
2026-08-27T14:14:39+0800,121.972,68.141,26.414,temp=58.0'C,throttled=0x0,15.0,1.998,122.592,157.438,460.571,0,478.415,55.709,90.681,94.481,108.336,158.99,189.299,9.803,127.602,40.0,,,,,,,,0,idle,0,65,65,0,0
2026-08-27T14:14:40+0800,122.888,68.129,26.414,temp=58.5'C,throttled=0x0,15.0,1.998,122.878,157.438,459.92,0,478.415,55.709,90.228,94.479,108.336,158.99,189.299,9.819,127.028,40.0,,,,,,,,0,idle,0,65,65,0,0
2026-08-27T14:14:41+0800,121.735,68.098,26.414,temp=58.5'C,throttled=0x0,15.0,1.998,122.878,157.438,460.608,0,478.415,56.094,88.923,94.481,108.336,158.99,189.299,9.859,124.908,40.0,,,,,,,,0,idle,0,65,65,0,0
2026-08-27T14:14:42+0800,120.092,68.191,26.414,temp=59.1'C,throttled=0x0,15.0,1.998,122.592,157.292,57.314,0,478.415,56.917,88.631,94.604,108.336,158.99,189.299,9.881,124.908,40.0,,,,,,,,0,idle,0,65,65,0,0
2026-08-27T14:14:43+0800,123.829,68.09,26.414,temp=58.0'C,throttled=0x0,15.0,1.998,122.592,157.292,61.676,0,477.567,56.917,88.631,94.633,108.336,158.99,189.299,9.895,124.908,40.0,,,,,,,,0,idle,0,65,65,0,0
2026-08-27T14:14:44+0800,123.454,68.062,26.414,temp=58.5'C,throttled=0x0,15.0,1.998,122.878,157.438,60.889,0,477.567,56.917,88.631,94.64,108.336,158.99,189.299,9.888,124.908,40.0,,,,,,,,0,idle,0,65,65,0,0
2026-08-27T14:14:45+0800,121.917,68.145,26.414,temp=58.5'C,throttled=0x0,15.0,1.998,122.592,157.438,71.267,0,478.415,56.917,88.631,94.728,108.432,158.99,189.299,9.883,124.908,40.0,,,,,,,,0,idle,0,65,65,0,0
2026-08-27T14:14:46+0800,121.809,68.059,26.414,temp=59.1'C,throttled=0x0,15.0,1.998,122.592,157.292,157.467,0,476.525,56.917,88.631,94.866,108.432,158.99,189.299,9.885,124.908,40.0,,,,,,,,0,idle,0,65,65,0,0
2026-08-27T14:14:47+0800,121.105,68.043,26.414,temp=58.5'C,throttled=0x0,15.0,1.998,121.954,155.13,164.495,0,476.525,57.013,88.631,94.911,108.432,158.99,189.299,9.885,124.908,40.0,,,,,,,,0,idle,0,65,65,0,0
2026-08-27T14:14:48+0800,123.752,67.973,26.414,temp=58.5'C,throttled=0x0,15.0,1.998,121.905,154.631,179.387,0,478.415,57.013,90.228,94.874,108.432,158.99,189.299,9.885,124.692,40.0,,,,,,,,0,idle,0,65,65,0,0
2026-08-27T14:14:49+0800,121.001,68.066,26.414,temp=58.5'C,throttled=0x0,15.0,1.998,121.905,154.631,153.708,0,478.415,57.013,90.228,94.805,108.432,158.99,189.299,9.887,120.786,40.0,,,,,,,,0,idle,0,65,65,0,0
2026-08-27T14:14:50+0800,122.243,68.188,26.414,temp=58.5'C,throttled=0x0,15.0,1.998,121.954,154.631,234.296,0,476.525,57.013,90.228,94.728,108.432,158.99,189.299,9.887,120.786,40.0,,,,,,,,0,idle,0,65,65,0,0
2026-08-27T14:14:51+0800,121.845,68.051,26.414,temp=58.0'C,throttled=0x0,15.0,1.998,121.954,154.631,209.645,0,471.933,57.314,90.681,94.805,108.813,158.99,189.299,9.866,122.415,40.0,,,,,,,,0,playing,0,66,65,0,0
2026-08-27T14:14:53+0800,117.987,68.113,26.414,temp=59.1'C,throttled=0x0,15.0,1.998,121.954,154.631,189.965,0,472.514,57.668,90.855,94.874,108.813,158.99,189.299,9.827,126.96,40.0,,,,,,,,0,playing,0,66,65,0,0
2026-08-27T14:14:54+0800,121.92,68.164,26.414,temp=59.1'C,throttled=0x0,15.0,1.998,121.954,154.631,252.848,0,469.956,57.668,90.855,94.874,108.813,158.99,189.299,9.81,127.028,40.0,,,,,,,,0,playing,0,66,65,0,0
2026-08-27T14:14:55+0800,120.081,68.176,26.414,temp=58.5'C,throttled=0x0,15.0,1.998,121.954,154.631,318.378,0,466.989,57.668,90.681,94.874,109.196,158.99,189.299,9.785,128.123,40.0,,,,,,,,0,playing,0,66,65,0,0
2026-08-27T14:14:56+0800,121.1,68.102,26.414,temp=58.5'C,throttled=0x0,15.0,1.998,121.954,154.631,252.66,0,466.031,57.821,90.228,94.866,109.196,158.99,189.299,9.776,129.19,40.0,,,,,,,,0,idle,0,66,66,0,0
2026-08-27T14:14:57+0800,123.117,68.203,26.414,temp=58.5'C,throttled=0x0,15.0,1.998,121.954,154.631,336.845,0,466.031,58.177,90.228,94.805,109.196,158.99,189.299,9.773,129.19,40.0,,,,,,,,0,idle,0,66,66,0,0
2026-08-27T14:14:58+0800,121.734,68.059,26.414,temp=58.5'C,throttled=0x0,15.1,1.998,121.954,154.631,363.379,0,466.989,58.177,88.631,94.866,109.196,158.99,189.299,9.759,129.19,40.0,,,,,,,,0,idle,0,66,66,0,0
2026-08-27T14:14:59+0800,121.074,68.176,26.414,temp=58.5'C,throttled=0x0,15.1,1.998,121.954,154.631,390.581,0,466.989,58.288,90.228,94.866,109.196,158.99,189.299,9.788,127.602,40.0,,,,,,,,0,idle,0,66,66,0,0
2026-08-27T14:15:00+0800,122.971,68.051,26.414,temp=58.0'C,throttled=0x0,15.1,1.998,121.954,154.631,366.264,0,467.155,58.495,90.611,94.728,109.196,158.99,189.299,9.831,126.558,40.0,,,,,,,,0,idle,0,66,66,0,0
2026-08-27T14:15:01+0800,126.886,71.145,26.414,temp=58.0'C,throttled=0x0,15.1,1.998,121.954,154.631,346.821,0,468.31,58.599,90.611,94.711,109.196,158.99,189.299,9.851,126.167,40.0,,,,,,,,0,idle,0,66,66,0,0
2026-08-27T14:15:02+0800,133.099,68.223,26.414,temp=58.5'C,throttled=0x0,15.1,1.998,121.954,154.631,452.943,0,468.31,58.961,90.611,94.655,109.196,158.99,189.299,9.883,122.415,40.0,,,,,,,,0,idle,0,66,66,0,0
2026-08-27T14:15:03+0800,122.898,68.105,26.414,temp=58.5'C,throttled=0x0,15.0,1.998,122.0,154.631,473.055,0,468.31,59.162,90.611,94.654,109.196,158.99,189.299,9.878,122.099,40.0,,,,,,,,0,idle,0,66,66,0,0
2026-08-27T14:15:04+0800,123.864,68.09,26.414,temp=58.5'C,throttled=0x0,15.0,1.998,122.0,154.366,2.171,0,469.11,59.666,90.611,94.655,109.196,158.99,189.299,9.869,122.099,40.0,,,,,,,,0,idle,0,66,66,0,0
2026-08-27T14:15:05+0800,121.886,68.059,26.414,temp=58.5'C,throttled=0x0,15.0,1.998,122.0,154.366,472.641,0,469.596,60.305,90.611,94.711,109.196,158.99,189.299,9.882,121.34,40.0,,,,,,,,0,idle,0,66,66,0,0
2026-08-27T14:15:06+0800,120.892,68.148,26.414,temp=59.1'C,throttled=0x0,15.0,1.998,122.0,154.366,48.322,0,469.596,60.58,90.611,94.655,109.196,158.99,189.299,9.881,122.099,40.0,,,,,,,,0,idle,0,66,66,0,0
2026-08-27T14:15:07+0800,120.289,68.062,26.414,temp=58.5'C,throttled=0x0,15.0,1.998,122.0,154.366,58.856,0,469.596,60.611,90.611,94.654,109.196,158.99,189.299,9.879,122.099,40.0,,,,,,,,0,idle,0,66,66,0,0
2026-08-27T14:15:08+0800,125.948,68.137,26.414,temp=59.1'C,throttled=0x0,15.0,1.998,122.0,155.13,58.908,0,469.596,60.869,90.611,94.655,109.196,158.99,189.299,9.87,122.415,40.0,,,,,,,,0,idle,0,66,66,0,0
2026-08-27T14:15:09+0800,120.984,68.145,26.414,temp=58.5'C,throttled=0x0,15.0,1.998,122.0,155.13,76.913,0,472.514,60.889,90.611,94.654,109.196,158.99,189.299,9.868,122.099,40.0,,,,,,,,0,idle,0,66,66,0,0
2026-08-27T14:15:10+0800,122.006,68.152,26.414,temp=58.0'C,throttled=0x0,15.0,1.998,122.0,154.933,68.02,0,472.514,61.352,90.611,94.655,109.196,158.99,189.299,9.873,122.099,40.0,,,,,,,,0,idle,0,66,66,0,0
2026-08-27T14:15:11+0800,116.878,68.137,26.414,temp=58.5'C,throttled=0x0,15.0,1.998,122.0,154.933,50.05,0,472.641,61.355,90.611,94.728,109.196,158.99,189.299,9.843,123.979,40.0,,,,,,,,0,playing,0,67,66,0,0
2026-08-27T14:15:12+0800,121.696,68.176,26.414,temp=59.1'C,throttled=0x0,15.0,1.998,122.0,155.13,112.589,0,472.514,61.352,90.611,94.911,109.196,158.99,189.299,9.819,125.699,40.0,,,,,,,,0,playing,0,67,66,0,0
2026-08-27T14:15:13+0800,119.601,68.137,26.414,temp=59.1'C,throttled=0x0,15.0,1.998,122.0,155.13,158.719,0,472.514,61.355,90.611,95.04,109.196,158.99,189.299,9.802,126.167,40.0,,,,,,,,0,playing,0,67,66,0,0
2026-08-27T14:15:14+0800,118.373,68.113,26.414,temp=59.1'C,throttled=0x0,15.0,1.998,122.0,155.13,189.925,0,472.514,61.49,90.855,95.063,109.196,158.99,189.299,9.805,126.167,40.0,,,,,,,,0,playing,0,67,66,0,0
2026-08-27T14:15:15+0800,118.9,68.191,26.414,temp=59.1'C,throttled=0x0,15.0,1.998,122.0,155.13,206.836,0,469.596,61.49,90.855,95.083,109.196,158.99,189.299,9.787,126.167,40.0,,,,,,,,0,idle,0,67,67,0,0
2026-08-27T14:15:16+0800,120.737,68.078,26.414,temp=58.0'C,throttled=0x0,15.0,1.998,122.0,155.13,235.697,0,469.596,61.49,90.855,95.063,109.196,158.99,189.299,9.771,129.19,40.0,,,,,,,,0,idle,0,67,67,0,0
2026-08-27T14:15:17+0800,118.099,68.137,26.414,temp=58.0'C,throttled=0x0,15.0,1.998,122.0,155.13,232.3,0,469.596,61.49,90.855,95.04,109.196,158.99,189.299,9.773,129.191,40.0,,,,,,,,0,idle,0,67,67,0,0
2026-08-27T14:15:18+0800,122.501,68.137,26.414,temp=58.0'C,throttled=0x0,15.0,1.998,122.0,155.13,255.02,0,469.596,61.49,90.855,94.911,108.813,158.99,189.299,9.799,128.55,40.0,,,,,,,,0,idle,0,67,67,0,0
2026-08-27T14:15:19+0800,123.778,68.109,26.414,temp=58.0'C,throttled=0x0,15.0,1.998,122.0,155.13,268.619,0,472.388,61.601,90.896,95.04,109.043,158.99,189.299,9.821,126.22,40.0,,,,,,,,0,idle,0,67,67,0,0
2026-08-27T14:15:20+0800,121.766,68.027,26.414,temp=59.1'C,throttled=0x0,15.0,1.998,122.0,155.13,262.138,0,472.641,61.601,90.855,95.063,109.043,158.99,189.299,9.842,125.983,40.0,,,,,,,,0,idle,0,67,67,0,0
2026-08-27T14:15:21+0800,121.957,68.18,26.414,temp=58.5'C,throttled=0x0,15.0,1.998,122.0,155.13,345.476,0,472.641,61.979,90.855,95.083,109.043,158.99,189.299,9.881,124.508,40.0,,,,,,,,0,idle,0,67,67,0,0
2026-08-27T14:15:22+0800,121.559,68.176,26.414,temp=58.0'C,throttled=0x0,15.0,1.998,122.0,155.13,338.633,0,472.641,62.04,90.855,95.063,109.043,158.99,189.299,9.882,125.699,40.0,,,,,,,,0,idle,0,67,67,0,0
2026-08-27T14:15:23+0800,119.84,68.199,26.414,temp=58.0'C,throttled=0x0,15.0,1.998,122.0,155.13,320.259,0,472.641,62.04,90.855,95.063,109.043,158.99,189.299,9.89,125.699,40.0,,,,,,,,0,idle,0,67,67,0,0
2026-08-27T14:15:24+0800,124.706,68.051,26.414,temp=58.5'C,throttled=0x0,15.0,1.998,122.0,155.13,328.232,0,472.388,62.04,90.855,95.063,109.043,158.99,189.299,9.903,125.983,40.0,,,,,,,,0,idle,0,67,67,0,0
2026-08-27T14:15:25+0800,122.288,69.535,26.414,temp=58.0'C,throttled=0x0,15.0,1.998,122.0,155.13,350.8,0,469.596,62.122,90.855,95.04,109.043,158.99,189.299,9.891,126.127,40.0,,,,,,,,0,idle,0,67,67,0,0
2026-08-27T14:15:26+0800,129.878,71.055,26.414,temp=58.0'C,throttled=0x0,15.0,1.998,122.0,155.13,349.004,0,466.986,62.495,90.855,95.04,109.043,158.99,189.299,9.885,126.127,40.0,,,,,,,,0,idle,0,67,67,0,0
2026-08-27T14:15:27+0800,130.347,71.156,26.414,temp=59.1'C,throttled=0x0,15.0,1.998,122.0,155.13,447.036,0,464.396,63.087,90.855,94.911,109.043,158.99,189.299,9.881,125.983,40.0,,,,,,,,0,idle,0,67,67,0,0
2026-08-27T14:15:28+0800,125.187,68.086,26.414,temp=58.5'C,throttled=0x0,15.0,1.998,122.525,155.13,470.751,0,466.986,63.107,90.855,95.063,109.043,158.99,189.299,9.876,126.127,40.0,,,,,,,,0,idle,0,67,67,0,0
2026-08-27T14:15:29+0800,120.939,68.121,26.414,temp=59.1'C,throttled=0x0,15.0,1.998,122.525,155.13,463.562,0,464.396,63.219,90.855,95.063,109.043,158.99,189.299,9.881,126.22,40.0,,,,,,,,0,idle,0,67,67,0,0
2026-08-27T14:15:30+0800,122.113,68.191,26.414,temp=58.5'C,throttled=0x0,15.0,1.998,122.525,157.292,27.362,0,464.396,63.321,90.855,95.077,109.196,158.99,189.299,9.849,126.394,40.0,,,,,,,,0,playing,0,68,67,0,0
2026-08-27T14:15:31+0800,120.265,68.109,26.414,temp=59.1'C,throttled=0x0,15.0,1.998,122.525,157.292,47.176,0,463.751,63.107,90.855,95.083,110.427,158.99,189.299,9.797,128.399,40.0,,,,,,,,0,playing,0,68,67,0,0
2026-08-27T14:15:32+0800,120.859,68.191,26.414,temp=59.1'C,throttled=0x0,15.0,1.998,122.525,157.292,83.26,0,464.396,63.219,90.855,95.083,110.427,158.99,189.299,9.781,126.394,40.0,,,,,,,,0,playing,0,68,67,0,0
2026-08-27T14:15:33+0800,121.683,68.043,26.414,temp=59.6'C,throttled=0x0,15.0,1.998,122.525,157.292,15.281,0,464.396,63.219,90.855,95.165,109.984,158.99,189.299,9.773,126.394,40.0,,,,,,,,0,playing,0,68,67,0,0
2026-08-27T14:15:34+0800,121.685,68.191,26.414,temp=59.1'C,throttled=0x0,15.0,1.998,122.525,157.292,89.145,0,464.961,63.219,90.855,95.083,109.043,158.99,189.299,9.756,128.399,40.0,,,,,,,,0,idle,0,68,68,0,0
2026-08-27T14:15:35+0800,121.63,68.164,26.414,temp=59.1'C,throttled=0x0,15.0,1.998,122.525,157.292,69.953,0,466.986,63.219,90.855,95.083,109.043,158.99,189.299,9.754,128.399,40.0,,,,,,,,0,idle,0,68,68,0,0
2026-08-27T14:15:36+0800,122.128,67.984,26.414,temp=58.5'C,throttled=0x0,15.0,1.998,122.525,157.292,159.706,0,464.961,63.325,90.855,95.083,109.043,158.99,189.299,9.773,128.399,40.0,,,,,,,,0,idle,0,68,68,0,0
2026-08-27T14:15:37+0800,122.864,68.039,26.414,temp=58.5'C,throttled=0x0,15.0,1.998,122.525,158.808,164.677,0,464.961,64.086,90.855,95.083,109.043,158.99,189.299,9.816,126.22,40.0,,,,,,,,0,idle,0,68,68,0,0
2026-08-27T14:15:38+0800,119.569,68.133,26.414,temp=58.5'C,throttled=0x0,15.0,1.998,122.525,158.808,183.626,0,466.986,64.086,90.855,95.083,109.043,158.99,189.299,9.82,126.127,40.0,,,,,,,,0,idle,0,68,68,0,0
2026-08-27T14:15:39+0800,122.11,68.129,26.414,temp=58.0'C,throttled=0x0,15.0,1.998,122.525,158.808,179.595,0,470.337,64.086,90.855,95.077,109.043,158.99,189.299,9.837,125.983,40.0,,,,,,,,0,idle,0,68,68,0,0
2026-08-27T14:15:40+0800,120.946,68.188,26.414,temp=58.5'C,throttled=0x0,15.0,1.998,121.954,157.292,171.112,0,470.682,64.086,90.855,95.077,109.043,158.99,189.299,9.847,125.983,40.0,,,,,,,,0,idle,0,68,68,0,0
2026-08-27T14:15:42+0800,120.884,67.98,26.414,temp=58.5'C,throttled=0x0,15.0,1.998,121.954,157.292,163.83,0,470.682,64.086,90.855,95.063,109.043,158.99,189.299,9.863,124.864,40.0,,,,,,,,0,idle,0,68,68,0,0
2026-08-27T14:15:43+0800,124.625,68.078,26.414,temp=58.0'C,throttled=0x0,15.0,1.998,121.954,157.292,248.878,0,470.751,64.086,90.855,95.077,109.043,158.99,189.299,9.864,124.315,40.0,,,,,,,,0,idle,0,68,68,0,0
2026-08-27T14:15:44+0800,124.243,68.191,26.414,temp=58.0'C,throttled=0x0,15.0,1.998,121.905,157.292,265.038,0,470.751,64.086,90.855,95.077,109.043,158.99,189.299,9.857,121.947,40.0,,,,,,,,0,idle,0,68,68,0,0
2026-08-27T14:15:45+0800,122.857,68.109,26.414,temp=58.0'C,throttled=0x0,15.0,1.998,121.905,157.292,266.224,0,470.751,64.253,90.855,95.083,109.043,158.99,189.299,9.877,121.105,40.0,,,,,,,,0,idle,0,68,68,0,0
2026-08-27T14:15:46+0800,121.069,68.129,26.414,temp=58.5'C,throttled=0x0,15.0,1.998,121.698,157.292,240.767,0,470.682,64.399,90.855,95.083,109.043,158.99,189.299,9.887,121.105,40.0,,,,,,,,0,idle,0,68,68,0,0
2026-08-27T14:15:47+0800,121.896,68.215,26.414,temp=58.0'C,throttled=0x0,15.0,1.998,121.698,157.292,335.124,0,470.337,64.399,90.855,95.063,108.813,158.99,189.299,9.887,121.947,40.0,,,,,,,,0,idle,0,68,68,0,0
2026-08-27T14:15:48+0800,121.912,68.152,26.414,temp=58.0'C,throttled=0x0,15.0,1.998,121.446,157.292,349.114,0,470.337,64.399,90.855,95.063,108.813,158.99,189.299,9.87,124.315,40.0,,,,,,,,0,idle,0,68,68,0,0
2026-08-27T14:15:49+0800,123.045,67.957,26.414,temp=58.0'C,throttled=0x0,15.0,1.998,121.446,157.292,358.321,0,470.682,64.442,90.855,95.04,108.813,158.99,189.299,9.861,121.947,40.0,,,,,,,,0,idle,0,68,68,0,0
2026-08-27T14:15:50+0800,122.853,68.164,26.414,temp=59.1'C,throttled=0x0,15.0,1.998,121.446,157.292,387.038,0,470.798,64.521,90.855,95.04,108.813,158.99,189.299,9.856,121.596,40.0,,,,,,,,0,playing,0,69,68,0,0
2026-08-27T14:15:51+0800,118.565,68.164,26.414,temp=59.6'C,throttled=0x0,15.0,1.998,121.698,157.292,296.382,0,470.976,64.521,90.896,95.063,108.813,158.99,189.299,9.81,121.614,40.0,,,,,,,,0,playing,0,69,68,0,0
2026-08-27T14:15:52+0800,128.104,71.062,26.414,temp=59.1'C,throttled=0x0,15.0,1.998,121.698,157.292,349.944,0,470.976,64.442,90.896,95.063,108.813,158.99,189.299,9.804,121.614,40.0,,,,,,,,0,playing,0,69,68,0,0
2026-08-27T14:15:53+0800,129.81,70.977,26.414,temp=59.1'C,throttled=0x0,15.0,1.998,121.698,157.292,388.262,0,471.597,64.442,90.896,95.063,108.813,158.99,189.299,9.791,121.947,40.0,,,,,,,,0,playing,0,69,68,0,0
2026-08-27T14:15:54+0800,122.136,68.188,26.414,temp=58.5'C,throttled=0x0,15.0,1.998,121.905,157.292,409.031,0,471.597,64.399,90.896,95.063,108.813,158.99,189.299,9.784,121.947,40.0,,,,,,,,0,playing,0,69,68,0,0
2026-08-27T14:15:55+0800,121.144,68.07,26.414,temp=58.5'C,throttled=0x0,15.0,1.998,121.905,157.292,401.307,0,473.27,64.442,91.75,95.063,108.336,158.99,189.299,9.76,124.753,40.0,,,,,,,,0,playing,0,69,68,0,0
2026-08-27T14:15:56+0800,119.516,68.133,26.414,temp=58.5'C,throttled=0x0,15.0,1.998,121.905,157.292,470.974,0,471.597,64.442,91.75,95.04,108.079,158.99,189.299,9.727,125.429,40.0,,,,,,,,0,playing,0,69,68,0,0
2026-08-27T14:15:57+0800,120.708,68.336,26.414,temp=58.5'C,throttled=0x0,15.0,1.998,121.905,157.292,4.272,0,473.27,64.442,91.75,95.04,108.079,158.99,189.299,9.747,124.769,40.0,,,,,,,,0,playing,0,69,68,0,0
2026-08-27T14:15:58+0800,118.69,68.582,26.414,temp=58.5'C,throttled=0x0,15.0,1.998,121.905,157.292,16.954,0,473.27,64.399,91.75,95.04,108.079,158.99,189.299,9.776,124.753,40.0,,,,,,,,0,playing,0,69,68,0,0
2026-08-27T14:15:59+0800,117.122,66.297,26.414,temp=58.5'C,throttled=0x0,15.0,1.998,121.905,157.292,69.215,0,473.27,64.442,91.75,94.911,108.079,158.99,189.299,9.814,124.753,40.0,,,,,,,,0,idle,0,69,69,0,0
2026-08-27T14:16:00+0800,113.145,66.145,26.414,temp=58.5'C,throttled=0x0,15.0,1.998,121.698,157.292,81.06,0,474.806,64.399,91.75,94.711,108.079,158.99,189.299,9.867,123.878,40.0,,,,,,,,0,idle,0,69,69,0,0
2026-08-27T14:16:01+0800,114.989,66.18,26.414,temp=58.0'C,throttled=0x0,15.0,1.998,121.698,155.152,127.861,0,473.27,64.399,91.75,94.681,108.079,158.99,189.299,9.892,123.878,40.0,,,,,,,,0,idle,0,69,69,0,0
2026-08-27T14:16:02+0800,117.207,66.234,26.414,temp=58.0'C,throttled=0x0,15.0,1.998,121.698,155.152,137.43,0,471.597,64.253,90.896,94.655,108.079,158.99,189.299,9.924,123.878,40.0,,,,,,,,0,idle,0,69,69,0,0
2026-08-27T14:16:03+0800,113.175,66.148,26.414,temp=58.0'C,throttled=0x0,15.0,1.998,121.698,155.152,160.304,0,471.597,64.172,90.896,94.655,108.079,158.99,189.299,9.954,123.878,40.0,,,,,,,,0,idle,0,69,69,0,0
2026-08-27T14:16:04+0800,121.345,66.273,26.414,temp=58.0'C,throttled=0x0,15.0,1.998,121.446,157.292,81.823,0,471.597,63.544,90.896,94.655,108.079,158.99,189.299,9.904,124.769,40.0,,,,,,,,0,idle,0,69,69,0,0
2026-08-27T14:16:05+0800,121.03,66.203,26.414,temp=58.0'C,throttled=0x0,15.0,1.998,121.698,157.292,129.065,0,470.974,63.325,90.896,94.711,109.196,158.99,189.299,9.856,127.197,40.0,,,,,,,,0,idle,0,69,69,0,0
2026-08-27T14:16:06+0800,114.15,66.531,26.41,temp=58.0'C,throttled=0x0,15.0,1.998,121.698,157.292,157.853,0,470.798,63.325,90.896,94.711,109.463,158.99,189.299,9.771,127.619,40.0,,14.276,14.276,,,,,1,idle,0,69,69,0,0
2026-08-27T14:16:07+0800,118.086,66.668,26.41,temp=58.5'C,throttled=0x0,15.0,1.998,121.698,157.292,176.007,0,470.798,63.325,90.896,94.728,109.984,158.99,189.299,9.723,130.674,40.0,,14.276,14.276,,,,,1,idle,0,69,69,0,0
2026-08-27T14:16:08+0800,111.524,66.578,26.406,temp=58.5'C,throttled=0x0,15.0,1.998,121.954,159.068,189.498,0,471.597,64.172,91.026,94.911,109.984,158.99,189.299,9.705,130.674,40.0,,14.276,14.276,721.805,721.805,13.549,13.549,1,playing,0,70,69,0,0
2026-08-27T14:16:09+0800,114.777,66.555,26.406,temp=58.0'C,throttled=0x0,15.0,1.998,121.905,159.068,203.191,0,470.974,63.544,91.026,94.946,109.984,158.99,189.299,9.71,130.674,40.0,,14.276,14.276,721.805,721.805,13.549,13.549,1,playing,0,70,69,0,0
2026-08-27T14:16:10+0800,113.071,67.027,26.406,temp=58.0'C,throttled=0x0,15.0,1.998,121.905,159.068,254.239,0,470.974,63.544,91.75,94.946,109.984,158.99,189.299,9.738,130.674,40.0,,14.276,14.276,721.805,721.805,13.549,13.549,1,playing,0,70,69,0,0
2026-08-27T14:16:11+0800,114.179,67.414,26.406,temp=58.0'C,throttled=0x0,15.0,1.998,121.698,159.068,226.339,0,470.974,63.321,91.75,94.911,109.984,158.99,189.299,9.742,130.674,40.0,,14.276,14.276,721.805,721.805,13.549,13.549,1,playing,0,70,69,0,0
2026-08-27T14:16:12+0800,114.638,67.773,26.406,temp=58.0'C,throttled=0x0,15.0,1.998,121.446,159.068,296.199,0,470.974,63.321,91.75,94.911,109.984,158.99,189.299,9.752,130.674,40.0,,14.276,14.276,721.805,721.805,13.549,13.549,1,playing,0,70,69,0,0
2026-08-27T14:16:13+0800,117.938,68.027,26.406,temp=58.0'C,throttled=0x0,15.0,1.998,121.446,159.068,273.085,0,473.27,63.325,91.899,95.04,109.984,158.99,189.299,9.756,130.674,40.0,,14.276,14.276,721.805,721.805,13.549,13.549,1,idle,0,70,70,0,0
2026-08-27T14:16:14+0800,118.067,67.867,26.406,temp=58.0'C,throttled=0x0,15.0,1.998,121.307,159.068,261.265,0,477.341,64.172,91.899,94.911,109.463,158.99,189.299,9.77,130.292,40.0,,14.276,14.276,721.805,721.805,13.549,13.549,1,idle,0,70,70,0,0
2026-08-27T14:16:15+0800,120.61,67.848,26.406,temp=58.0'C,throttled=0x0,15.0,1.998,121.307,159.068,320.31,0,473.27,64.253,91.899,94.911,109.463,158.99,189.299,9.782,130.292,40.0,,14.276,14.276,721.805,721.805,13.549,13.549,1,idle,0,70,70,0,0
2026-08-27T14:16:16+0800,119.627,67.898,26.406,temp=58.0'C,throttled=0x0,15.0,1.998,121.307,159.068,314.161,0,473.27,64.253,91.899,94.911,109.463,158.99,189.299,9.806,130.292,40.0,,14.276,14.276,721.805,721.805,13.549,13.549,1,idle,0,70,70,0,0
2026-08-27T14:16:17+0800,119.605,67.875,26.406,temp=58.0'C,throttled=0x0,15.0,1.998,121.307,159.068,377.887,0,470.974,64.253,91.899,94.911,109.463,158.99,189.299,9.866,128.238,40.0,,14.276,14.276,721.805,721.805,13.549,13.549,1,idle,0,70,70,0,0
2026-08-27T14:16:18+0800,121.781,69.391,26.406,temp=58.0'C,throttled=0x0,15.0,1.998,121.307,159.068,352.162,0,470.974,64.253,91.899,94.911,109.463,158.99,189.299,9.895,127.49,40.0,,14.276,14.276,721.805,721.805,13.549,13.549,1,idle,0,70,70,0,0
2026-08-27T14:16:19+0800,130.057,70.863,26.406,temp=58.0'C,throttled=0x0,15.0,1.998,121.307,159.068,439.963,0,470.974,64.285,91.899,94.911,109.463,158.99,189.299,9.909,125.429,40.0,,14.276,14.276,721.805,721.805,13.549,13.549,1,idle,0,70,70,0,0
2026-08-27T14:16:20+0800,125.64,67.941,26.406,temp=58.0'C,throttled=0x0,15.0,1.999,121.446,157.292,442.518,0,470.974,64.442,91.899,94.728,109.463,158.99,189.299,9.93,125.004,40.0,,14.276,14.276,721.805,721.805,13.549,13.549,1,idle,0,70,70,0,0
2026-08-27T14:16:21+0800,118.79,67.949,26.406,temp=58.0'C,throttled=0x0,15.0,1.998,121.446,155.431,424.344,0,470.974,64.442,91.899,94.681,109.463,158.99,189.299,9.964,122.327,40.0,,14.276,14.276,721.805,721.805,13.549,13.549,1,idle,0,70,70,0,0
2026-08-27T14:16:22+0800,118.078,67.934,26.406,temp=58.0'C,throttled=0x0,15.0,1.998,121.446,155.431,411.49,0,466.014,64.253,91.899,94.64,109.463,158.99,189.299,9.977,124.348,40.0,,14.276,14.276,721.805,721.805,13.549,13.549,1,idle,0,70,70,0,0
2026-08-27T14:16:23+0800,119.883,67.879,26.406,temp=58.0'C,throttled=0x0,15.0,1.998,121.446,155.431,40.306,0,466.014,63.325,91.75,94.681,109.463,158.99,189.299,9.976,124.348,40.0,,14.276,14.276,721.805,721.805,13.549,13.549,1,idle,0,70,70,0,0
2026-08-27T14:16:24+0800,123.936,67.766,26.406,temp=58.0'C,throttled=0x0,15.0,1.998,121.307,155.431,38.62,0,466.014,63.219,91.75,94.711,109.463,158.99,189.299,9.96,124.348,40.0,,14.276,14.276,721.805,721.805,13.549,13.549,1,idle,0,70,70,0,0
2026-08-27T14:16:25+0800,122.143,67.945,26.406,temp=58.0'C,throttled=0x0,15.0,1.998,121.121,155.431,496.658,0,466.014,63.219,91.75,94.911,109.463,158.99,189.299,9.918,126.351,40.0,,14.276,14.276,721.805,721.805,13.549,13.549,1,idle,0,70,70,0,0
2026-08-27T14:16:26+0800,129.854,67.867,26.406,temp=58.5'C,throttled=0x0,15.0,1.998,121.121,155.152,505.252,0,466.014,63.141,91.899,95.077,109.984,158.99,189.299,9.811,128.238,40.0,,14.276,14.276,721.805,721.805,13.549,13.549,1,idle,0,70,70,0,0
2026-08-27T14:16:27+0800,128.404,67.867,26.406,temp=58.0'C,throttled=0x0,15.0,1.998,121.121,155.152,116.183,0,466.014,63.141,92.159,95.2,110.84,158.99,189.299,9.719,130.674,40.0,,14.276,14.276,721.805,721.805,13.549,13.549,1,idle,0,70,70,0,0
2026-08-27T14:16:28+0800,123.815,67.992,26.406,temp=59.1'C,throttled=0x0,15.0,1.998,121.307,155.431,86.659,0,466.014,63.219,92.159,95.2,112.541,158.99,189.299,9.592,136.161,40.0,,14.276,14.276,721.805,721.805,13.549,13.549,1,playing,0,71,70,0,0
2026-08-27T14:16:29+0800,122.936,68.008,26.406,temp=58.0'C,throttled=0x0,15.0,1.998,121.446,155.431,152.107,0,466.014,63.219,92.159,95.306,113.469,158.99,189.299,9.514,137.356,40.0,,14.276,14.276,721.805,721.805,13.549,13.549,1,playing,0,71,70,0,0
2026-08-27T14:16:31+0800,123.071,67.922,26.406,temp=58.0'C,throttled=0x0,15.0,1.998,121.446,155.431,197.903,0,466.439,63.325,92.201,95.39,113.469,158.99,189.299,9.517,137.356,40.0,,14.276,14.276,721.805,721.805,13.549,13.549,1,playing,0,71,70,0,0
2026-08-27T14:16:32+0800,122.896,67.984,26.406,temp=58.0'C,throttled=0x0,15.0,1.998,121.446,155.431,146.089,0,466.439,63.325,92.201,95.422,113.469,158.99,189.299,9.559,137.002,40.0,,14.276,14.276,721.805,721.805,13.549,13.549,1,playing,0,71,70,0,0
2026-08-27T14:16:33+0800,123.008,67.953,26.406,temp=58.0'C,throttled=0x0,15.0,1.998,121.698,155.431,193.797,0,466.439,64.253,92.201,95.471,113.469,158.99,189.299,9.64,133.414,40.0,,14.276,14.276,721.805,721.805,13.549,13.549,1,playing,0,71,70,0,0
2026-08-27T14:16:34+0800,120.753,68.184,26.406,temp=58.0'C,throttled=0x0,15.0,1.998,121.446,155.431,173.445,0,466.439,64.442,92.201,95.471,113.469,158.99,189.299,9.682,133.414,40.0,,14.276,14.276,721.805,721.805,13.549,13.549,1,idle,0,71,71,0,0
2026-08-27T14:16:35+0800,124.918,68.098,26.406,temp=58.0'C,throttled=0x0,15.0,1.998,121.446,155.431,178.751,0,466.439,64.643,92.201,95.471,113.469,158.99,189.299,9.696,133.414,40.0,,14.276,14.276,721.805,721.805,13.549,13.549,1,idle,0,71,71,0,0
2026-08-27T14:16:36+0800,122.082,68.312,26.406,temp=58.0'C,throttled=0x0,15.0,1.998,121.446,155.431,193.871,0,466.439,64.643,92.201,95.471,113.469,158.99,189.299,9.687,133.767,40.0,,14.276,14.276,721.805,721.805,13.549,13.549,1,idle,0,71,71,0,0
2026-08-27T14:16:37+0800,123.737,68.141,26.406,temp=57.5'C,throttled=0x0,15.0,1.998,121.446,155.431,295.474,0,462.203,64.521,92.201,95.422,112.541,158.99,189.299,9.668,133.767,40.0,,14.276,14.276,721.805,721.805,13.549,13.549,1,idle,0,71,71,0,0
2026-08-27T14:16:38+0800,123.334,68.148,26.406,temp=58.0'C,throttled=0x0,15.0,1.998,121.446,155.431,273.254,0,473.461,64.728,92.201,95.39,112.541,158.99,189.299,9.666,133.767,40.0,,14.276,14.276,721.805,721.805,13.549,13.549,1,idle,0,71,71,0,0
2026-08-27T14:16:39+0800,120.636,68.156,26.406,temp=58.0'C,throttled=0x0,15.0,1.998,121.446,155.431,274.042,0,478.097,64.806,92.201,95.39,112.541,158.99,189.299,9.655,133.767,40.0,,14.276,14.276,721.805,721.805,13.549,13.549,1,idle,0,71,71,0,0
2026-08-27T14:16:40+0800,122.533,68.133,26.406,temp=58.0'C,throttled=0x0,15.0,1.998,121.446,155.431,274.463,0,478.097,65.386,92.217,95.384,112.541,158.99,189.299,9.645,133.767,40.0,,14.276,14.276,721.805,721.805,13.549,13.549,1,idle,0,71,71,0,0
2026-08-27T14:16:41+0800,124.842,68.145,26.406,temp=57.5'C,throttled=0x0,15.0,1.999,121.446,155.152,295.833,0,478.097,65.683,92.217,95.384,112.541,158.99,189.299,9.636,133.767,40.0,,14.276,69.379,721.805,721.805,13.549,13.549,2,idle,0,71,71,0,0
2026-08-27T14:16:42+0800,123.911,68.18,26.406,temp=58.0'C,throttled=0x0,15.0,1.998,121.313,155.152,302.325,0,478.097,65.386,92.201,95.384,113.469,158.99,189.299,9.59,136.011,40.0,,14.276,69.379,721.805,728.087,13.549,18.539,2,playing,0,72,71,0,0
2026-08-27T14:16:43+0800,117.033,68.113,26.406,temp=58.0'C,throttled=0x0,15.0,1.998,121.313,155.152,327.571,0,478.097,65.386,92.201,95.39,113.469,158.99,189.299,9.537,137.356,40.0,,14.276,69.379,721.805,728.087,13.549,18.539,2,playing,0,72,71,0,0
2026-08-27T14:16:44+0800,122.392,69.406,26.406,temp=58.0'C,throttled=0x0,15.0,1.998,121.313,155.152,409.847,0,478.097,65.683,92.201,95.39,113.469,158.99,189.299,9.509,137.356,40.0,,14.276,69.379,721.805,728.087,13.549,18.539,2,playing,0,72,71,0,0
2026-08-27T14:16:45+0800,129.502,71.207,26.406,temp=58.0'C,throttled=0x0,15.0,1.998,121.313,154.933,399.168,0,478.097,65.683,92.201,95.397,113.469,158.99,189.299,9.458,137.815,40.0,,14.276,69.379,721.805,728.087,13.549,18.539,2,playing,0,72,71,0,0
2026-08-27T14:16:46+0800,130.637,71.043,26.406,temp=58.0'C,throttled=0x0,15.0,1.998,121.313,154.757,473.494,0,476.998,65.386,92.201,95.39,113.469,158.99,189.299,9.424,138.747,40.0,,14.276,69.379,721.805,728.087,13.549,18.539,2,playing,0,72,71,0,0
2026-08-27T14:16:47+0800,125.721,68.141,26.406,temp=57.5'C,throttled=0x0,15.0,1.998,121.446,154.757,412.913,0,476.998,65.683,92.201,95.39,113.469,158.99,189.299,9.42,137.815,40.0,,14.276,69.379,721.805,728.087,13.549,18.539,2,idle,0,72,72,0,0
2026-08-27T14:16:48+0800,123.79,68.199,26.406,temp=58.0'C,throttled=0x0,15.0,1.998,121.313,154.933,462.488,0,473.494,65.746,92.201,95.397,113.469,158.99,189.299,9.398,137.815,40.0,,14.276,69.379,721.805,728.087,13.549,18.539,2,idle,0,72,72,0,0
2026-08-27T14:16:49+0800,120.355,68.145,26.406,temp=58.0'C,throttled=0x0,15.0,1.998,121.313,155.152,449.87,0,473.494,65.746,92.201,95.397,113.469,158.99,189.299,9.392,137.815,40.0,,14.276,69.379,721.805,728.087,13.549,18.539,2,idle,0,72,72,0,0
2026-08-27T14:16:50+0800,126.89,68.074,26.406,temp=58.0'C,throttled=0x0,15.0,1.998,121.121,155.431,9.115,0,473.494,65.482,92.201,95.39,113.469,158.99,189.299,9.365,138.747,40.0,,14.276,69.379,721.805,728.087,13.549,18.539,2,idle,0,72,72,0,0
2026-08-27T14:16:51+0800,121.874,68.113,26.406,temp=57.5'C,throttled=0x0,15.0,1.998,121.121,155.152,25.225,0,473.494,65.324,92.201,95.39,113.469,158.99,189.299,9.364,140.998,40.0,,14.276,69.379,721.805,728.087,13.549,18.539,2,idle,0,72,72,0,0
2026-08-27T14:16:52+0800,121.995,68.176,26.406,temp=58.0'C,throttled=0x0,15.0,1.998,120.662,155.152,14.918,0,473.494,64.806,91.75,95.397,113.469,158.99,189.299,9.37,140.998,40.0,,14.276,69.379,721.805,728.087,13.549,18.539,2,idle,0,72,72,0,0
2026-08-27T14:16:53+0800,119.32,68.242,26.406,temp=58.0'C,throttled=0x0,15.0,1.998,120.63,154.933,101.887,0,473.461,64.643,91.75,95.39,113.469,158.99,189.299,9.439,138.747,40.0,,14.276,69.379,721.805,728.087,13.549,18.539,2,idle,0,72,72,0,0
2026-08-27T14:16:54+0800,121.045,68.078,26.406,temp=56.9'C,throttled=0x0,15.0,1.998,120.624,154.933,120.023,0,463.698,64.643,91.75,95.397,113.469,158.99,189.299,9.514,137.356,40.0,,14.276,69.379,721.805,728.087,13.549,18.539,2,idle,0,72,72,0,0
2026-08-27T14:16:55+0800,123.987,68.152,26.406,temp=58.0'C,throttled=0x0,15.0,1.998,120.624,154.933,115.627,0,463.698,64.521,91.75,95.39,113.469,158.99,189.299,9.643,130.181,40.0,,14.276,69.379,721.805,728.087,13.549,18.539,2,idle,0,72,72,0,0
2026-08-27T14:16:56+0800,119.631,68.184,26.406,temp=58.0'C,throttled=0x0,15.0,1.998,120.624,154.933,102.79,0,463.698,64.521,91.75,95.39,113.469,158.99,189.299,9.707,127.859,40.0,,14.276,69.379,721.805,728.087,13.549,18.539,2,idle,0,72,72,0,0
2026-08-27T14:16:57+0800,122.046,68.238,26.406,temp=58.0'C,throttled=0x0,15.0,1.998,120.624,154.933,113.452,0,462.488,64.442,91.75,95.39,113.469,158.99,189.299,9.714,127.883,40.0,,14.276,69.379,721.805,728.087,13.549,18.539,2,idle,0,72,72,0,0
2026-08-27T14:16:58+0800,122.094,68.156,26.406,temp=58.0'C,throttled=0x0,15.0,1.998,120.624,154.933,198.754,0,462.488,64.253,91.75,95.384,113.469,158.99,189.299,9.737,127.859,40.0,,14.276,69.379,721.805,728.087,13.549,18.539,2,idle,0,72,72,0,0
2026-08-27T14:16:59+0800,124.676,68.199,26.406,temp=57.5'C,throttled=0x0,15.0,1.998,120.624,154.933,197.521,0,463.698,64.442,91.75,95.336,113.469,158.99,189.299,9.763,127.859,40.0,,14.276,69.379,721.805,728.087,13.549,18.539,2,idle,0,72,72,0,0
2026-08-27T14:17:00+0800,127.72,68.18,26.406,temp=58.0'C,throttled=0x0,15.0,1.998,120.624,154.933,191.565,0,462.488,64.521,91.75,95.384,113.546,158.99,189.299,9.678,128.721,40.0,,14.276,69.379,721.805,728.087,13.549,18.539,2,idle,0,72,72,0,0
2026-08-27T14:17:01+0800,125.025,68.336,26.406,temp=58.0'C,throttled=0x0,15.0,1.998,120.624,154.933,186.682,0,456.954,64.442,91.75,95.422,115.252,158.99,189.299,9.613,130.181,40.0,,14.276,69.379,721.805,728.087,13.549,18.539,2,idle,0,72,72,0,0
2026-08-27T14:17:02+0800,125.362,68.191,26.406,temp=58.0'C,throttled=0x0,15.0,1.998,120.63,154.933,242.355,0,456.954,64.442,92.201,95.482,115.87,158.99,189.299,9.512,136.523,40.0,,14.276,69.379,721.805,728.087,13.549,18.539,2,playing,0,73,72,0,0
2026-08-27T14:17:03+0800,119.656,68.172,26.406,temp=58.0'C,throttled=0x0,15.0,1.998,120.63,155.152,248.796,0,456.954,64.253,92.201,95.516,115.877,158.99,189.299,9.448,141.2,40.0,,14.276,69.379,721.805,728.087,13.549,18.539,2,playing,0,73,72,0,0
2026-08-27T14:17:04+0800,117.913,68.34,26.406,temp=57.5'C,throttled=0x0,15.0,1.998,120.63,155.152,246.722,0,453.198,63.321,92.201,95.482,115.877,158.99,189.299,9.442,141.2,40.0,,14.276,69.379,721.805,728.087,13.549,18.539,2,playing,0,73,72,0,0
2026-08-27T14:17:05+0800,119.954,68.129,26.406,temp=58.0'C,throttled=0x0,15.0,1.998,120.63,155.152,263.448,0,453.198,63.321,92.201,95.482,115.877,158.99,189.299,9.434,141.2,40.0,,14.276,69.379,721.805,728.087,13.549,18.539,2,playing,0,73,72,0,0
2026-08-27T14:17:06+0800,121.204,68.223,26.406,temp=58.0'C,throttled=0x0,15.0,1.998,120.63,155.152,345.748,0,453.198,63.544,92.201,95.422,115.877,158.99,189.299,9.445,141.2,40.0,,14.276,69.379,721.805,728.087,13.549,18.539,2,idle,0,73,73,0,0
2026-08-27T14:17:07+0800,120.004,68.207,26.406,temp=58.0'C,throttled=0x0,15.0,1.998,120.692,155.152,334.859,0,450.56,64.521,92.201,95.397,115.877,161.266,189.299,9.449,141.2,40.0,,14.276,69.379,721.805,728.087,13.549,18.539,2,idle,0,73,73,0,0
2026-08-27T14:17:08+0800,120.997,68.215,26.406,temp=57.5'C,throttled=0x0,15.0,1.998,120.692,155.152,324.252,0,449.87,63.544,92.201,95.336,115.877,161.266,189.299,9.466,141.2,40.0,,14.276,69.379,721.805,728.087,13.549,18.539,2,idle,0,73,73,0,0
2026-08-27T14:17:09+0800,123.587,70.047,26.406,temp=58.0'C,throttled=0x0,15.0,1.998,120.932,155.152,410.434,0,449.87,63.219,92.201,95.329,115.877,161.266,189.299,9.55,136.523,40.0,,14.276,69.379,721.805,728.087,13.549,18.539,2,idle,0,73,73,0,0
2026-08-27T14:17:10+0800,132.989,71.004,26.406,temp=58.0'C,throttled=0x0,15.0,1.998,120.932,155.431,451.793,0,450.56,63.141,92.201,95.278,115.877,161.266,189.299,9.561,136.523,40.0,,14.276,69.379,721.805,728.087,13.549,18.539,2,idle,0,73,73,0,0
2026-08-27T14:17:11+0800,129.288,68.199,26.406,temp=58.0'C,throttled=0x0,15.0,1.998,120.932,157.258,437.378,0,450.56,63.107,91.75,95.238,115.877,161.266,189.299,9.596,136.324,40.0,,14.276,69.379,721.805,728.087,13.549,18.539,2,idle,0,73,73,0,0
2026-08-27T14:17:12+0800,121.927,68.055,26.406,temp=57.5'C,throttled=0x0,15.0,1.998,120.932,157.787,445.659,0,449.87,62.957,91.75,95.238,115.877,161.266,189.299,9.615,136.263,40.0,,14.276,69.379,721.805,728.087,13.549,18.539,2,idle,0,73,73,0,0
2026-08-27T14:17:13+0800,122.408,68.102,26.406,temp=58.0'C,throttled=0x0,15.0,1.998,120.932,157.787,443.967,0,449.87,62.957,91.75,95.278,115.877,161.266,189.299,9.637,136.263,40.0,,14.276,69.379,721.805,728.087,13.549,18.539,2,idle,0,73,73,0,0
2026-08-27T14:17:14+0800,120.051,68.207,26.406,temp=58.0'C,throttled=0x0,15.0,1.998,120.774,157.787,41.147,0,449.343,62.957,91.026,95.278,115.877,161.266,189.299,9.66,136.263,40.0,,14.276,69.379,721.805,728.087,13.549,18.539,2,idle,0,73,73,0,0
2026-08-27T14:17:15+0800,121.235,68.145,26.406,temp=58.0'C,throttled=0x0,15.0,1.998,120.774,157.787,52.202,0,447.257,62.495,90.896,95.278,115.87,161.266,189.299,9.653,136.263,40.0,,14.276,69.379,721.805,728.087,13.549,18.539,2,idle,0,73,73,0,0
2026-08-27T14:17:16+0800,123.721,68.078,26.406,temp=58.0'C,throttled=0x0,15.0,1.998,120.774,157.258,77.936,0,447.257,63.087,90.896,95.329,115.87,161.266,189.299,9.665,134.554,40.0,,14.276,69.379,721.805,728.087,13.549,18.539,2,idle,0,73,73,0,0
2026-08-27T14:17:17+0800,120.764,68.223,26.406,temp=56.9'C,throttled=0x0,15.0,1.998,120.774,157.258,67.987,0,449.343,63.107,90.896,95.321,115.87,161.266,189.299,9.672,133.25,40.0,,14.276,69.379,721.805,728.087,13.549,18.539,2,idle,0,73,73,0,0
2026-08-27T14:17:19+0800,118.879,68.242,26.406,temp=58.0'C,throttled=0x0,15.0,1.998,120.774,157.258,50.256,0,450.56,63.107,90.896,95.321,115.87,161.266,189.299,9.675,133.25,40.0,,14.276,69.379,721.805,728.087,13.549,18.539,2,idle,0,73,73,0,0
2026-08-27T14:17:20+0800,121.894,68.262,26.406,temp=58.0'C,throttled=0x0,15.0,1.998,120.692,155.431,138.781,0,450.56,62.957,90.896,95.329,115.87,161.266,189.299,9.678,133.25,40.0,,14.276,69.379,721.805,728.087,13.549,18.539,2,idle,0,73,73,0,0
2026-08-27T14:17:21+0800,126.545,68.156,26.406,temp=58.0'C,throttled=0x0,15.0,1.998,120.692,155.152,146.34,0,450.56,61.183,90.842,95.321,115.87,161.266,189.299,9.665,134.554,40.0,,14.276,69.379,721.805,728.087,13.549,18.539,2,playing,0,74,73,0,0
2026-08-27T14:17:22+0800,117.686,68.188,26.406,temp=58.0'C,throttled=0x0,15.0,1.998,120.774,155.431,166.669,0,451.793,62.495,90.896,95.336,115.87,161.266,189.299,9.628,134.554,40.0,,14.276,69.379,721.805,728.087,13.549,18.539,2,playing,0,74,73,0,0
2026-08-27T14:17:23+0800,120.941,68.109,26.406,temp=58.0'C,throttled=0x0,15.0,1.998,120.932,155.431,145.226,0,451.793,60.548,90.896,95.336,115.87,161.266,189.299,9.597,135.588,40.0,,14.276,69.379,721.805,728.087,13.549,18.539,2,playing,0,74,73,0,0
2026-08-27T14:17:24+0800,120.858,68.242,26.406,temp=58.0'C,throttled=0x0,15.0,1.998,120.932,155.431,175.584,0,452.52,60.548,90.896,95.384,115.87,161.266,189.299,9.594,135.588,40.0,,14.276,69.379,721.805,728.087,13.549,18.539,2,playing,0,74,73,0,0
2026-08-27T14:17:25+0800,121.083,68.145,26.406,temp=58.0'C,throttled=0x0,15.0,1.998,120.932,155.431,204.72,0,453.198,59.663,90.896,95.422,115.87,161.266,189.299,9.58,135.588,40.0,,14.276,69.379,721.805,728.087,13.549,18.539,2,playing,0,74,73,0,0
2026-08-27T14:17:26+0800,123.997,68.121,26.406,temp=57.5'C,throttled=0x0,15.0,1.998,121.007,155.431,202.506,0,453.198,59.534,91.026,95.422,115.87,161.266,189.299,9.569,135.588,40.0,,14.276,69.379,721.805,728.087,13.549,18.539,2,idle,0,74,74,0,0
2026-08-27T14:17:27+0800,122.878,68.113,26.406,temp=58.0'C,throttled=0x0,15.0,1.998,121.007,157.258,194.529,0,452.52,59.174,91.026,95.495,115.87,161.266,189.299,9.648,134.045,40.0,,14.276,69.379,721.805,728.087,13.549,18.539,2,idle,0,74,74,0,0
2026-08-27T14:17:28+0800,123.603,68.223,26.406,temp=57.5'C,throttled=0x0,15.0,1.998,121.095,157.258,258.825,0,454.191,59.174,91.026,95.495,115.87,161.266,189.299,9.765,132.179,40.0,,14.276,69.379,721.805,728.087,13.549,18.539,2,idle,0,74,74,0,0
2026-08-27T14:17:29+0800,122.301,68.078,26.406,temp=57.5'C,throttled=0x0,15.0,1.998,121.121,157.258,286.235,0,455.773,59.174,92.201,95.516,115.87,161.266,189.299,9.887,124.614,40.0,,14.276,69.379,721.805,728.087,13.549,18.539,2,idle,0,74,74,0,0
2026-08-27T14:17:30+0800,120.998,68.098,26.406,temp=57.5'C,throttled=0x0,15.0,1.998,121.313,157.258,262.265,0,456.125,59.174,92.201,95.495,115.87,161.266,189.299,9.894,123.995,40.0,,14.276,69.379,721.805,728.087,13.549,18.539,2,idle,0,74,74,0,0
2026-08-27T14:17:31+0800,122.609,68.152,26.406,temp=56.9'C,throttled=0x0,15.0,1.998,121.313,157.258,292.835,0,466.736,59.534,92.201,95.537,115.87,161.266,189.299,9.9,123.995,40.0,,14.276,69.379,721.805,728.087,13.549,18.539,2,idle,0,74,74,0,0
2026-08-27T14:17:32+0800,124.947,68.375,26.406,temp=57.5'C,throttled=0x0,15.0,1.998,121.313,157.258,281.511,0,456.125,59.105,92.201,95.516,115.87,161.266,189.299,9.9,124.0,40.0,,14.276,69.379,721.805,728.087,13.549,18.539,2,idle,0,74,74,0,0
2026-08-27T14:17:33+0800,122.038,68.227,26.406,temp=58.0'C,throttled=0x0,15.0,1.998,121.313,157.258,296.856,0,454.191,58.885,92.201,95.397,115.87,161.266,189.299,9.901,124.614,40.0,,14.276,69.379,721.805,728.087,13.549,18.539,2,idle,0,74,74,0,0
2026-08-27T14:17:34+0800,124.846,68.242,26.406,temp=58.0'C,throttled=0x0,15.0,1.998,121.313,157.258,360.158,0,456.125,59.011,92.201,95.384,115.87,161.266,189.299,9.896,124.0,40.0,,14.276,69.379,721.805,728.087,13.549,18.539,2,idle,0,74,74,0,0
2026-08-27T14:17:35+0800,129.971,71.227,26.406,temp=57.5'C,throttled=0x0,15.0,1.998,121.313,157.258,355.813,0,469.557,59.174,92.217,95.329,115.87,161.266,189.299,9.896,124.614,40.0,,14.276,69.379,721.805,728.087,13.549,18.539,2,idle,0,74,74,0,0
2026-08-27T14:17:36+0800,127.394,71.156,26.406,temp=57.5'C,throttled=0x0,15.0,1.998,121.313,157.258,402.722,0,473.693,59.174,93.032,95.321,115.87,161.266,189.299,9.888,124.0,40.0,,14.276,69.379,721.805,728.087,13.549,18.539,2,idle,0,74,74,0,0
2026-08-27T14:17:37+0800,128.03,68.199,26.406,temp=58.0'C,throttled=0x0,15.0,1.998,121.313,157.258,422.765,0,473.693,59.174,93.032,95.321,115.87,161.266,189.299,9.885,125.377,40.0,,14.276,69.379,721.805,728.087,13.549,18.539,2,idle,0,74,74,0,0
2026-08-27T14:17:38+0800,119.0,68.148,26.406,temp=58.0'C,throttled=0x0,15.0,1.998,121.313,157.258,428.236,0,473.693,59.174,93.032,95.329,115.87,161.266,189.299,9.881,125.377,40.0,,14.276,69.379,721.805,728.087,13.549,18.539,2,idle,0,74,74,0,0
2026-08-27T14:17:39+0800,123.8,68.086,26.406,temp=58.0'C,throttled=0x0,15.0,1.998,121.313,155.431,21.121,0,473.693,59.174,93.032,95.329,115.87,161.266,189.299,9.842,128.375,40.0,,14.276,69.379,721.805,728.087,13.549,18.539,2,idle,0,74,74,0,0
2026-08-27T14:17:40+0800,126.832,68.102,26.406,temp=58.0'C,throttled=0x0,15.0,1.998,121.313,155.431,402.838,0,473.693,59.105,92.217,95.336,117.166,161.266,189.299,9.771,128.894,40.0,,14.276,69.379,721.805,728.087,13.549,18.539,2,playing,0,75,74,0,0
2026-08-27T14:17:41+0800,123.743,68.285,26.406,temp=58.0'C,throttled=0x0,15.0,1.997,121.326,157.258,17.148,0,473.693,59.011,92.217,95.384,117.603,161.266,189.299,9.687,130.196,40.0,,14.276,69.379,721.805,728.087,13.549,18.539,2,playing,0,75,74,0,0
2026-08-27T14:17:42+0800,121.735,68.324,26.406,temp=57.5'C,throttled=0x0,15.0,1.997,121.326,157.258,77.645,0,473.693,59.011,92.217,95.384,117.603,161.266,189.299,9.668,130.196,40.0,,14.276,69.379,721.805,728.087,13.549,18.539,2,playing,0,75,74,0,0
2026-08-27T14:17:43+0800,124.97,68.121,26.406,temp=58.0'C,throttled=0x0,15.0,1.998,121.446,157.258,12.435,0,473.693,58.885,92.217,95.388,117.603,161.266,189.299,9.664,130.211,40.0,,14.276,69.379,721.805,728.087,13.549,18.539,2,playing,0,75,74,0,0
2026-08-27T14:17:44+0800,123.634,68.219,26.406,temp=58.0'C,throttled=0x0,15.0,1.998,121.446,157.258,30.342,0,473.693,58.168,92.217,95.495,117.603,161.266,189.299,9.618,130.67,40.0,,14.276,69.379,721.805,728.087,13.549,18.539,2,idle,0,75,75,0,0
2026-08-27T14:17:45+0800,125.655,68.234,26.406,temp=58.0'C,throttled=0x0,15.0,1.998,121.707,157.258,129.369,0,473.693,58.168,92.217,95.73,117.81,161.266,189.299,9.539,132.22,40.0,,14.276,69.379,721.805,728.087,13.549,18.539,2,idle,0,75,75,0,0
2026-08-27T14:17:46+0800,131.632,68.172,26.406,temp=58.0'C,throttled=0x0,15.0,1.997,121.707,156.695,133.329,0,473.693,57.5,92.217,95.863,118.359,161.266,189.299,9.463,135.588,40.0,,14.276,69.379,721.805,728.087,13.549,18.539,2,idle,0,75,75,0,0
2026-08-27T14:17:47+0800,125.363,68.348,26.406,temp=58.0'C,throttled=0x0,15.0,1.997,121.707,156.695,138.89,0,473.693,57.076,92.217,95.917,118.842,161.266,189.299,9.388,140.39,40.0,,14.276,69.379,721.805,728.087,13.549,18.539,2,idle,0,75,75,0,0
2026-08-27T14:17:48+0800,121.95,68.23,26.406,temp=57.5'C,throttled=0x0,15.0,1.997,121.707,156.695,144.584,0,470.192,56.448,92.217,95.917,118.842,161.266,189.299,9.417,140.39,40.0,,14.276,69.379,721.805,728.087,13.549,18.539,2,idle,0,75,75,0,0
2026-08-27T14:17:49+0800,115.829,68.223,26.406,temp=57.5'C,throttled=0x0,15.0,1.998,121.746,156.695,193.425,0,470.192,55.179,92.217,95.903,118.842,161.266,189.299,9.474,140.39,40.0,,14.276,69.379,721.805,728.087,13.549,18.539,2,idle,0,75,75,0,0
2026-08-27T14:17:50+0800,118.978,68.289,26.406,temp=58.0'C,throttled=0x0,15.0,1.998,121.746,156.695,143.493,0,473.693,55.153,92.217,95.917,118.842,161.266,189.299,9.5,140.39,40.0,,14.276,69.379,721.805,728.087,13.549,18.539,2,idle,0,75,75,0,0
2026-08-27T14:17:51+0800,124.013,68.234,26.406,temp=57.5'C,throttled=0x0,15.0,1.997,121.746,156.695,155.525,0,470.192,55.153,92.217,95.917,121.267,161.266,189.299,9.465,140.777,40.0,,14.276,69.379,721.805,728.087,13.549,18.539,2,idle,0,75,75,0,0
2026-08-27T14:17:52+0800,128.561,68.137,26.406,temp=58.0'C,throttled=0x0,15.0,1.997,122.036,156.695,156.887,0,450.945,55.153,92.217,95.917,121.267,161.266,189.299,9.41,142.53,40.0,,14.276,69.379,721.805,728.087,13.549,18.539,2,idle,0,75,75,0,0
2026-08-27T14:17:53+0800,123.705,68.254,26.406,temp=58.0'C,throttled=0x0,15.0,1.997,122.036,156.695,251.512,0,454.825,53.951,92.217,95.903,121.267,161.266,189.299,9.384,142.574,40.0,,14.276,69.379,721.805,728.087,13.549,18.539,2,idle,0,75,75,0,0
2026-08-27T14:17:54+0800,123.122,68.188,26.406,temp=58.0'C,throttled=0x0,15.0,1.997,122.503,156.695,238.803,0,470.192,54.31,92.217,95.863,121.267,161.266,189.299,9.34,142.574,40.0,,14.276,69.379,721.805,728.087,13.549,18.539,2,idle,0,75,75,0,0
2026-08-27T14:17:55+0800,120.912,68.25,26.406,temp=58.0'C,throttled=0x0,15.0,1.998,122.503,156.695,316.561,0,446.858,53.678,92.217,95.537,121.267,161.266,189.299,9.356,142.574,40.0,,14.276,69.379,721.805,728.087,13.549,18.539,2,idle,0,75,75,0,0
2026-08-27T14:17:56+0800,117.894,68.148,26.406,temp=57.5'C,throttled=0x0,15.0,1.997,122.613,156.695,254.499,0,450.945,53.576,92.217,95.495,121.267,161.266,189.299,9.379,142.574,40.0,,14.276,69.379,721.805,728.087,13.549,18.539,2,idle,0,75,75,0,0
2026-08-27T14:17:57+0800,120.084,68.262,26.406,temp=57.5'C,throttled=0x0,15.0,1.997,122.613,156.695,312.767,0,446.858,53.336,92.217,95.397,121.267,161.266,189.299,9.388,142.574,40.0,,14.276,69.379,721.805,728.087,13.549,18.539,2,idle,0,75,75,0,0
2026-08-27T14:17:58+0800,121.78,68.078,26.406,temp=58.0'C,throttled=0x0,15.0,1.998,122.613,156.695,312.278,0,443.082,52.202,92.217,95.397,121.267,161.266,189.299,9.393,142.574,40.0,,14.276,69.379,721.805,728.087,13.549,18.539,2,playing,0,76,75,0,0
2026-08-27T14:17:59+0800,118.768,68.148,26.406,temp=58.5'C,throttled=0x0,15.0,1.997,122.949,157.258,321.803,0,446.858,52.105,93.142,95.495,121.267,161.266,189.299,9.351,142.574,40.0,,14.276,69.379,721.805,728.087,13.549,18.539,2,playing,0,76,75,0,0
2026-08-27T14:18:00+0800,121.541,68.238,26.406,temp=58.0'C,throttled=0x0,15.0,1.997,122.949,157.258,385.454,0,446.858,52.105,93.142,95.516,121.267,161.266,189.299,9.334,142.574,40.0,,14.276,69.379,721.805,728.087,13.549,18.539,2,playing,0,76,75,0,0
2026-08-27T14:18:01+0800,125.357,69.941,26.406,temp=58.0'C,throttled=0x0,15.0,1.997,122.949,157.258,383.411,0,445.067,51.821,93.142,95.495,121.267,161.266,189.299,9.331,142.574,40.0,,14.276,69.379,721.805,728.087,13.549,18.539,2,idle,0,76,76,0,0
2026-08-27T14:18:02+0800,131.012,71.219,26.406,temp=58.0'C,throttled=0x0,15.0,1.997,122.949,157.258,365.406,0,434.801,51.251,93.142,95.515,121.267,161.266,189.299,9.335,142.574,40.0,,14.276,69.379,721.805,728.087,13.549,18.539,2,idle,0,76,76,0,0
2026-08-27T14:18:03+0800,124.697,68.207,26.406,temp=58.0'C,throttled=0x0,15.0,1.997,122.949,157.367,478.063,0,434.801,50.437,93.142,95.515,121.267,161.266,189.299,9.347,142.53,40.0,,14.276,69.379,721.805,728.087,13.549,18.539,2,idle,0,76,76,0,0
2026-08-27T14:18:04+0800,119.673,68.305,26.406,temp=58.0'C,throttled=0x0,15.0,1.997,122.613,157.367,465.034,0,445.067,50.437,93.142,95.495,121.267,161.266,189.299,9.358,142.53,40.0,,14.276,69.379,721.805,728.087,13.549,18.539,2,idle,0,76,76,0,0
2026-08-27T14:18:05+0800,121.149,68.242,26.406,temp=56.9'C,throttled=0x0,15.0,1.997,122.613,157.367,28.038,0,446.399,49.95,93.142,95.388,121.267,161.266,189.299,9.364,142.53,40.0,,14.276,69.379,721.805,728.087,13.549,18.539,2,idle,0,76,76,0,0
2026-08-27T14:18:07+0800,125.539,68.258,26.406,temp=57.5'C,throttled=0x0,15.0,1.997,122.613,157.367,28.843,0,446.399,49.715,93.142,95.495,121.267,161.266,189.299,9.409,142.53,40.0,,14.276,69.379,721.805,728.087,13.549,18.539,2,idle,0,76,76,0,0
2026-08-27T14:18:08+0800,120.756,68.324,26.406,temp=58.0'C,throttled=0x0,15.0,1.997,122.503,157.367,38.558,0,446.399,49.096,93.142,95.515,121.267,161.266,189.299,9.516,140.312,40.0,,14.276,69.379,721.805,728.087,13.549,18.539,2,idle,0,76,76,0,0
2026-08-27T14:18:09+0800,119.109,68.23,26.406,temp=58.0'C,throttled=0x0,15.0,1.997,122.503,157.367,99.54,0,446.399,48.551,93.142,95.388,121.267,161.266,189.299,9.558,139.284,40.0,,14.276,69.379,721.805,728.087,13.549,18.539,2,idle,0,76,76,0,0
2026-08-27T14:18:10+0800,122.833,68.266,26.406,temp=58.0'C,throttled=0x0,15.0,1.997,122.503,157.367,98.724,0,446.399,48.551,93.142,95.388,121.267,161.266,189.299,9.573,139.284,40.0,,14.276,69.379,721.805,728.087,13.549,18.539,2,idle,0,76,76,0,0
2026-08-27T14:18:11+0800,116.833,68.285,26.406,temp=57.5'C,throttled=0x0,15.0,1.997,122.503,157.367,55.401,0,450.945,49.096,93.142,95.384,121.267,161.266,189.299,9.635,137.508,40.0,,14.276,69.379,721.805,728.087,13.549,18.539,2,idle,0,76,76,0,0
2026-08-27T14:18:12+0800,119.093,68.344,26.406,temp=56.9'C,throttled=0x0,15.0,1.998,122.503,157.367,161.365,0,450.945,49.715,93.142,95.388,121.267,161.266,189.299,9.727,134.805,40.0,,14.276,69.379,721.805,728.087,13.549,18.539,2,idle,0,76,76,0,0
2026-08-27T14:18:13+0800,119.739,68.133,26.406,temp=57.5'C,throttled=0x0,15.0,1.998,122.503,157.258,160.6,0,450.975,49.715,92.217,95.336,121.267,161.266,189.299,9.831,129.292,40.0,,14.276,69.379,721.805,728.087,13.549,18.539,2,idle,0,76,76,0,0
2026-08-27T14:18:14+0800,122.163,68.219,26.406,temp=58.0'C,throttled=0x0,15.0,1.997,122.503,157.258,184.064,0,454.825,49.834,92.217,95.336,121.267,161.266,189.299,9.856,129.292,40.0,,14.276,69.379,721.805,728.087,13.549,18.539,2,idle,0,76,76,0,0
2026-08-27T14:18:15+0800,117.783,68.258,26.406,temp=58.0'C,throttled=0x0,15.0,1.997,122.503,157.258,234.31,0,454.987,49.834,92.217,95.335,121.267,161.266,189.299,9.864,129.292,40.0,,14.276,69.379,721.805,728.087,13.549,18.539,2,idle,0,76,76,0,0
2026-08-27T14:18:16+0800,124.806,68.102,26.406,temp=58.0'C,throttled=0x0,15.0,1.998,122.613,157.258,220.763,0,454.825,49.834,92.217,95.335,121.267,161.266,189.299,9.843,129.292,40.0,,14.276,69.379,721.805,728.087,13.549,18.539,2,playing,0,77,76,0,0
2026-08-27T14:18:17+0800,120.632,68.234,26.406,temp=56.9'C,throttled=0x0,15.0,1.997,121.746,157.258,186.338,0,454.987,49.834,92.217,95.384,121.267,161.266,189.299,9.812,130.535,40.0,,14.276,69.379,721.805,728.087,13.549,18.539,2,playing,0,77,76,0,0
2026-08-27T14:18:18+0800,121.695,68.219,26.406,temp=58.0'C,throttled=0x0,15.0,1.997,122.613,157.258,209.134,0,454.987,49.715,92.217,95.384,121.267,161.266,189.299,9.905,128.195,40.0,,14.276,69.379,721.805,728.087,13.549,18.539,2,playing,0,77,76,0,0
2026-08-27T14:18:19+0800,119.094,68.191,26.406,temp=58.0'C,throttled=0x0,15.0,1.997,123.341,157.258,207.499,0,454.987,49.715,92.217,95.384,121.267,161.266,189.299,9.967,127.964,40.0,,14.276,69.379,721.805,728.087,13.549,18.539,2,playing,0,77,76,0,0
2026-08-27T14:18:20+0800,121.857,68.355,26.406,temp=58.0'C,throttled=0x0,15.0,1.997,123.672,157.258,229.765,0,453.214,49.715,92.217,95.384,121.267,161.266,189.299,9.995,127.523,40.0,,14.276,69.379,721.805,728.087,13.549,18.539,2,playing,0,77,76,0,0
2026-08-27T14:18:21+0800,121.763,68.379,26.406,temp=58.0'C,throttled=0x0,15.0,1.997,123.79,157.258,324.448,0,453.214,49.715,92.217,95.388,121.267,161.266,189.299,9.985,127.523,40.0,,14.276,69.379,721.805,728.087,13.549,18.539,2,playing,0,77,76,0,0
2026-08-27T14:18:22+0800,119.057,68.457,26.406,temp=57.5'C,throttled=0x0,15.0,1.997,123.79,157.258,295.524,0,451.6,49.685,92.217,95.388,121.267,161.266,189.299,9.967,127.523,40.0,,14.276,69.379,721.805,728.087,13.549,18.539,2,idle,0,77,77,0,0
2026-08-27T14:18:23+0800,118.987,68.398,26.406,temp=56.9'C,throttled=0x0,15.0,1.997,123.931,157.258,294.189,0,451.6,49.685,93.142,95.384,121.267,161.266,189.299,9.964,127.523,40.0,,14.276,69.379,721.805,728.087,13.549,18.539,2,idle,0,77,77,0,0
2026-08-27T14:18:24+0800,121.005,68.5,26.406,temp=57.5'C,throttled=0x0,15.0,1.997,123.79,157.258,320.883,0,453.214,49.685,93.142,95.336,121.267,161.266,189.299,9.979,125.496,40.0,,14.276,69.379,721.805,728.087,13.549,18.539,2,idle,0,77,77,0,0
2026-08-27T14:18:25+0800,120.975,68.449,26.406,temp=58.0'C,throttled=0x0,15.0,1.997,123.672,157.258,372.655,0,451.6,49.096,93.142,95.329,121.267,161.266,189.299,10.058,124.603,40.0,,14.276,69.379,721.805,728.087,13.549,18.539,2,idle,0,77,77,0,0
2026-08-27T14:18:26+0800,119.856,68.422,26.406,temp=57.5'C,throttled=0x0,15.0,1.997,123.672,157.258,354.724,0,453.214,49.685,93.142,95.321,121.267,161.266,189.299,10.089,124.084,40.0,,14.276,69.379,721.805,728.087,13.549,18.539,2,idle,0,77,77,0,0
2026-08-27T14:18:27+0800,120.848,70.285,26.406,temp=57.5'C,throttled=0x0,15.0,1.997,123.672,157.258,329.71,0,453.214,49.685,93.142,95.197,121.267,161.266,189.299,10.096,124.603,40.0,,14.276,69.379,721.805,728.087,13.549,18.539,2,idle,0,77,77,0,0
2026-08-27T14:18:28+0800,124.241,71.488,26.406,temp=57.5'C,throttled=0x0,15.0,1.997,123.672,157.258,413.667,0,454.987,49.834,93.142,95.152,121.267,161.266,189.299,10.103,124.084,40.0,,14.276,69.379,721.805,728.087,13.549,18.539,2,idle,0,77,77,0,0
2026-08-27T14:18:29+0800,130.03,68.566,26.406,temp=57.5'C,throttled=0x0,15.0,1.997,123.672,157.367,465.664,0,454.987,49.685,93.142,95.109,121.267,161.266,189.299,10.113,123.952,40.0,,14.276,69.379,721.805,728.087,13.549,18.539,2,idle,0,77,77,0,0
2026-08-27T14:18:30+0800,120.868,68.422,26.406,temp=58.0'C,throttled=0x0,15.0,1.997,123.672,157.367,420.366,0,451.6,49.685,93.142,95.152,121.267,161.266,189.299,10.119,123.952,40.0,,14.276,69.379,721.805,728.087,13.549,18.539,2,idle,0,77,77,0,0
2026-08-27T14:18:31+0800,118.922,68.547,26.406,temp=57.5'C,throttled=0x0,15.0,1.997,123.672,157.367,472.712,0,453.214,49.096,90.842,95.109,121.267,161.266,189.299,10.12,124.084,40.0,,14.276,69.379,721.805,728.087,13.549,18.539,2,idle,0,77,77,0,0
2026-08-27T14:18:32+0800,121.881,68.469,26.406,temp=58.0'C,throttled=0x0,15.0,1.997,123.672,157.367,412.628,0,454.752,49.096,90.842,94.911,121.267,161.266,189.299,10.152,123.952,40.0,,14.276,69.379,721.805,728.087,13.549,18.539,2,idle,0,77,77,0,0
2026-08-27T14:18:33+0800,121.034,68.5,26.406,temp=58.0'C,throttled=0x0,15.0,1.997,123.672,157.367,486.331,0,458.822,49.096,90.842,95.109,121.267,161.266,189.299,10.112,123.952,40.0,,14.276,69.379,721.805,728.087,13.549,18.539,2,idle,0,77,77,0,0
2026-08-27T14:18:34+0800,121.072,68.594,26.406,temp=58.0'C,throttled=0x0,15.0,1.997,123.672,157.367,25.459,0,458.822,49.685,91.193,94.88,121.267,161.266,189.299,10.124,123.952,40.0,,14.276,69.379,721.805,728.087,13.549,18.539,2,idle,0,77,77,0,0
2026-08-27T14:18:35+0800,119.836,68.484,26.406,temp=58.0'C,throttled=0x0,15.0,1.997,123.672,157.367,58.499,0,458.822,49.685,91.193,94.88,121.267,161.266,189.299,10.144,123.952,40.0,,14.276,69.379,721.805,728.087,13.549,18.539,2,idle,0,77,77,0,0
2026-08-27T14:18:36+0800,122.69,68.457,26.406,temp=58.0'C,throttled=0x0,15.0,1.997,123.672,157.367,31.807,0,454.752,49.234,91.193,94.88,121.267,161.266,189.299,10.142,123.952,40.0,,14.276,69.379,721.805,728.087,13.549,18.539,2,idle,0,77,77,0,0
2026-08-27T14:18:37+0800,123.707,68.426,26.406,temp=58.0'C,throttled=0x0,15.0,1.997,123.672,157.258,459.094,0,458.822,49.096,91.193,95.109,121.706,161.266,189.299,10.051,127.523,40.0,,14.276,69.379,721.805,728.087,13.549,18.539,2,playing,0,78,77,0,0
2026-08-27T14:18:38+0800,124.264,68.48,26.406,temp=58.0'C,throttled=0x0,15.0,1.997,123.341,157.258,77.985,0,459.094,49.834,93.142,95.197,122.368,161.266,189.299,9.971,130.535,40.0,,14.276,69.379,721.805,728.087,13.549,18.539,2,playing,0,78,77,0,0
2026-08-27T14:18:39+0800,122.595,68.391,26.406,temp=58.0'C,throttled=0x0,15.1,1.997,123.069,157.258,117.531,0,459.094,49.95,93.245,95.197,122.368,161.266,189.299,9.971,130.535,40.0,,14.276,69.379,721.805,728.087,13.549,18.539,2,playing,0,78,77,0,0
2026-08-27T14:18:40+0800,120.05,68.496,26.406,temp=58.5'C,throttled=0x0,15.1,1.997,122.949,157.258,144.141,0,458.822,50.256,93.245,95.152,122.368,161.266,189.299,9.945,130.535,40.0,,14.276,69.379,721.805,728.087,13.549,18.539,2,idle,0,78,78,0,0
2026-08-27T14:18:41+0800,121.805,68.516,26.406,temp=58.0'C,throttled=0x0,15.1,1.997,122.613,157.258,132.206,0,458.822,49.95,93.142,95.109,122.368,161.266,189.299,9.926,130.535,40.0,,14.276,69.379,721.805,728.087,13.549,18.539,2,idle,0,78,78,0,0
2026-08-27T14:18:42+0800,122.856,68.418,26.406,temp=57.5'C,throttled=0x0,15.1,1.997,122.949,157.258,141.637,0,454.752,49.834,91.193,94.911,121.706,161.266,189.299,9.973,129.581,40.0,,14.276,69.379,721.805,728.087,13.549,18.539,2,idle,0,78,78,0,0
2026-08-27T14:18:43+0800,121.637,68.434,26.406,temp=58.0'C,throttled=0x0,15.1,1.997,122.613,157.258,205.63,0,454.752,49.834,91.193,94.768,121.706,161.266,189.299,9.987,129.581,40.0,,14.276,69.379,721.805,728.087,13.549,18.539,2,idle,0,78,78,0,0
2026-08-27T14:18:44+0800,122.055,68.441,26.406,temp=57.5'C,throttled=0x0,15.0,1.997,122.613,157.258,190.596,0,454.752,49.834,91.193,94.654,121.267,161.266,189.299,9.993,129.508,40.0,,14.276,69.379,721.805,728.087,13.549,18.539,2,idle,0,78,78,0,0
2026-08-27T14:18:45+0800,119.966,68.539,26.406,temp=58.0'C,throttled=0x0,15.0,1.997,122.613,157.258,498.894,0,458.822,49.834,91.193,94.654,121.267,161.266,189.299,10.015,127.886,40.0,,14.276,69.379,721.805,728.087,13.549,18.539,2,idle,0,78,78,0,0
2026-08-27T14:18:46+0800,120.864,68.535,26.406,temp=56.9'C,throttled=0x0,15.0,1.997,122.613,157.258,498.894,0,458.822,49.834,91.193,94.654,121.267,161.266,189.299,10.012,127.886,40.0,,14.276,69.379,721.805,728.087,13.549,18.539,2,idle,0,78,78,0,0
2026-08-27T14:18:47+0800,118.198,68.551,26.406,temp=56.9'C,throttled=0x0,15.0,1.997,122.613,157.258,498.894,0,458.822,49.834,91.193,94.654,121.267,161.266,189.299,10.01,127.886,40.0,,14.276,69.379,721.805,728.087,13.549,18.539,2,idle,0,78,78,0,0
2026-08-27T14:18:48+0800,122.83,68.492,26.406,temp=58.0'C,throttled=0x0,15.0,1.997,122.613,157.258,498.894,0,458.822,49.834,91.193,94.654,121.267,161.266,189.299,10.017,128.799,40.0,,14.276,69.379,721.805,728.087,13.549,18.539,2,idle,0,78,78,0,0
2026-08-27T14:18:49+0800,121.584,68.406,26.406,temp=58.0'C,throttled=0x0,15.0,1.997,122.613,157.258,498.894,0,458.822,49.834,91.193,94.654,121.267,161.266,189.299,10.02,128.799,40.0,,14.276,69.379,721.805,728.087,13.549,18.539,2,idle,0,78,78,0,0
2026-08-27T14:18:50+0800,119.063,68.457,26.406,temp=56.9'C,throttled=0x0,15.0,1.997,122.613,157.258,498.894,0,458.822,49.834,91.193,94.654,121.267,161.266,189.299,10.03,128.799,40.0,,14.276,69.379,721.805,728.087,13.549,18.539,2,idle,0,78,78,0,0
2026-08-27T14:18:51+0800,120.034,68.461,26.406,temp=56.9'C,throttled=0x0,15.0,1.997,122.613,157.258,498.894,0,458.822,49.834,91.193,94.654,121.267,161.266,189.299,10.027,128.804,40.0,,14.276,69.379,721.805,728.087,13.549,18.539,2,idle,0,78,78,0,0
2026-08-27T14:18:52+0800,121.061,68.484,26.406,temp=58.0'C,throttled=0x0,15.0,1.997,122.613,157.258,498.894,0,458.822,49.834,91.193,94.654,121.267,161.266,189.299,10.061,127.886,40.0,,14.276,69.379,721.805,728.087,13.549,18.539,2,idle,0,78,78,0,0
2026-08-27T14:18:53+0800,124.317,71.516,26.406,temp=56.9'C,throttled=0x0,15.0,1.997,122.613,157.258,498.894,0,458.822,49.834,91.193,94.654,121.267,161.266,189.299,10.067,127.886,40.0,,14.276,69.379,721.805,728.087,13.549,18.539,2,idle,0,78,78,0,0
2026-08-27T14:18:54+0800,132.932,71.426,26.406,temp=57.5'C,throttled=0x0,15.0,1.997,122.613,157.258,498.894,0,458.822,49.834,91.193,94.654,121.267,161.266,189.299,10.044,128.799,40.0,,14.276,69.379,721.805,728.087,13.549,18.539,2,idle,0,78,78,0,0
2026-08-27T14:18:56+0800,125.294,68.469,26.406,temp=58.0'C,throttled=0x0,15.0,1.997,122.613,157.258,498.894,0,458.822,49.834,91.193,94.654,121.267,161.266,189.299,10.006,128.799,40.0,,14.276,69.379,721.805,728.087,13.549,18.539,2,playing,0,79,78,0,0
2026-08-27T14:18:57+0800,119.963,68.551,26.406,temp=58.0'C,throttled=0x0,15.0,1.997,122.613,157.258,498.894,0,458.822,49.834,91.193,94.654,121.267,161.266,189.299,9.972,128.799,40.0,,14.276,69.379,721.805,728.087,13.549,18.539,2,playing,0,79,78,0,0
2026-08-27T14:18:58+0800,122.789,68.375,26.406,temp=58.0'C,throttled=0x0,15.0,1.997,122.613,157.258,498.894,0,458.822,49.834,91.193,94.654,121.267,161.266,189.299,9.955,128.804,40.0,,14.276,69.379,721.805,728.087,13.549,18.539,2,playing,0,79,78,0,0
2026-08-27T14:18:59+0800,125.914,68.363,26.406,temp=58.0'C,throttled=0x0,15.0,1.997,122.613,157.258,7.857,0,458.822,49.685,91.193,94.654,119.003,158.99,189.299,9.934,128.804,40.0,,14.276,69.379,721.805,728.087,13.549,18.539,2,playing,0,79,78,0,0
2026-08-27T14:19:00+0800,123.907,68.332,26.406,temp=58.0'C,throttled=0x0,15.0,1.997,122.613,157.258,489.919,0,459.505,49.685,91.193,94.616,119.003,158.99,189.299,9.891,128.804,40.0,,14.276,69.379,721.805,728.087,13.549,18.539,2,playing,0,79,78,0,0
2026-08-27T14:19:01+0800,120.904,68.43,26.406,temp=58.0'C,throttled=0x0,15.0,1.997,122.613,157.258,14.053,0,459.505,49.234,91.193,94.616,119.003,158.99,189.299,9.86,128.804,40.0,,14.276,69.379,721.805,728.087,13.549,18.539,2,playing,0,79,78,0,0
2026-08-27T14:19:02+0800,125.662,68.438,26.406,temp=58.0'C,throttled=0x0,15.0,1.997,122.613,157.258,95.214,0,459.094,49.234,93.142,94.616,119.003,158.99,189.299,9.817,129.508,40.0,,14.276,69.379,721.805,728.087,13.549,18.539,2,idle,0,79,79,0,0
2026-08-27T14:19:03+0800,127.836,68.488,26.406,temp=58.0'C,throttled=0x0,15.0,1.997,122.613,157.258,88.466,0,459.505,49.234,93.142,94.616,119.319,158.99,189.299,9.759,129.508,40.0,,14.276,69.379,721.805,728.087,13.549,18.539,2,idle,0,79,79,0,0
2026-08-27T14:19:04+0800,122.956,68.43,26.406,temp=58.0'C,throttled=0x0,15.0,1.997,122.613,157.258,74.882,0,459.094,49.234,93.142,94.768,119.319,158.99,189.299,9.826,126.319,40.0,,14.276,69.379,721.805,728.087,13.549,18.539,2,idle,0,79,79,0,0
2026-08-27T14:19:05+0800,124.966,68.383,26.406,temp=56.9'C,throttled=0x0,15.0,1.997,122.407,157.258,77.283,0,459.094,49.834,93.142,94.911,121.267,158.99,189.299,9.757,128.804,40.0,,14.276,69.379,721.805,728.087,13.549,18.539,2,idle,0,79,79,0,0
2026-08-27T14:19:06+0800,125.845,68.41,26.406,temp=57.5'C,throttled=0x0,15.0,1.997,122.407,157.258,167.931,0,461.209,50.256,93.142,95.152,121.267,158.99,189.299,9.739,128.804,40.0,,14.276,69.379,721.805,728.087,13.549,18.539,2,idle,0,79,79,0,0
2026-08-27T14:19:07+0800,119.971,68.367,26.406,temp=57.5'C,throttled=0x0,15.0,1.997,122.407,157.258,160.091,0,463.715,50.256,93.142,95.152,121.267,158.99,189.299,9.742,128.804,40.0,,14.276,69.379,721.805,728.087,13.549,18.539,2,idle,0,79,79,0,0
2026-08-27T14:19:08+0800,121.588,68.43,26.406,temp=57.5'C,throttled=0x0,15.0,1.997,122.407,157.258,171.372,0,461.209,50.256,92.277,95.152,121.267,158.99,189.299,9.736,128.804,40.0,,14.276,69.379,721.805,728.087,13.549,18.539,2,idle,0,79,79,0,0
2026-08-27T14:19:09+0800,120.841,68.418,26.406,temp=57.5'C,throttled=0x0,15.0,1.997,122.407,157.258,255.972,0,465.207,50.256,92.277,95.109,121.267,158.99,189.299,9.755,128.804,40.0,,14.276,69.379,721.805,728.087,13.549,18.539,2,idle,0,79,79,0,0
2026-08-27T14:19:10+0800,121.94,68.535,26.406,temp=57.5'C,throttled=0x0,15.0,1.997,122.407,157.258,253.108,0,465.207,50.437,92.277,94.911,121.267,158.99,189.299,9.749,128.804,40.0,,14.276,69.379,721.805,728.087,13.549,18.539,2,idle,0,79,79,0,0
2026-08-27T14:19:11+0800,123.834,68.348,26.406,temp=56.9'C,throttled=0x0,15.0,1.997,122.407,157.064,242.852,0,465.207,50.779,92.277,94.88,120.508,158.99,189.299,9.74,128.804,40.0,,14.276,69.379,721.805,728.087,13.549,18.539,2,idle,0,79,79,0,0
2026-08-27T14:19:12+0800,121.098,68.523,26.406,temp=58.0'C,throttled=0x0,15.0,1.997,122.407,156.981,247.596,0,463.715,50.975,92.277,94.654,120.508,158.99,189.299,9.73,128.804,40.0,,14.276,69.379,721.805,728.087,13.549,18.539,2,idle,0,79,79,0,0
2026-08-27T14:19:13+0800,121.526,68.539,26.406,temp=58.0'C,throttled=0x0,15.0,1.997,122.177,156.695,267.821,0,464.553,51.251,92.277,94.556,120.508,158.99,189.299,9.724,128.804,40.0,,14.276,69.379,721.805,728.087,13.549,18.539,2,idle,0,79,79,0,0
2026-08-27T14:19:14+0800,122.714,68.582,26.406,temp=56.9'C,throttled=0x0,15.0,1.997,122.407,156.695,268.099,0,464.553,51.451,92.277,94.498,120.508,158.99,189.299,9.706,128.804,40.0,,14.276,69.379,721.805,728.087,13.549,18.539,2,idle,0,79,79,0,0
2026-08-27T14:19:15+0800,120.552,68.496,26.406,temp=58.0'C,throttled=0x0,15.0,1.997,122.613,156.695,272.217,0,465.641,51.451,92.277,94.498,120.508,158.99,189.299,9.702,128.804,40.0,,14.276,69.379,721.805,728.087,13.549,18.539,2,idle,0,79,79,0,0
2026-08-27T14:19:16+0800,123.701,68.383,26.406,temp=58.0'C,throttled=0x0,15.0,1.997,123.069,156.695,357.04,0,466.031,52.105,92.277,94.447,120.508,158.99,189.299,9.68,128.804,40.0,,14.276,69.379,721.805,728.087,13.549,18.539,2,playing,0,80,79,0,0
2026-08-27T14:19:17+0800,116.978,69.25,26.406,temp=58.0'C,throttled=0x0,15.0,1.997,123.341,156.981,388.978,0,466.48,52.105,93.142,94.447,120.508,158.99,189.299,9.607,129.813,40.0,,14.276,69.379,721.805,728.087,13.549,18.539,2,playing,0,80,79,0,0
2026-08-27T14:19:18+0800,135.006,71.504,26.406,temp=58.0'C,throttled=0x0,15.0,1.997,123.341,157.064,365.181,0,466.48,52.105,93.142,94.447,120.508,158.99,189.299,9.578,132.491,40.0,,14.276,69.379,721.805,728.087,13.549,18.539,2,playing,0,80,79,0,0
2026-08-27T14:19:19+0800,129.088,71.547,26.406,temp=58.0'C,throttled=0x0,15.0,1.997,123.341,157.258,424.813,0,465.641,52.105,93.142,94.447,120.508,158.99,189.299,9.535,132.969,40.0,,14.276,69.379,721.805,728.087,13.549,18.539,2,playing,0,80,79,0,0
2026-08-27T14:19:20+0800,122.527,68.41,26.406,temp=58.0'C,throttled=0x0,15.0,1.997,123.672,157.367,495.153,0,466.031,51.451,93.142,94.456,120.508,158.99,189.299,9.499,133.29,40.0,,14.276,69.379,721.805,728.087,13.549,18.539,2,playing,0,80,79,0,0
2026-08-27T14:19:21+0800,121.757,68.438,26.406,temp=58.0'C,throttled=0x0,15.0,1.997,123.672,157.367,407.688,0,466.031,51.451,94.089,94.498,120.508,158.99,189.299,9.466,133.29,40.0,,14.276,69.379,721.805,728.087,13.549,18.539,2,playing,0,80,79,0,0
2026-08-27T14:19:22+0800,124.6,68.602,26.406,temp=58.0'C,throttled=0x0,15.0,1.997,123.341,157.367,501.184,0,469.853,50.975,94.089,94.556,120.508,158.99,189.299,9.445,133.29,40.0,,14.276,69.379,721.805,728.087,13.549,18.539,2,playing,0,80,79,0,0
2026-08-27T14:19:23+0800,121.058,69.078,26.406,temp=58.0'C,throttled=0x0,15.0,1.997,123.341,157.367,27.285,0,469.853,50.975,94.089,94.616,120.508,158.99,189.299,9.461,133.29,40.0,,14.276,69.379,721.805,728.087,13.549,18.539,2,playing,0,80,79,0,0
2026-08-27T14:19:24+0800,122.961,69.297,26.406,temp=58.0'C,throttled=0x0,15.0,1.997,123.069,157.367,89.164,0,469.853,51.451,94.089,94.654,120.508,158.99,189.299,9.373,135.338,40.0,,14.276,69.379,721.805,728.087,13.549,18.539,2,idle,0,80,80,0,0
2026-08-27T14:19:25+0800,127.369,69.336,26.406,temp=57.5'C,throttled=0x0,15.0,1.997,123.069,157.258,83.62,0,469.853,52.105,94.089,94.654,121.103,158.99,189.299,9.305,136.325,40.0,,14.276,69.379,721.805,728.087,13.549,18.539,2,idle,0,80,80,0,0
2026-08-27T14:19:26+0800,127.893,69.25,26.406,temp=58.0'C,throttled=0x0,15.0,1.997,123.069,157.258,84.206,0,466.031,52.202,94.089,94.654,121.267,158.99,189.299,9.268,136.541,40.0,,14.276,69.379,721.805,728.087,13.549,18.539,2,idle,0,80,80,0,0
2026-08-27T14:19:27+0800,125.23,69.27,26.406,temp=58.0'C,throttled=0x0,15.0,1.997,123.069,157.258,77.649,0,465.939,53.336,94.089,94.768,121.267,158.99,189.299,9.224,136.821,40.0,,14.276,69.379,721.805,728.087,13.549,18.539,2,idle,0,80,80,0,0
2026-08-27T14:19:28+0800,121.777,69.219,26.406,temp=56.9'C,throttled=0x0,15.0,1.997,123.069,157.258,102.65,0,466.031,53.954,94.736,94.768,121.267,158.99,189.299,9.223,136.821,40.0,,14.276,69.379,721.805,728.087,13.549,18.539,2,idle,0,80,80,0,0
2026-08-27T14:19:29+0800,120.905,69.297,26.406,temp=58.0'C,throttled=0x0,15.0,1.997,123.069,157.258,108.709,0,466.031,53.954,94.736,94.654,121.267,158.99,189.299,9.25,136.821,40.0,,14.276,69.379,721.805,728.087,13.549,18.539,2,idle,0,80,80,0,0
2026-08-27T14:19:30+0800,124.72,69.324,26.406,temp=57.5'C,throttled=0x0,15.0,1.997,123.341,157.258,74.714,0,469.853,54.357,95.214,94.654,121.267,158.99,189.299,9.298,136.627,40.0,,14.276,69.379,721.805,728.087,13.549,18.539,2,idle,0,80,80,0,0
2026-08-27T14:19:31+0800,124.335,69.328,26.406,temp=57.5'C,throttled=0x0,15.0,1.997,123.069,157.064,187.038,0,469.853,54.529,95.214,94.88,121.267,158.99,189.299,9.298,136.821,40.0,,14.276,69.379,721.805,728.087,13.549,18.539,2,idle,0,80,80,0,0
2026-08-27T14:19:32+0800,127.66,69.316,26.406,temp=58.0'C,throttled=0x0,15.0,1.997,123.069,156.981,193.937,0,469.853,54.529,95.214,94.88,121.267,158.99,189.299,9.297,137.854,40.0,,14.276,69.379,721.805,728.087,13.549,18.539,2,idle,0,80,80,0,0
2026-08-27T14:19:33+0800,128.772,69.332,26.406,temp=57.5'C,throttled=0x0,15.0,1.997,123.069,156.695,183.311,0,469.853,54.529,95.214,94.88,121.267,158.99,189.299,9.26,138.783,40.0,,14.276,69.379,721.805,728.087,13.549,18.539,2,idle,0,80,80,0,0
2026-08-27T14:19:34+0800,116.935,69.359,26.406,temp=57.5'C,throttled=0x0,15.0,1.997,123.672,156.695,212.092,0,469.853,54.31,95.214,94.654,121.103,158.99,189.299,9.253,139.043,40.0,,14.276,69.379,721.805,728.087,13.549,18.539,2,idle,0,80,80,0,0
2026-08-27T14:19:35+0800,114.753,69.305,26.406,temp=57.5'C,throttled=0x0,15.0,1.997,123.672,156.695,241.495,0,472.583,54.357,94.736,94.556,119.319,158.99,189.299,9.275,139.043,40.0,,14.276,69.379,721.805,728.087,13.549,18.539,2,idle,0,80,80,0,0
2026-08-27T14:19:36+0800,115.129,69.34,26.406,temp=58.0'C,throttled=0x0,15.0,1.997,123.79,156.695,271.313,0,469.853,54.357,94.736,94.616,119.319,158.99,189.299,9.291,139.043,40.0,,14.276,69.379,721.805,728.087,13.549,18.539,2,idle,0,80,80,0,0
2026-08-27T14:19:37+0800,122.6,69.223,26.406,temp=57.5'C,throttled=0x0,15.0,1.997,123.79,156.695,261.306,0,476.493,54.357,94.736,94.556,119.319,158.99,189.299,9.292,139.043,40.0,,14.276,69.379,721.805,728.087,13.549,18.539,2,idle,0,80,80,0,0
2026-08-27T14:19:38+0800,122.548,69.316,26.406,temp=58.0'C,throttled=0x0,15.0,1.997,123.79,156.695,289.779,0,476.493,54.357,94.736,94.556,119.319,158.99,189.299,9.282,139.043,40.0,,14.276,69.379,721.805,728.087,13.549,18.539,2,idle,0,80,80,0,0
2026-08-27T14:19:39+0800,125.621,69.234,26.406,temp=58.0'C,throttled=0x0,15.0,1.997,123.79,156.695,329.16,0,476.493,54.357,94.736,94.556,119.319,158.99,189.299,9.263,139.043,40.0,,14.276,69.379,721.805,728.087,13.549,18.539,2,playing,0,81,80,0,0
2026-08-27T14:19:40+0800,115.573,69.273,26.406,temp=58.0'C,throttled=0x0,15.0,1.997,123.79,156.695,339.993,0,476.493,54.357,94.736,94.556,119.319,158.99,189.299,9.229,139.442,40.0,,14.276,69.379,721.805,728.087,13.549,18.539,2,playing,0,81,80,0,0
2026-08-27T14:19:41+0800,120.855,69.289,26.406,temp=58.0'C,throttled=0x0,15.0,1.997,123.79,156.695,408.2,0,469.853,54.357,94.736,94.556,119.319,158.99,189.299,9.218,139.442,40.0,,14.276,69.379,721.805,728.087,13.549,18.539,2,playing,0,81,80,0,0
2026-08-27T14:19:43+0800,129.538,72.184,26.406,temp=58.0'C,throttled=0x0,15.0,1.997,123.79,156.695,349.445,0,465.705,54.357,94.736,94.556,119.319,158.99,189.299,9.202,139.442,40.0,,14.276,69.379,721.805,728.087,13.549,18.539,2,playing,0,81,80,0,0
2026-08-27T14:19:44+0800,131.653,72.227,26.406,temp=58.0'C,throttled=0x0,15.0,1.997,123.79,156.572,371.969,0,465.705,54.357,94.736,94.556,119.319,158.99,189.299,9.195,139.442,40.0,,14.276,69.379,721.805,728.087,13.549,18.539,2,idle,0,81,81,0,0
2026-08-27T14:19:45+0800,125.649,69.301,26.406,temp=58.0'C,throttled=0x0,15.0,1.997,123.79,156.572,488.32,0,465.939,54.357,94.736,94.556,119.319,158.99,189.299,9.232,139.043,40.0,,14.276,69.379,721.805,728.087,13.549,18.539,2,idle,0,81,81,0,0
2026-08-27T14:19:46+0800,120.256,69.34,26.406,temp=58.0'C,throttled=0x0,15.0,1.997,123.672,156.572,443.895,0,465.939,54.357,94.736,94.556,119.319,158.99,189.299,9.269,138.783,40.0,,14.276,69.379,721.805,728.087,13.549,18.539,2,idle,0,81,81,0,0
2026-08-27T14:19:47+0800,119.853,69.301,26.406,temp=58.0'C,throttled=0x0,15.0,1.997,123.672,156.572,49.663,0,465.939,54.357,94.736,94.556,119.319,158.99,189.299,9.298,137.854,40.0,,14.276,69.379,721.805,728.087,13.549,18.539,2,idle,0,81,81,0,0
2026-08-27T14:19:48+0800,121.003,69.309,26.406,temp=57.5'C,throttled=0x0,15.0,1.997,123.672,156.363,29.118,0,465.705,54.357,94.736,94.556,119.319,158.99,189.299,9.319,137.854,40.0,,14.276,69.379,721.805,728.087,13.549,18.539,2,idle,0,81,81,0,0
2026-08-27T14:19:49+0800,123.546,69.25,26.406,temp=58.0'C,throttled=0x0,15.0,1.997,123.672,156.363,45.515,0,465.705,54.357,94.736,94.556,119.319,158.99,189.299,9.33,137.854,40.0,,14.276,69.379,721.805,728.087,13.549,18.539,2,idle,0,81,81,0,0
2026-08-27T14:19:50+0800,119.834,69.301,26.406,temp=58.0'C,throttled=0x0,15.0,1.997,123.069,156.363,46.47,0,465.664,54.357,94.736,94.556,119.319,158.99,189.299,9.345,137.854,40.0,,14.276,69.379,721.805,728.087,13.549,18.539,2,idle,0,81,81,0,0
2026-08-27T14:19:51+0800,120.928,69.195,26.406,temp=58.0'C,throttled=0x0,15.0,1.997,123.069,156.363,44.611,0,465.664,54.357,94.736,94.556,119.319,158.99,189.299,9.375,137.854,40.0,,14.276,69.379,721.805,728.087,13.549,18.539,2,idle,0,81,81,0,0
2026-08-27T14:19:52+0800,120.752,69.316,26.406,temp=57.5'C,throttled=0x0,15.0,1.997,123.069,156.363,48.711,0,465.446,54.357,94.736,94.556,119.319,158.99,189.299,9.486,134.074,40.0,,14.276,69.379,721.805,728.087,13.549,18.539,2,idle,0,81,81,0,0
2026-08-27T14:19:53+0800,120.885,69.371,26.406,temp=58.0'C,throttled=0x0,15.0,1.997,123.069,156.363,143.71,0,464.685,54.357,94.736,94.556,119.319,158.99,189.299,9.581,132.709,40.0,,14.276,69.379,721.805,728.087,13.549,18.539,2,idle,0,81,81,0,0
2026-08-27T14:19:54+0800,120.689,69.352,26.406,temp=57.5'C,throttled=0x0,15.0,1.997,123.069,156.363,65.861,0,464.685,54.357,94.736,94.556,119.319,158.99,189.299,9.656,130.826,40.0,,14.276,69.379,721.805,728.087,13.549,18.539,2,idle,0,81,81,0,0
2026-08-27T14:19:55+0800,121.474,69.246,26.406,temp=56.9'C,throttled=0x0,15.0,1.997,123.069,156.363,167.712,0,464.685,54.357,94.736,94.556,119.319,158.99,189.299,9.665,130.826,40.0,,14.276,69.379,721.805,728.087,13.549,18.539,2,idle,0,81,81,0,0
2026-08-27T14:19:56+0800,120.687,69.309,26.406,temp=57.5'C,throttled=0x0,15.0,1.998,123.069,156.363,166.562,0,465.446,54.357,94.736,94.556,119.319,158.99,189.299,9.666,130.826,40.0,,14.276,69.379,721.805,728.087,13.549,18.539,2,idle,0,81,81,0,0
2026-08-27T14:19:57+0800,121.773,69.172,26.406,temp=58.0'C,throttled=0x0,15.0,1.997,123.069,156.363,170.332,0,465.675,54.357,94.736,94.556,119.319,158.99,189.299,9.708,130.654,40.0,,64.694,69.379,721.805,728.087,13.549,18.539,3,idle,0,81,81,0,0
2026-08-27T14:19:58+0800,119.788,69.223,26.406,temp=58.5'C,throttled=0x0,15.0,1.997,123.069,156.363,203.441,0,465.675,54.357,94.736,94.556,119.319,158.99,189.299,9.736,130.654,40.0,,64.694,69.379,726.0,728.087,16.974,18.539,3,playing,0,82,81,0,0
2026-08-27T14:19:59+0800,121.722,69.285,26.406,temp=58.0'C,throttled=0x0,15.0,1.998,123.069,156.363,212.541,0,465.705,54.357,94.736,94.556,119.319,158.99,189.299,9.782,130.411,40.0,,64.694,69.379,726.0,728.087,16.974,18.539,3,playing,0,82,81,0,0
2026-08-27T14:20:00+0800,122.666,69.215,26.406,temp=58.0'C,throttled=0x0,15.0,1.997,123.672,156.363,277.583,0,465.705,54.357,94.736,94.556,119.319,158.99,189.299,9.818,127.722,40.0,,64.694,69.379,726.0,728.087,16.974,18.539,3,playing,0,82,81,0,0
2026-08-27T14:20:01+0800,122.775,69.293,26.406,temp=58.0'C,throttled=0x0,15.0,1.997,123.672,156.363,253.836,0,465.675,54.357,94.736,94.556,119.319,158.99,189.299,9.771,128.758,40.0,,64.694,69.379,726.0,728.087,16.974,18.539,3,playing,0,82,81,0,0
2026-08-27T14:20:02+0800,119.837,69.406,26.406,temp=58.0'C,throttled=0x0,15.0,1.997,124.317,156.363,289.069,0,466.652,54.357,94.736,94.556,119.319,158.99,189.299,9.736,130.344,40.0,,64.694,69.379,726.0,728.087,16.974,18.539,3,playing,0,82,81,0,0
2026-08-27T14:20:03+0800,115.801,69.387,26.406,temp=58.0'C,throttled=0x0,15.0,1.997,124.317,155.972,305.086,0,465.675,54.357,94.736,94.556,119.319,158.99,189.299,9.717,130.344,40.0,,64.694,69.379,726.0,728.087,16.974,18.539,3,idle,0,82,82,0,0
2026-08-27T14:20:04+0800,119.532,69.309,26.406,temp=56.9'C,throttled=0x0,15.0,1.997,124.317,155.972,290.558,0,464.685,54.357,94.736,94.556,119.319,158.99,189.299,9.717,130.344,40.0,,64.694,69.379,726.0,728.087,16.974,18.539,3,idle,0,82,82,0,0
2026-08-27T14:20:05+0800,124.568,69.359,26.406,temp=58.0'C,throttled=0x0,15.0,1.997,123.069,156.363,389.886,0,464.685,54.357,94.736,94.556,119.319,158.99,189.299,9.739,130.344,40.0,,64.694,69.379,726.0,728.087,16.974,18.539,3,idle,0,82,82,0,0
2026-08-27T14:20:06+0800,120.859,69.367,26.406,temp=58.0'C,throttled=0x0,15.0,1.997,124.317,156.363,358.552,0,465.675,54.357,94.736,94.556,119.319,158.99,189.299,9.776,130.344,40.0,,64.694,69.379,726.0,728.087,16.974,18.539,3,idle,0,82,82,0,0
2026-08-27T14:20:07+0800,123.879,72.324,26.406,temp=58.0'C,throttled=0x0,15.0,1.998,123.069,156.363,403.979,0,465.675,53.954,94.736,94.498,119.319,158.99,189.299,9.829,128.758,40.0,,64.694,69.379,726.0,728.087,16.974,18.539,3,idle,0,82,82,0,0
2026-08-27T14:20:08+0800,127.438,72.168,26.406,temp=58.0'C,throttled=0x0,15.0,1.998,122.811,156.363,445.622,0,465.675,53.336,94.736,94.616,119.319,158.99,189.299,9.839,128.758,40.0,,64.694,69.379,726.0,728.087,16.974,18.539,3,idle,0,82,82,0,0
2026-08-27T14:20:09+0800,125.89,69.395,26.406,temp=58.0'C,throttled=0x0,15.0,1.998,122.811,156.363,421.828,0,464.685,53.954,94.736,94.88,119.319,158.99,189.299,9.787,130.344,40.0,,64.694,69.379,726.0,728.087,16.974,18.539,3,idle,0,82,82,0,0
2026-08-27T14:20:10+0800,128.912,69.324,26.406,temp=58.0'C,throttled=0x0,15.0,1.997,122.811,156.363,437.979,0,464.263,54.529,94.736,95.152,121.103,158.99,189.299,9.71,130.663,40.0,,64.694,69.379,726.0,728.087,16.974,18.539,3,idle,0,82,82,0,0
2026-08-27T14:20:11+0800,124.641,69.301,26.406,temp=56.9'C,throttled=0x0,15.0,1.998,122.811,156.363,412.107,0,458.002,55.254,94.736,95.197,121.103,158.99,189.299,9.638,132.214,40.0,,64.694,69.379,726.0,728.087,16.974,18.539,3,idle,0,82,82,0,0
2026-08-27T14:20:12+0800,124.926,69.336,26.406,temp=58.0'C,throttled=0x0,15.0,1.997,122.811,156.363,451.548,0,453.752,55.401,94.736,95.246,121.103,158.99,189.299,9.586,133.326,40.0,,64.694,69.379,726.0,728.087,16.974,18.539,3,idle,0,82,82,0,0
2026-08-27T14:20:13+0800,120.159,69.266,26.406,temp=57.5'C,throttled=0x0,15.0,1.998,122.811,156.363,53.515,0,453.752,55.254,94.736,95.197,121.103,158.99,189.299,9.573,133.326,40.0,,64.694,69.379,726.0,728.087,16.974,18.539,3,idle,0,82,82,0,0
2026-08-27T14:20:14+0800,120.553,69.207,26.406,temp=58.5'C,throttled=0x0,15.0,1.998,122.811,156.363,61.719,0,456.731,55.254,94.736,95.197,121.103,158.99,189.299,9.564,133.326,40.0,,64.694,69.379,726.0,728.087,16.974,18.539,3,idle,0,82,82,0,0
2026-08-27T14:20:15+0800,124.923,69.328,26.406,temp=58.0'C,throttled=0x0,15.0,1.997,122.811,156.363,74.256,0,458.002,55.401,94.736,95.321,121.103,158.99,189.299,9.563,133.326,40.0,,64.694,69.379,726.0,728.087,16.974,18.539,3,idle,0,82,82,0,0
2026-08-27T14:20:16+0800,122.921,69.285,26.406,temp=58.0'C,throttled=0x0,15.0,1.998,122.811,156.363,78.657,0,464.263,55.496,94.736,95.321,121.103,158.99,189.299,9.563,132.214,40.0,,64.694,69.379,726.0,728.087,16.974,18.539,3,idle,0,82,82,0,0
2026-08-27T14:20:17+0800,122.006,69.285,26.406,temp=58.0'C,throttled=0x0,15.0,1.998,122.811,156.363,58.159,0,464.934,55.496,94.736,95.321,121.103,158.99,189.299,9.571,132.214,40.0,,64.694,69.379,726.0,728.087,16.974,18.539,3,idle,0,82,82,0,0
2026-08-27T14:20:18+0800,117.789,69.246,26.406,temp=58.5'C,throttled=0x0,15.0,1.997,122.811,156.363,46.49,0,465.675,55.401,94.736,95.197,121.103,158.99,189.299,9.542,133.326,40.0,,64.694,69.379,726.0,728.087,16.974,18.539,3,playing,0,83,82,0,0
2026-08-27T14:20:19+0800,121.37,69.336,26.406,temp=58.0'C,throttled=0x0,15.0,1.997,122.811,156.363,102.876,0,465.675,55.254,94.736,94.88,121.103,158.99,189.299,9.52,133.326,40.0,,64.694,69.379,726.0,728.087,16.974,18.539,3,playing,0,83,82,0,0
2026-08-27T14:20:20+0800,119.982,69.391,26.406,temp=58.0'C,throttled=0x0,15.0,1.997,122.407,156.363,160.194,0,465.675,55.401,94.736,94.731,121.103,158.99,189.299,9.505,133.55,40.0,,64.694,69.379,726.0,728.087,16.974,18.539,3,playing,0,83,82,0,0
2026-08-27T14:20:21+0800,121.905,69.289,26.406,temp=58.0'C,throttled=0x0,15.0,1.998,122.407,155.972,188.226,0,466.652,56.122,94.736,94.88,121.103,158.99,189.299,9.5,133.55,40.0,,64.694,69.379,726.0,728.087,16.974,18.539,3,playing,0,83,82,0,0
2026-08-27T14:20:22+0800,120.862,69.266,26.406,temp=58.0'C,throttled=0x0,15.0,1.998,122.407,155.972,176.54,0,464.934,55.401,93.142,94.705,121.103,158.99,189.299,9.508,133.55,40.0,,64.694,69.379,726.0,728.087,16.974,18.539,3,idle,0,83,83,0,0
2026-08-27T14:20:23+0800,123.039,69.203,26.406,temp=58.0'C,throttled=0x0,15.0,1.997,122.407,155.972,159.907,0,464.934,55.496,93.142,94.705,121.103,158.99,189.299,9.507,133.55,40.0,,64.694,69.379,726.0,728.087,16.974,18.539,3,idle,0,83,83,0,0
2026-08-27T14:20:24+0800,120.141,69.297,26.406,temp=58.0'C,throttled=0x0,15.0,1.998,122.407,155.972,242.232,0,462.635,55.496,93.142,94.616,121.103,158.99,189.299,9.546,133.326,40.0,,64.694,69.379,726.0,728.087,16.974,18.539,3,idle,0,83,83,0,0
2026-08-27T14:20:25+0800,124.791,69.426,26.406,temp=57.5'C,throttled=0x0,15.0,1.998,122.33,155.972,270.955,0,462.635,55.496,93.142,94.654,121.103,158.99,189.299,9.592,132.214,40.0,,64.694,69.379,726.0,728.087,16.974,18.539,3,idle,0,83,83,0,0
2026-08-27T14:20:26+0800,123.899,69.406,26.406,temp=58.0'C,throttled=0x0,15.0,1.998,122.407,156.363,262.2,0,466.654,56.122,92.277,94.447,121.103,158.99,189.299,9.621,132.214,40.0,,64.694,69.379,726.0,728.087,16.974,18.539,3,idle,0,83,83,0,0
2026-08-27T14:20:27+0800,120.731,69.219,26.406,temp=58.0'C,throttled=0x0,15.0,1.998,122.407,156.363,253.956,0,470.614,57.5,92.277,94.439,121.103,158.99,189.299,9.655,130.344,40.0,,64.694,69.379,726.0,728.087,16.974,18.539,3,idle,0,83,83,0,0
2026-08-27T14:20:28+0800,120.031,69.398,26.406,temp=58.0'C,throttled=0x0,15.0,1.998,122.407,156.363,338.07,0,464.934,57.57,92.277,94.439,121.103,158.99,189.299,9.678,128.14,40.0,,64.694,69.379,726.0,728.087,16.974,18.539,3,idle,0,83,83,0,0
2026-08-27T14:20:29+0800,124.671,69.246,26.406,temp=58.0'C,throttled=0x0,15.0,1.998,123.069,156.572,272.12,0,464.934,57.615,91.511,94.439,121.103,158.99,189.299,9.66,128.14,40.0,,64.694,69.379,726.0,728.087,16.974,18.539,3,idle,0,83,83,0,0
2026-08-27T14:20:30+0800,124.486,69.355,26.406,temp=58.0'C,throttled=0x0,15.0,1.998,123.069,156.572,322.382,0,464.934,57.57,91.511,94.447,121.103,158.99,189.299,9.642,133.55,40.0,,64.694,69.379,726.0,728.087,16.974,18.539,3,idle,0,83,83,0,0
2026-08-27T14:20:32+0800,120.951,69.355,26.406,temp=58.0'C,throttled=0x0,15.0,1.998,123.069,156.572,317.322,0,464.934,57.32,91.511,94.214,121.103,158.99,189.299,9.645,128.14,40.0,,64.694,69.379,726.0,728.087,16.974,18.539,3,idle,0,83,83,0,0
2026-08-27T14:20:33+0800,122.19,69.348,26.406,temp=58.0'C,throttled=0x0,15.0,1.998,123.341,156.981,384.588,0,462.704,57.32,91.511,94.216,121.103,158.99,189.299,9.644,128.14,40.0,,64.694,69.379,726.0,728.087,16.974,18.539,3,idle,0,83,83,0,0
2026-08-27T14:20:34+0800,126.849,72.207,26.406,temp=58.0'C,throttled=0x0,15.0,1.998,123.505,157.064,397.391,0,462.635,57.32,91.511,94.214,121.103,158.99,189.299,9.619,133.55,40.0,,64.694,69.379,726.0,728.087,16.974,18.539,3,idle,0,83,83,0,0
2026-08-27T14:20:35+0800,129.265,72.215,26.406,temp=58.0'C,throttled=0x0,15.0,1.998,123.505,157.064,364.932,0,462.635,57.32,91.511,94.216,121.103,158.99,189.299,9.633,129.81,40.0,,64.694,69.379,726.0,728.087,16.974,18.539,3,idle,0,83,83,0,0
2026-08-27T14:20:36+0800,125.077,69.258,26.406,temp=58.0'C,throttled=0x0,15.0,1.998,123.505,157.064,447.072,0,464.934,57.32,91.193,94.216,121.103,158.99,189.299,9.74,126.861,40.0,,64.694,69.379,726.0,728.087,16.974,18.539,3,idle,0,83,83,0,0
2026-08-27T14:20:37+0800,118.711,69.328,26.406,temp=58.0'C,throttled=0x0,15.0,1.998,123.505,157.064,465.626,0,466.654,57.32,91.193,94.314,121.103,158.99,189.299,9.824,124.564,40.0,,64.694,69.379,726.0,728.087,16.974,18.539,3,idle,0,83,83,0,0
2026-08-27T14:20:38+0800,112.99,69.328,26.406,temp=58.5'C,throttled=0x0,15.0,1.998,123.505,157.064,15.768,0,470.614,57.5,90.839,94.447,121.103,158.99,189.299,9.879,123.858,40.0,,64.694,69.379,726.0,728.087,16.974,18.539,3,playing,0,84,83,0,0
2026-08-27T14:20:39+0800,120.573,69.305,26.406,temp=58.0'C,throttled=0x0,15.0,1.998,123.505,156.981,466.729,0,470.614,57.57,90.839,94.314,121.103,158.99,189.299,9.875,123.858,40.0,,64.694,69.379,726.0,728.087,16.974,18.539,3,playing,0,84,83,0,0
2026-08-27T14:20:40+0800,120.165,69.23,26.406,temp=58.0'C,throttled=0x0,15.0,1.998,123.341,156.981,17.998,0,470.668,57.794,90.839,94.705,121.103,158.99,189.299,9.851,124.294,40.0,,64.694,69.379,726.0,728.087,16.974,18.539,3,playing,0,84,83,0,0
2026-08-27T14:20:41+0800,117.726,69.199,26.406,temp=58.0'C,throttled=0x0,15.0,1.998,123.341,156.981,49.28,0,470.614,58.114,90.839,94.705,121.103,158.99,189.299,9.849,124.564,40.0,,64.694,69.379,726.0,728.087,16.974,18.539,3,idle,0,84,84,0,0
2026-08-27T14:20:42+0800,123.704,69.367,26.406,temp=58.0'C,throttled=0x0,15.0,1.998,123.341,156.981,11.575,0,466.729,57.794,90.839,94.314,121.103,158.99,189.299,9.861,124.564,40.0,,64.694,69.379,726.0,728.087,16.974,18.539,3,idle,0,84,84,0,0
2026-08-27T14:20:43+0800,121.027,69.285,26.406,temp=58.5'C,throttled=0x0,15.0,1.998,123.341,156.981,98.251,0,466.654,57.794,90.839,94.216,120.508,158.99,189.299,9.862,124.709,40.0,,64.694,69.379,726.0,728.087,16.974,18.539,3,idle,0,84,84,0,0
2026-08-27T14:20:44+0800,119.105,69.312,26.406,temp=58.0'C,throttled=0x0,15.0,1.998,122.811,156.981,147.805,0,466.654,58.114,90.839,94.08,120.508,158.99,189.299,9.897,124.564,40.0,,64.694,69.379,726.0,728.087,16.974,18.539,3,idle,0,84,84,0,0
2026-08-27T14:20:45+0800,119.499,69.273,26.406,temp=58.0'C,throttled=0x0,15.0,1.998,123.341,156.981,130.092,0,466.654,58.114,90.839,93.801,120.508,158.99,189.299,9.941,123.858,40.0,,64.694,69.379,726.0,728.087,16.974,18.539,3,idle,0,84,84,0,0
2026-08-27T14:20:46+0800,123.559,69.367,26.406,temp=56.9'C,throttled=0x0,15.0,1.998,123.505,157.064,103.207,0,466.654,58.114,90.839,93.801,119.319,158.99,189.299,9.966,123.858,40.0,,64.694,69.379,726.0,728.087,16.974,18.539,3,idle,0,84,84,0,0
2026-08-27T14:20:47+0800,119.05,69.395,26.406,temp=58.0'C,throttled=0x0,15.0,1.998,123.505,157.064,182.303,0,466.729,58.448,91.511,93.723,119.003,158.99,189.299,9.989,123.858,40.0,,64.694,69.379,726.0,728.087,16.974,18.539,3,idle,0,84,84,0,0
2026-08-27T14:20:48+0800,121.035,69.371,26.406,temp=58.0'C,throttled=0x0,15.0,1.998,123.505,157.264,162.102,0,470.614,58.591,91.511,93.693,118.798,158.99,189.299,9.998,123.858,40.0,,64.694,69.379,726.0,728.087,16.974,18.539,3,idle,0,84,84,0,0
2026-08-27T14:20:49+0800,121.202,69.273,26.406,temp=57.5'C,throttled=0x0,15.0,1.998,124.317,157.264,222.242,0,466.729,58.591,91.511,93.679,118.765,158.99,189.299,10.001,123.858,40.0,,64.694,69.379,726.0,728.087,16.974,18.539,3,idle,0,84,84,0,0
2026-08-27T14:20:50+0800,121.843,69.371,26.406,temp=58.0'C,throttled=0x0,15.0,1.998,124.317,157.064,216.597,0,466.729,58.591,91.511,93.679,118.765,158.99,189.299,9.999,123.858,40.0,,64.694,69.379,726.0,728.087,16.974,18.539,3,idle,0,84,84,0,0
2026-08-27T14:20:51+0800,119.903,69.328,26.406,temp=58.0'C,throttled=0x0,15.0,1.998,124.317,157.064,200.312,0,465.626,58.591,91.511,93.693,118.765,158.99,189.299,10.021,123.779,40.0,,64.694,69.379,726.0,728.087,16.974,18.539,3,idle,0,84,84,0,0
2026-08-27T14:20:52+0800,120.031,69.352,26.406,temp=57.5'C,throttled=0x0,15.0,1.998,124.317,157.264,260.567,0,462.704,58.591,91.511,93.679,118.765,158.99,189.299,10.03,123.676,40.0,,64.694,69.379,726.0,728.087,16.974,18.539,3,idle,0,84,84,0,0
2026-08-27T14:20:53+0800,122.111,69.254,26.406,temp=56.9'C,throttled=0x0,15.0,1.998,123.505,157.264,234.786,0,458.002,58.499,91.511,93.668,118.765,158.99,189.299,10.033,123.676,40.0,,64.694,69.379,726.0,728.087,16.974,18.539,3,idle,0,84,84,0,0
2026-08-27T14:20:54+0800,119.564,69.398,26.406,temp=58.0'C,throttled=0x0,15.0,1.998,123.505,157.264,297.941,0,458.002,58.499,91.511,93.498,118.633,158.99,189.299,10.042,123.451,40.0,,64.694,69.379,726.0,728.087,16.974,18.539,3,idle,0,84,84,0,0
2026-08-27T14:20:55+0800,118.521,69.293,26.406,temp=58.0'C,throttled=0x0,15.0,1.998,123.505,157.264,265.774,0,458.002,58.591,91.511,93.379,118.633,158.99,189.299,10.073,121.626,40.0,,64.694,69.379,726.0,728.087,16.974,18.539,3,idle,0,84,84,0,0
2026-08-27T14:20:56+0800,119.946,69.391,26.406,temp=58.0'C,throttled=0x0,15.0,1.998,123.505,157.264,321.588,0,465.626,59.395,91.511,93.379,118.633,158.99,189.299,10.057,121.626,40.0,,64.694,69.379,726.0,728.087,16.974,18.539,3,playing,0,85,84,0,0
2026-08-27T14:20:57+0800,116.086,69.316,26.406,temp=58.5'C,throttled=0x0,15.0,1.998,123.505,157.264,380.492,0,466.729,59.395,91.883,93.379,118.633,158.99,189.299,10.038,121.572,40.0,,64.694,69.379,726.0,728.087,16.974,18.539,3,playing,0,85,84,0,0
2026-08-27T14:20:58+0800,118.048,69.328,26.406,temp=58.0'C,throttled=0x0,15.0,1.998,123.505,157.264,382.012,0,470.042,59.708,92.865,93.351,118.633,158.99,189.299,10.026,121.626,40.0,,64.694,69.379,726.0,728.087,16.974,18.539,3,playing,0,85,84,0,0
2026-08-27T14:20:59+0800,118.964,69.375,26.406,temp=58.5'C,throttled=0x0,15.0,1.998,123.341,157.264,402.074,0,470.668,59.708,92.865,93.379,118.633,158.99,189.299,10.023,122.344,40.0,,64.694,69.379,726.0,728.087,16.974,18.539,3,playing,0,85,84,0,0
2026-08-27T14:21:00+0800,130.39,72.289,26.406,temp=58.0'C,throttled=0x0,15.0,1.998,123.505,157.264,402.205,0,470.668,59.708,92.865,93.428,118.633,158.99,189.299,10.005,122.344,40.0,,64.694,69.379,726.0,728.087,16.974,18.539,3,playing,0,85,84,0,0
2026-08-27T14:21:01+0800,123.759,69.359,26.406,temp=58.0'C,throttled=0x0,15.0,1.998,124.317,157.264,444.511,0,468.446,59.92,92.865,93.498,118.633,158.99,189.299,9.989,122.41,40.0,,64.694,69.379,726.0,728.087,16.974,18.539,3,playing,0,85,84,0,0
2026-08-27T14:21:02+0800,118.768,69.285,26.406,temp=58.0'C,throttled=0x0,15.0,1.998,124.716,157.264,464.232,0,466.729,60.241,92.865,93.498,118.633,158.99,189.299,9.98,123.234,40.0,,64.694,69.379,726.0,728.087,16.974,18.539,3,idle,0,85,85,0,0
2026-08-27T14:21:03+0800,119.161,69.352,26.406,temp=58.0'C,throttled=0x0,15.0,1.998,124.716,157.264,434.619,0,464.232,59.92,92.277,93.428,118.633,158.99,189.299,10.007,123.451,40.0,,64.694,69.379,726.0,728.087,16.974,18.539,3,idle,0,85,85,0,0
2026-08-27T14:21:04+0800,118.094,69.355,26.406,temp=58.0'C,throttled=0x0,15.0,1.998,124.786,157.264,44.78,0,458.002,59.708,92.277,93.379,118.633,158.99,189.299,10.038,123.451,40.0,,64.694,69.379,726.0,728.087,16.974,18.539,3,idle,0,85,85,0,0
2026-08-27T14:21:05+0800,121.916,69.297,26.406,temp=58.0'C,throttled=0x0,15.0,1.998,124.786,157.264,52.279,0,455.183,59.92,92.277,93.379,118.633,158.99,189.299,10.049,123.234,40.0,,64.694,69.379,726.0,728.087,16.974,18.539,3,idle,0,85,85,0,0
2026-08-27T14:21:06+0800,125.741,69.336,26.406,temp=58.5'C,throttled=0x0,15.0,1.998,125.074,157.264,27.329,0,455.183,59.92,92.277,93.428,118.633,158.99,189.299,9.981,123.676,40.0,,64.694,69.379,726.0,728.087,16.974,18.539,3,idle,0,85,85,0,0
2026-08-27T14:21:07+0800,122.96,69.27,26.406,temp=58.0'C,throttled=0x0,15.0,1.997,125.074,157.264,92.156,0,458.002,59.708,92.277,93.605,118.633,158.99,189.299,9.909,125.578,40.0,,64.694,69.379,726.0,728.087,16.974,18.539,3,idle,0,85,85,0,0
2026-08-27T14:21:08+0800,125.829,69.348,26.406,temp=58.0'C,throttled=0x0,15.0,1.997,125.316,157.264,86.183,0,458.002,59.92,92.865,93.668,118.633,158.99,189.299,9.835,126.296,40.0,,64.694,69.379,726.0,728.087,16.974,18.539,3,idle,0,85,85,0,0
2026-08-27T14:21:09+0800,125.392,69.297,26.406,temp=58.5'C,throttled=0x0,15.0,1.998,125.316,157.264,442.585,0,458.002,59.92,92.865,93.679,118.747,158.99,189.299,9.751,127.317,40.0,,64.694,69.379,726.0,728.087,16.974,18.539,3,idle,0,85,85,0,0
2026-08-27T14:21:10+0800,121.02,69.223,26.406,temp=58.0'C,throttled=0x0,15.0,1.998,125.316,157.264,442.585,0,458.002,59.92,92.865,93.679,118.747,158.99,189.299,9.738,127.317,40.0,,64.694,69.379,726.0,728.087,16.974,18.539,3,idle,0,85,85,0,0
2026-08-27T14:21:11+0800,119.757,69.246,26.406,temp=58.0'C,throttled=0x0,15.0,1.998,125.316,157.264,442.585,0,458.002,59.92,92.865,93.679,118.747,158.99,189.299,9.732,127.317,40.0,,64.694,69.379,726.0,728.087,16.974,18.539,3,idle,0,85,85,0,0
2026-08-27T14:21:12+0800,119.457,69.344,26.406,temp=58.0'C,throttled=0x0,15.0,1.997,125.316,157.264,442.585,0,458.002,59.92,92.865,93.679,118.747,158.99,189.299,9.761,127.317,40.0,,64.694,69.379,726.0,728.087,16.974,18.539,3,idle,0,85,85,0,0
2026-08-27T14:21:13+0800,120.617,69.371,26.406,temp=58.0'C,throttled=0x0,15.0,1.998,125.316,157.264,442.585,0,458.002,59.92,92.865,93.679,118.747,158.99,189.299,9.774,127.317,40.0,,64.694,69.379,726.0,728.087,16.974,18.539,3,idle,0,85,85,0,0
2026-08-27T14:21:14+0800,121.904,69.312,26.406,temp=58.0'C,throttled=0x0,15.0,1.998,125.316,157.264,442.585,0,458.002,59.92,92.865,93.679,118.747,158.99,189.299,9.758,128.122,40.0,,64.694,69.379,726.0,728.087,16.974,18.539,3,idle,0,85,85,0,0
2026-08-27T14:21:15+0800,121.806,69.332,26.406,temp=58.0'C,throttled=0x0,15.0,1.998,125.316,157.264,442.585,0,458.002,59.92,92.865,93.679,118.747,158.99,189.299,9.781,128.122,40.0,,64.694,69.379,726.0,728.087,16.974,18.539,3,idle,0,85,85,0,0
2026-08-27T14:21:16+0800,126.647,69.348,26.406,temp=57.5'C,throttled=0x0,15.0,1.997,125.316,157.264,171.461,0,455.755,60.241,92.865,93.679,118.747,158.99,189.299,9.772,128.122,40.0,,64.694,69.379,726.0,728.087,16.974,18.539,3,idle,0,85,85,0,0
2026-08-27T14:21:17+0800,124.09,69.316,26.406,temp=58.0'C,throttled=0x0,15.0,1.997,125.316,157.474,238.872,0,455.755,60.241,92.865,93.693,118.765,158.99,189.299,9.689,130.006,40.0,,64.694,69.379,726.0,728.087,16.974,18.539,3,playing,0,86,85,0,0
2026-08-27T14:21:19+0800,117.05,69.359,26.406,temp=58.5'C,throttled=0x0,15.0,1.997,125.316,157.474,245.517,0,455.755,60.241,92.865,93.693,118.765,158.99,189.299,9.643,130.481,40.0,,64.694,69.379,726.0,728.087,16.974,18.539,3,playing,0,86,85,0,0
2026-08-27T14:21:20+0800,122.025,69.301,26.406,temp=58.5'C,throttled=0x0,15.0,1.998,125.316,157.474,308.973,0,464.232,60.241,92.865,93.693,118.765,158.99,189.299,9.617,130.481,40.0,,64.694,69.379,726.0,728.087,16.974,18.539,3,playing,0,86,85,0,0
2026-08-27T14:21:21+0800,123.642,69.242,26.406,temp=58.0'C,throttled=0x0,15.0,1.997,125.316,157.474,331.853,0,455.755,60.241,92.865,93.693,118.765,158.99,189.299,9.533,133.198,40.0,,64.694,69.379,726.0,728.087,16.974,18.539,3,playing,0,86,85,0,0
2026-08-27T14:21:22+0800,123.695,69.367,26.406,temp=58.0'C,throttled=0x0,15.0,1.998,125.316,157.474,359.873,0,458.002,60.241,92.865,93.693,118.765,158.99,189.299,9.441,134.87,40.0,,64.694,69.379,726.0,728.087,16.974,18.539,3,playing,0,86,85,0,0
2026-08-27T14:21:23+0800,125.56,70.008,26.406,temp=58.0'C,throttled=0x0,15.0,1.997,125.316,157.474,359.873,0,458.002,60.241,92.865,93.693,118.765,158.99,189.299,9.364,136.45,40.0,,64.694,69.379,726.0,728.087,16.974,18.539,3,playing,0,86,85,0,0
2026-08-27T14:21:24+0800,126.342,72.355,26.406,temp=58.0'C,throttled=0x0,15.0,1.998,125.316,157.474,359.873,0,458.002,60.241,92.865,93.693,118.765,158.99,189.299,9.416,136.716,40.0,,64.694,69.379,726.0,728.087,16.974,18.539,3,idle,0,86,86,0,0
2026-08-27T14:21:25+0800,131.336,72.293,26.406,temp=58.0'C,throttled=0x0,15.0,1.998,125.316,157.474,441.138,0,455.755,60.241,92.865,93.723,118.765,158.99,189.299,9.378,136.716,40.0,,64.694,69.379,726.0,728.087,16.974,18.539,3,idle,0,86,86,0,0
2026-08-27T14:21:26+0800,124.061,69.234,26.406,temp=58.0'C,throttled=0x0,15.0,1.998,125.074,157.599,479.356,0,455.755,60.241,92.865,93.801,118.765,158.99,189.299,9.335,136.716,40.0,,64.694,69.379,726.0,728.087,16.974,18.539,3,idle,0,86,86,0,0
2026-08-27T14:21:27+0800,119.654,69.301,26.406,temp=58.0'C,throttled=0x0,15.0,1.998,124.786,157.599,413.599,0,464.232,60.606,93.752,93.801,118.765,158.99,189.299,9.291,137.759,40.0,,64.694,69.379,726.0,728.087,16.974,18.539,3,idle,0,86,86,0,0
2026-08-27T14:21:28+0800,119.152,69.379,26.406,temp=58.0'C,throttled=0x0,15.0,1.997,124.786,157.599,476.598,0,466.337,60.606,93.752,94.047,118.765,158.99,189.299,9.242,137.838,40.0,,64.694,69.379,726.0,728.087,16.974,18.539,3,idle,0,86,86,0,0
2026-08-27T14:21:29+0800,119.032,69.262,26.406,temp=58.0'C,throttled=0x0,15.0,1.998,124.786,157.599,34.875,0,466.337,60.685,93.752,94.19,118.765,158.99,189.299,9.231,137.759,40.0,,64.694,69.379,726.0,728.087,16.974,18.539,3,idle,0,86,86,0,0
2026-08-27T14:21:30+0800,118.344,69.289,26.406,temp=58.5'C,throttled=0x0,15.0,1.998,124.786,157.599,67.313,0,466.337,60.825,93.752,94.19,118.765,158.99,189.299,9.262,137.759,40.0,,64.694,69.379,726.0,728.087,16.974,18.539,3,idle,0,86,86,0,0
2026-08-27T14:21:31+0800,119.082,69.293,26.406,temp=58.5'C,throttled=0x0,15.0,1.998,124.786,157.599,3.561,0,466.337,60.606,93.752,94.216,118.765,158.99,189.299,9.242,137.759,40.0,,64.694,69.379,726.0,728.087,16.974,18.539,3,idle,0,86,86,0,0
2026-08-27T14:21:32+0800,123.78,69.473,26.406,temp=58.0'C,throttled=0x0,15.0,1.997,124.786,157.599,46.117,0,466.337,60.606,93.752,94.314,118.765,158.99,189.299,9.193,137.759,40.0,,64.694,69.379,726.0,728.087,16.974,18.539,3,idle,0,86,86,0,0
2026-08-27T14:21:33+0800,122.308,69.355,26.406,temp=58.0'C,throttled=0x0,15.0,1.998,124.786,157.599,107.077,0,464.232,60.685,93.762,94.731,118.765,158.99,189.299,9.147,137.759,40.0,,64.694,69.379,726.0,728.087,16.974,18.539,3,idle,0,86,86,0,0
2026-08-27T14:21:34+0800,125.299,69.402,26.406,temp=58.0'C,throttled=0x0,15.0,1.998,124.786,157.474,72.695,0,466.337,60.685,93.762,94.731,118.798,158.99,189.299,9.119,137.759,40.0,,64.694,69.379,726.0,728.087,16.974,18.539,3,idle,0,86,86,0,0
2026-08-27T14:21:35+0800,123.343,69.469,26.406,temp=58.0'C,throttled=0x0,15.0,1.998,124.716,157.264,164.004,0,464.232,60.825,93.762,94.705,118.798,158.99,189.299,9.152,136.716,40.0,,64.694,69.379,726.0,728.087,16.974,18.539,3,idle,0,86,86,0,0
2026-08-27T14:21:36+0800,123.887,69.383,26.406,temp=58.0'C,throttled=0x0,15.0,1.998,124.716,156.904,157.953,0,464.232,61.336,93.762,94.731,118.798,158.99,189.299,9.224,136.481,40.0,,64.694,69.379,726.0,728.087,16.974,18.539,3,idle,0,86,86,0,0
2026-08-27T14:21:37+0800,120.982,69.426,26.406,temp=58.5'C,throttled=0x0,15.0,1.998,124.716,156.431,158.088,0,455.755,61.477,93.762,94.731,118.798,158.99,189.299,9.305,136.45,40.0,,64.694,69.379,726.0,728.087,16.974,18.539,3,idle,0,86,86,0,0
2026-08-27T14:21:38+0800,118.91,69.367,26.406,temp=58.0'C,throttled=0x0,15.0,1.998,124.716,156.431,209.938,0,455.755,61.477,93.762,94.705,118.798,158.99,189.299,9.315,136.45,40.0,,64.694,69.379,726.0,728.087,16.974,18.539,3,idle,0,86,86,0,0
2026-08-27T14:21:39+0800,111.757,69.438,26.406,temp=59.1'C,throttled=0x0,15.0,1.998,124.786,156.431,146.773,0,455.755,61.477,93.762,94.933,118.798,158.99,189.299,9.297,136.45,40.0,,64.694,69.379,726.0,728.087,16.974,18.539,3,playing,0,87,86,0,0
2026-08-27T14:21:40+0800,117.992,69.383,26.406,temp=58.0'C,throttled=0x0,15.0,1.998,125.026,156.431,273.145,0,455.755,61.623,93.752,94.933,118.798,158.99,189.299,9.266,136.45,40.0,,64.694,69.379,726.0,728.087,16.974,18.539,3,playing,0,87,86,0,0
2026-08-27T14:21:41+0800,119.183,69.391,26.406,temp=58.0'C,throttled=0x0,15.0,1.998,125.026,156.431,279.4,0,466.337,61.719,93.762,95.321,118.798,158.99,189.299,9.253,136.45,40.0,,64.694,69.379,726.0,728.087,16.974,18.539,3,idle,0,87,87,0,0
2026-08-27T14:21:42+0800,123.69,69.43,26.406,temp=58.0'C,throttled=0x0,15.0,1.997,125.074,156.904,265.263,0,466.337,61.719,93.762,95.347,118.798,158.99,189.299,9.255,136.45,40.0,,64.694,69.379,726.0,728.087,16.974,18.539,3,idle,0,87,87,0,0
2026-08-27T14:21:43+0800,120.59,69.293,26.406,temp=58.0'C,throttled=0x0,15.0,1.998,125.074,156.904,263.743,0,470.055,61.719,93.762,95.409,118.798,158.99,189.299,9.239,136.45,40.0,,64.694,69.379,726.0,728.087,16.974,18.539,3,idle,0,87,87,0,0
2026-08-27T14:21:44+0800,122.964,69.309,26.406,temp=58.5'C,throttled=0x0,15.0,1.998,125.074,156.904,325.149,0,470.055,61.719,93.762,95.409,118.798,158.99,189.299,9.248,136.45,40.0,,64.694,69.379,726.0,728.087,16.974,18.539,3,idle,0,87,87,0,0
2026-08-27T14:21:45+0800,123.626,69.332,26.406,temp=58.0'C,throttled=0x0,15.0,1.998,125.074,156.904,350.349,0,469.516,61.719,93.762,95.436,118.798,158.99,189.299,9.272,135.989,40.0,,64.694,69.379,726.0,728.087,16.974,18.539,3,idle,0,87,87,0,0
2026-08-27T14:21:46+0800,129.808,69.395,26.406,temp=58.0'C,throttled=0x0,15.0,1.998,125.026,156.904,478.619,0,473.76,61.719,93.762,95.436,118.798,158.99,189.299,9.241,136.262,40.0,,64.694,69.379,726.0,728.087,16.974,18.539,3,idle,0,87,87,0,0
2026-08-27T14:21:47+0800,131.038,69.457,26.406,temp=58.0'C,throttled=0x0,15.0,1.998,125.026,157.264,369.589,0,473.76,61.719,93.954,95.563,119.319,161.266,192.333,9.171,136.716,40.0,,64.694,69.379,726.0,728.087,16.974,18.539,3,idle,0,87,87,0,0
2026-08-27T14:21:48+0800,132.046,72.238,26.406,temp=58.0'C,throttled=0x0,15.0,1.998,124.786,157.264,345.38,0,476.598,62.273,93.964,95.691,119.319,161.266,192.333,9.166,136.716,40.0,,64.694,69.379,726.0,728.087,16.974,18.539,3,idle,0,87,87,0,0
2026-08-27T14:21:49+0800,126.016,72.363,26.406,temp=58.0'C,throttled=0x0,15.0,1.998,124.716,157.264,432.215,0,476.598,62.273,93.964,95.691,119.319,161.266,192.333,9.274,136.262,40.0,,64.694,69.379,726.0,728.087,16.974,18.539,3,idle,0,87,87,0,0
2026-08-27T14:21:50+0800,124.958,69.273,26.406,temp=58.0'C,throttled=0x0,15.0,1.998,125.026,157.264,393.553,0,473.76,62.273,93.964,95.63,119.319,161.266,192.333,9.368,135.328,40.0,,64.694,69.379,726.0,728.087,16.974,18.539,3,idle,0,87,87,0,0
2026-08-27T14:21:51+0800,122.814,69.41,26.406,temp=58.0'C,throttled=0x0,15.0,1.998,125.026,157.264,16.849,0,470.055,61.719,93.964,95.63,119.319,161.266,192.333,9.34,135.328,40.0,,64.694,69.379,726.0,728.087,16.974,18.539,3,idle,0,87,87,0,0
2026-08-27T14:21:52+0800,126.972,69.281,26.406,temp=58.0'C,throttled=0x0,15.0,1.998,125.026,157.264,11.649,0,470.055,61.719,93.964,95.63,119.319,161.266,192.333,9.386,135.076,40.0,,64.694,69.379,726.0,728.087,16.974,18.539,3,idle,0,87,87,0,0
2026-08-27T14:21:53+0800,121.348,69.332,26.406,temp=58.0'C,throttled=0x0,15.0,1.997,125.026,157.264,498.539,0,470.055,61.719,93.964,95.63,119.319,161.266,192.333,9.461,135.017,40.0,,64.694,69.379,726.0,728.087,16.974,18.539,3,idle,0,87,87,0,0
2026-08-27T14:21:54+0800,121.756,69.414,26.406,temp=58.0'C,throttled=0x0,15.0,1.997,125.026,157.264,75.128,0,470.055,62.273,93.964,95.691,119.319,161.266,192.333,9.526,134.298,40.0,,64.694,69.379,726.0,728.087,16.974,18.539,3,idle,0,87,87,0,0
2026-08-27T14:21:55+0800,120.14,69.383,26.406,temp=58.0'C,throttled=0x0,15.0,1.998,125.026,157.264,56.029,0,470.055,62.273,93.964,95.753,119.319,161.266,192.333,9.566,134.298,40.0,,64.694,69.379,726.0,728.087,16.974,18.539,3,idle,0,87,87,0,0
2026-08-27T14:21:56+0800,117.297,69.477,26.406,temp=58.0'C,throttled=0x0,15.0,1.997,125.026,157.264,89.894,0,470.055,62.534,93.964,95.859,119.319,161.266,192.333,9.531,134.298,40.0,,64.694,69.379,726.0,728.087,16.974,18.539,3,playing,0,88,87,0,0
2026-08-27T14:21:57+0800,114.741,69.379,26.406,temp=58.5'C,throttled=0x0,15.0,1.998,125.026,157.264,76.464,0,470.055,62.691,93.964,95.865,119.319,161.266,192.333,9.498,135.017,40.0,,64.694,69.379,726.0,728.087,16.974,18.539,3,playing,0,88,87,0,0
2026-08-27T14:21:58+0800,115.126,69.32,26.406,temp=58.0'C,throttled=0x0,15.0,1.998,125.026,157.264,126.399,0,470.055,62.534,93.954,95.691,118.798,161.266,192.333,9.571,134.298,40.0,,64.694,69.379,726.0,728.087,16.974,18.539,3,playing,0,88,87,0,0
2026-08-27T14:21:59+0800,117.101,68.34,26.406,temp=58.5'C,throttled=0x0,15.0,1.997,125.026,157.264,103.623,0,470.055,61.719,93.762,95.563,118.798,161.266,192.333,9.646,131.55,40.0,,64.694,69.379,726.0,728.087,16.974,18.539,3,playing,0,88,87,0,0
2026-08-27T14:22:00+0800,115.437,68.453,26.406,temp=58.0'C,throttled=0x0,15.0,1.997,125.026,157.446,169.497,0,469.034,62.273,93.762,95.436,118.798,161.266,192.333,9.741,130.335,40.0,,64.694,69.379,726.0,728.087,16.974,18.539,3,playing,0,88,87,0,0
2026-08-27T14:22:01+0800,115.983,68.328,26.406,temp=58.0'C,throttled=0x0,15.0,1.997,124.716,157.446,157.979,0,470.055,62.691,93.762,95.436,118.798,161.266,192.333,9.766,130.121,40.0,,64.694,69.379,726.0,728.087,16.974,18.539,3,playing,0,88,87,0,0
2026-08-27T14:22:02+0800,119.027,68.355,26.406,temp=58.0'C,throttled=0x0,15.0,1.997,124.082,157.446,180.55,0,470.055,63.716,93.762,95.563,118.798,161.266,192.333,9.748,130.121,40.0,,64.694,69.379,726.0,728.087,16.974,18.539,3,playing,0,88,87,0,0
2026-08-27T14:22:04+0800,122.823,68.441,26.402,temp=58.5'C,throttled=0x0,15.0,1.997,124.716,157.457,243.71,0,470.055,63.716,93.762,95.63,118.798,161.266,192.333,9.717,130.121,40.0,,64.694,69.379,726.0,728.087,16.974,18.539,3,playing,0,88,87,0,0
2026-08-27T14:22:05+0800,128.216,68.512,26.402,temp=58.5'C,throttled=0x0,15.0,1.997,124.716,157.457,229.033,0,475.571,63.944,93.964,95.753,119.116,161.266,192.333,9.638,131.455,40.0,,64.694,69.379,726.0,728.087,16.974,18.539,3,playing,0,88,87,0,0
2026-08-27T14:22:06+0800,121.956,65.977,26.402,temp=58.0'C,throttled=0x0,15.0,1.998,124.082,157.457,197.734,0,477.426,64.5,95.214,95.753,119.116,161.266,192.333,9.594,131.479,40.0,,64.694,69.379,726.0,728.087,16.974,18.539,3,idle,0,88,88,0,0
2026-08-27T14:22:07+0800,120.806,65.879,26.402,temp=58.0'C,throttled=0x0,15.0,1.997,124.082,157.457,247.43,0,477.426,63.944,93.964,95.859,119.319,161.266,192.333,9.547,133.752,40.0,,64.694,69.379,726.0,728.087,16.974,18.539,3,idle,0,88,88,0,0
2026-08-27T14:22:08+0800,125.859,66.016,26.402,temp=58.0'C,throttled=0x0,15.0,1.997,124.082,157.457,263.076,0,476.38,64.5,95.214,95.753,119.319,161.266,192.333,9.506,134.298,40.0,,64.694,69.379,726.0,728.087,16.974,18.539,3,idle,0,88,88,0,0
2026-08-27T14:22:09+0800,120.039,66.016,26.402,temp=57.5'C,throttled=0x0,15.0,1.997,124.082,157.457,240.85,0,475.571,64.602,95.214,95.691,119.319,161.266,192.333,9.52,134.298,40.0,,64.694,69.379,726.0,728.087,16.974,18.539,3,idle,0,88,88,0,0
2026-08-27T14:22:10+0800,116.015,66.035,26.402,temp=57.5'C,throttled=0x0,15.0,1.998,124.082,157.457,301.523,0,475.571,64.602,95.214,95.691,119.319,161.266,192.333,9.528,134.298,40.0,,64.694,69.379,726.0,728.087,16.974,18.539,3,idle,0,88,88,0,0
2026-08-27T14:22:11+0800,122.672,66.086,26.402,temp=58.0'C,throttled=0x0,15.0,1.997,124.082,157.457,297.97,0,475.571,64.152,93.964,95.63,119.116,161.266,192.333,9.511,134.298,40.0,,64.694,69.379,726.0,728.087,16.974,18.539,3,idle,0,88,88,0,0
2026-08-27T14:22:12+0800,119.938,65.871,26.402,temp=58.0'C,throttled=0x0,15.0,1.997,124.082,157.457,371.031,0,476.38,63.944,93.964,95.436,119.116,161.266,192.333,9.551,134.298,40.0,,64.694,69.379,726.0,728.087,16.974,18.539,3,idle,0,88,88,0,0
2026-08-27T14:22:13+0800,123.806,66.023,26.402,temp=58.0'C,throttled=0x0,15.0,1.997,124.082,157.457,367.437,0,477.426,63.944,94.028,95.409,118.798,161.266,192.333,9.631,132.406,40.0,,64.694,69.379,726.0,728.087,16.974,18.539,3,idle,0,88,88,0,0
2026-08-27T14:22:14+0800,130.261,68.973,26.402,temp=58.5'C,throttled=0x0,15.0,1.997,124.082,157.457,410.209,0,477.426,63.944,94.028,95.41,118.747,161.266,192.333,9.686,130.121,40.0,,64.694,69.379,726.0,728.087,16.974,18.539,3,idle,0,88,88,0,0
2026-08-27T14:22:15+0800,135.982,68.852,26.402,temp=58.5'C,throttled=0x0,15.0,1.997,124.082,157.474,408.126,0,476.38,63.944,94.028,95.41,118.747,161.266,192.333,9.684,131.479,40.0,,64.694,69.379,726.0,728.087,16.974,18.539,3,idle,0,88,88,0,0
2026-08-27T14:22:16+0800,128.87,65.949,26.402,temp=58.0'C,throttled=0x0,15.0,1.997,124.716,157.474,415.834,0,476.38,63.792,94.028,95.436,118.747,161.266,192.333,9.585,132.406,40.0,,64.694,69.379,726.0,728.087,16.974,18.539,3,idle,0,88,88,0,0
2026-08-27T14:22:17+0800,125.938,66.082,26.402,temp=58.0'C,throttled=0x0,15.0,1.997,124.716,157.474,409.141,0,476.38,63.716,94.028,95.63,118.747,161.266,192.333,9.507,134.298,40.0,,64.694,69.379,726.0,728.087,16.974,18.539,3,idle,0,88,88,0,0
2026-08-27T14:22:18+0800,121.855,65.926,26.402,temp=58.5'C,throttled=0x0,15.0,1.997,124.082,157.474,448.506,0,476.38,63.604,94.028,95.691,118.747,161.266,192.333,9.491,135.169,40.0,,64.694,69.379,726.0,728.087,16.974,18.539,3,idle,0,88,88,0,0
2026-08-27T14:22:19+0800,118.876,65.883,26.402,temp=58.0'C,throttled=0x0,15.0,1.997,124.082,157.474,1.864,0,476.38,63.578,94.028,95.691,118.747,161.266,192.333,9.484,135.955,40.0,,64.694,69.379,726.0,728.087,16.974,18.539,3,idle,0,88,88,0,0
2026-08-27T14:22:20+0800,125.612,65.969,26.402,temp=58.0'C,throttled=0x0,15.0,1.997,123.746,157.474,445.236,0,476.38,63.604,94.028,95.753,118.747,161.266,192.333,9.42,136.605,40.0,,64.694,69.379,726.0,728.087,16.974,18.539,3,playing,0,89,88,0,0
2026-08-27T14:22:21+0800,120.319,65.867,26.402,temp=58.5'C,throttled=0x0,15.0,1.997,123.746,157.599,15.318,0,476.38,63.716,96.359,95.859,118.798,161.266,192.333,9.32,137.715,40.0,,64.694,69.379,726.0,728.087,16.974,18.539,3,playing,0,89,88,0,0
2026-08-27T14:22:22+0800,123.475,66.129,26.402,temp=58.5'C,throttled=0x0,15.0,1.997,124.082,157.599,116.615,0,476.38,63.716,98.909,96.197,119.863,161.266,192.333,9.215,142.692,40.0,,64.694,69.379,726.0,728.087,16.974,18.539,3,playing,0,89,88,0,0
2026-08-27T14:22:23+0800,119.995,66.535,26.402,temp=58.5'C,throttled=0x0,15.0,1.997,124.082,157.599,91.878,0,477.426,63.716,98.909,96.4,119.863,161.266,192.333,9.185,142.692,40.0,,64.694,69.379,726.0,728.087,16.974,18.539,3,playing,0,89,88,0,0
2026-08-27T14:22:24+0800,121.115,66.727,26.402,temp=58.0'C,throttled=0x0,15.0,1.997,123.746,157.92,121.67,0,477.426,63.578,96.359,96.4,119.863,161.266,192.333,9.169,142.692,40.0,,64.694,69.379,726.0,728.087,16.974,18.539,3,idle,0,89,89,0,0
2026-08-27T14:22:25+0800,123.013,66.805,26.402,temp=58.0'C,throttled=0x0,15.0,1.997,123.746,157.92,137.253,0,477.426,62.534,96.359,96.197,119.863,161.266,192.333,9.208,141.864,40.0,,64.694,69.379,726.0,728.087,16.974,18.539,3,idle,0,89,89,0,0
2026-08-27T14:22:26+0800,117.811,66.879,26.402,temp=58.0'C,throttled=0x0,15.0,1.997,123.746,157.92,113.414,0,477.426,62.534,96.359,96.197,119.863,161.266,192.333,9.203,141.864,40.0,,64.694,69.379,726.0,728.087,16.974,18.539,3,idle,0,89,89,0,0
2026-08-27T14:22:27+0800,121.847,66.762,26.402,temp=58.0'C,throttled=0x0,15.0,1.997,123.505,157.92,169.245,0,479.649,62.273,96.359,96.197,119.863,161.266,192.333,9.208,141.864,40.0,,64.694,69.379,726.0,728.087,16.974,18.539,3,idle,0,89,89,0,0
2026-08-27T14:22:28+0800,120.118,66.746,26.402,temp=58.0'C,throttled=0x0,15.0,1.997,123.505,157.92,163.492,0,479.649,62.273,96.359,96.197,119.863,161.266,192.333,9.202,141.864,40.0,,64.694,69.379,726.0,728.087,16.974,18.539,3,idle,0,89,89,0,0
2026-08-27T14:22:29+0800,123.672,66.777,26.402,temp=58.0'C,throttled=0x0,15.0,1.997,123.505,157.92,142.147,0,476.38,62.273,94.028,96.197,119.863,161.266,192.333,9.172,141.864,40.0,,64.694,69.379,726.0,728.087,16.974,18.539,3,idle,0,89,89,0,0
2026-08-27T14:22:30+0800,124.127,66.641,26.402,temp=58.0'C,throttled=0x0,15.0,1.997,123.746,157.92,214.223,0,479.649,62.273,96.359,96.197,119.863,161.266,192.333,9.118,141.864,40.0,,64.694,69.379,726.0,728.087,16.974,18.539,3,idle,0,89,89,0,0
2026-08-27T14:22:31+0800,124.955,66.84,26.402,temp=58.0'C,throttled=0x0,15.0,1.997,123.746,157.92,190.162,0,476.38,62.534,96.359,96.197,119.724,161.266,192.333,9.074,141.864,40.0,,64.694,69.379,726.0,728.087,16.974,18.539,3,idle,0,89,89,0,0
2026-08-27T14:22:32+0800,126.81,66.793,26.402,temp=58.5'C,throttled=0x0,15.0,1.997,123.746,157.92,187.36,0,476.38,62.534,96.359,96.197,119.724,161.266,192.333,9.027,143.221,40.0,,64.694,69.379,726.0,728.087,16.974,18.539,3,idle,0,89,89,0,0
2026-08-27T14:22:33+0800,121.363,66.766,26.402,temp=58.0'C,throttled=0x0,15.0,1.997,123.746,157.92,250.789,0,460.474,62.273,96.359,95.859,119.116,161.266,192.333,9.087,143.227,40.0,,64.694,69.379,726.0,728.087,16.974,18.539,3,idle,0,89,89,0,0
2026-08-27T14:22:34+0800,121.039,66.84,26.402,temp=58.0'C,throttled=0x0,15.0,1.997,123.746,157.92,239.787,0,460.474,61.719,96.359,95.691,119.116,161.266,192.333,9.147,143.227,40.0,,64.694,69.379,726.0,728.087,16.974,18.539,3,idle,0,89,89,0,0
2026-08-27T14:22:35+0800,122.687,66.84,26.402,temp=58.5'C,throttled=0x0,15.0,1.997,123.746,157.92,263.07,0,459.366,61.623,96.359,95.753,119.116,161.266,192.333,9.204,143.227,40.0,,64.694,69.379,726.0,728.087,16.974,18.539,3,idle,0,89,89,0,0
2026-08-27T14:22:36+0800,125.733,66.863,26.402,temp=58.5'C,throttled=0x0,15.0,1.997,123.746,157.92,258.165,0,458.887,61.623,96.359,95.753,119.116,161.266,192.333,9.131,145.181,40.0,,64.694,69.379,726.0,728.087,16.974,18.539,3,idle,0,89,89,0,0
2026-08-27T14:22:37+0800,124.962,66.812,26.402,temp=58.5'C,throttled=0x0,15.0,1.997,123.746,157.92,330.946,0,459.366,61.623,96.359,95.859,119.116,161.266,192.333,9.073,145.181,40.0,,64.694,69.379,726.0,728.087,16.974,18.539,3,idle,0,89,89,0,0
2026-08-27T14:22:38+0800,125.699,66.898,26.402,temp=58.0'C,throttled=0x0,15.0,1.997,123.746,157.92,302.128,0,459.835,61.719,96.359,96.197,119.724,161.266,192.333,8.999,145.181,40.0,,64.694,69.379,726.0,728.087,16.974,18.539,3,idle,0,89,89,0,0
2026-08-27T14:22:39+0800,122.856,68.562,26.402,temp=58.5'C,throttled=0x0,15.0,1.997,124.082,157.92,289.656,0,460.474,61.719,94.028,96.197,119.863,161.266,192.333,8.939,145.944,40.0,,64.694,69.379,726.0,728.087,16.974,18.539,3,playing,0,90,89,0,0
2026-08-27T14:22:40+0800,124.851,69.828,26.402,temp=59.1'C,throttled=0x0,15.0,1.997,124.082,158.421,383.239,0,460.474,61.634,98.909,96.197,119.863,161.266,192.333,8.91,147.695,40.0,,64.694,69.379,726.0,728.087,16.974,18.539,3,playing,0,90,89,0,0
2026-08-27T14:22:41+0800,134.418,69.852,26.402,temp=59.1'C,throttled=0x0,15.0,1.997,124.082,158.421,357.877,0,459.835,61.623,98.909,95.865,119.863,161.266,192.333,8.891,147.695,40.0,,64.694,69.379,726.0,728.087,16.974,18.539,3,playing,0,90,89,0,0
2026-08-27T14:22:42+0800,126.546,66.742,26.402,temp=58.5'C,throttled=0x0,15.0,1.997,124.716,158.421,14.839,0,459.366,61.623,98.909,95.865,119.863,161.266,192.333,8.834,148.71,40.0,,64.694,69.379,726.0,728.087,16.974,18.539,3,idle,0,90,90,0,0
2026-08-27T14:22:43+0800,128.555,66.734,26.402,temp=59.1'C,throttled=0x0,15.0,1.997,124.716,158.421,482.961,0,460.474,61.634,100.651,95.865,119.863,161.266,192.333,8.842,147.695,40.0,,64.694,69.379,726.0,728.087,16.974,18.539,3,idle,0,90,90,0,0
2026-08-27T14:22:44+0800,120.603,66.91,26.402,temp=59.1'C,throttled=0x0,15.0,1.997,124.716,157.92,433.092,0,461.521,62.09,102.169,96.197,119.724,161.266,192.333,8.858,145.181,40.0,,64.694,69.379,726.0,728.087,16.974,18.539,3,idle,0,90,90,0,0
2026-08-27T14:22:45+0800,123.903,66.895,26.402,temp=58.5'C,throttled=0x0,15.0,1.997,124.716,157.92,33.789,0,461.521,61.719,102.169,96.199,119.724,161.266,192.333,8.9,145.181,40.0,,64.694,69.379,726.0,728.087,16.974,18.539,3,idle,0,90,90,0,0
2026-08-27T14:22:46+0800,118.676,66.82,26.402,temp=58.0'C,throttled=0x0,15.0,1.997,124.082,157.92,66.437,0,462.407,61.719,102.169,96.4,119.724,161.266,192.333,8.935,145.181,40.0,,64.694,69.379,726.0,728.087,16.974,18.539,3,idle,0,90,90,0,0
2026-08-27T14:22:47+0800,117.937,66.727,26.402,temp=58.5'C,throttled=0x0,15.0,1.997,123.746,157.474,42.212,0,462.407,61.634,102.169,96.4,119.724,161.266,192.333,8.958,145.181,40.0,,64.694,69.379,726.0,728.087,16.974,18.539,3,idle,0,90,90,0,0
2026-08-27T14:22:48+0800,127.29,66.672,26.402,temp=58.0'C,throttled=0x0,15.0,1.997,123.341,157.474,102.552,0,471.684,61.719,105.228,96.671,119.724,158.99,192.333,8.972,143.227,40.0,,64.694,69.379,726.0,728.087,16.974,18.539,3,idle,0,90,90,0,0
2026-08-27T14:22:49+0800,128.773,66.816,26.402,temp=58.5'C,throttled=0x0,15.0,1.997,123.217,157.474,91.883,0,474.145,62.09,106.692,96.936,119.863,158.99,192.333,8.994,140.24,40.0,,64.694,69.379,726.0,728.087,16.974,18.539,3,idle,0,90,90,0,0
2026-08-27T14:22:50+0800,124.014,66.77,26.402,temp=58.5'C,throttled=0x0,15.0,1.997,123.217,157.457,90.49,0,474.145,62.534,106.692,97.144,119.863,158.99,192.333,9.017,139.57,40.0,,64.694,69.379,726.0,728.087,16.974,18.539,3,idle,0,90,90,0,0
2026-08-27T14:22:51+0800,126.237,66.844,26.402,temp=59.1'C,throttled=0x0,15.0,1.997,122.685,157.446,171.446,0,471.684,62.534,106.692,97.144,120.169,158.99,192.333,8.981,139.813,40.0,,64.694,69.379,726.0,728.087,16.974,18.539,3,idle,0,90,90,0,0
2026-08-27T14:22:53+0800,122.84,66.859,26.402,temp=58.0'C,throttled=0x0,15.0,1.997,122.685,157.446,173.939,0,471.684,62.534,106.692,96.905,119.724,158.99,192.333,8.992,139.813,40.0,,64.694,69.379,726.0,728.087,16.974,18.539,3,idle,0,90,90,0,0
2026-08-27T14:22:54+0800,120.961,66.855,26.402,temp=58.5'C,throttled=0x0,15.0,1.997,122.685,157.446,164.812,0,473.299,62.785,106.692,96.905,119.724,158.99,192.333,8.991,139.813,40.0,,64.694,69.379,726.0,728.087,16.974,18.539,3,idle,0,90,90,0,0
2026-08-27T14:22:55+0800,122.971,66.805,26.402,temp=59.1'C,throttled=0x0,15.0,1.997,122.685,157.446,178.266,0,474.145,62.785,106.692,96.671,119.724,158.99,192.333,8.984,139.813,40.0,,64.694,69.379,726.0,728.087,16.974,18.539,3,idle,0,90,90,0,0
2026-08-27T14:22:56+0800,118.987,66.832,26.402,temp=58.5'C,throttled=0x0,15.0,1.997,122.685,157.446,243.56,0,475.637,62.273,106.692,96.671,119.724,158.99,192.333,8.978,139.813,40.0,,64.694,69.379,726.0,728.087,16.974,18.539,3,idle,0,90,90,0,0
2026-08-27T14:22:57+0800,121.184,66.73,26.402,temp=58.0'C,throttled=0x0,15.0,1.998,122.685,157.446,250.417,0,474.145,62.785,106.692,96.199,119.724,158.99,192.333,8.977,139.813,40.0,,64.694,69.379,726.0,728.087,16.974,18.539,3,idle,0,90,90,0,0
2026-08-27T14:22:58+0800,120.566,66.82,26.402,temp=58.5'C,throttled=0x0,15.0,1.997,122.685,157.446,234.461,0,474.145,62.465,106.692,96.4,119.724,158.99,192.333,8.98,139.813,40.0,,64.694,69.379,726.0,728.087,16.974,18.539,3,playing,0,91,90,0,0
2026-08-27T14:22:59+0800,122.659,66.727,26.402,temp=59.1'C,throttled=0x0,15.0,1.997,122.685,157.446,256.684,0,475.637,62.785,106.692,96.671,119.724,158.99,192.333,8.997,139.813,40.0,,64.694,69.379,726.0,728.087,16.974,18.539,3,playing,0,91,90,0,0
2026-08-27T14:23:00+0800,122.93,66.746,26.402,temp=59.1'C,throttled=0x0,15.0,1.997,122.685,157.446,297.84,0,475.637,62.785,106.692,96.199,119.724,158.99,192.333,9.065,139.57,40.0,,64.694,69.379,726.0,728.087,16.974,18.539,3,playing,0,91,90,0,0
2026-08-27T14:23:01+0800,121.952,66.797,26.402,temp=58.5'C,throttled=0x0,15.0,1.997,122.685,157.446,262.847,0,475.637,62.785,106.692,96.671,119.724,158.99,192.333,9.098,139.56,40.0,,64.694,69.379,726.0,728.087,16.974,18.539,3,playing,0,91,90,0,0
2026-08-27T14:23:02+0800,119.769,67.133,26.402,temp=58.5'C,throttled=0x0,15.0,1.997,122.685,157.446,295.837,0,476.944,62.896,106.692,96.671,119.724,158.99,192.333,9.086,139.56,40.0,,64.694,69.379,726.0,728.087,16.974,18.539,3,playing,0,91,90,0,0
2026-08-27T14:23:03+0800,121.828,67.422,26.402,temp=58.5'C,throttled=0x0,15.0,1.997,122.685,157.446,340.53,0,476.944,62.896,106.692,96.936,119.724,158.99,192.333,9.075,139.51,40.0,,64.694,69.379,726.0,728.087,16.974,18.539,3,playing,0,91,90,0,0
2026-08-27T14:23:04+0800,126.546,67.488,26.402,temp=58.0'C,throttled=0x0,15.0,1.997,123.217,157.446,340.311,0,477.102,62.991,106.692,96.905,119.724,158.99,192.333,9.098,139.198,40.0,,64.694,69.379,726.0,728.087,16.974,18.539,3,idle,0,91,91,0,0
2026-08-27T14:23:05+0800,123.253,68.367,26.402,temp=58.5'C,throttled=0x0,15.0,1.997,123.217,157.203,364.568,0,480.424,62.991,106.692,96.905,119.724,158.99,192.333,9.174,136.093,40.0,,64.694,69.379,726.0,728.087,16.974,18.539,3,idle,0,91,91,0,0
2026-08-27T14:23:06+0800,125.788,70.445,26.402,temp=58.5'C,throttled=0x0,15.0,1.997,123.217,157.446,432.777,0,480.424,63.578,106.692,96.671,119.724,158.99,192.333,9.257,135.699,40.0,,64.694,69.379,726.0,728.087,16.974,18.539,3,idle,0,91,91,0,0
2026-08-27T14:23:07+0800,131.462,70.488,26.402,temp=58.0'C,throttled=0x0,15.0,1.997,122.685,157.203,449.503,0,480.424,63.578,106.692,96.671,119.724,158.99,192.333,9.341,135.17,40.0,,64.694,69.379,726.0,728.087,16.974,18.539,3,idle,0,91,91,0,0
2026-08-27T14:23:08+0800,121.28,67.438,26.402,temp=58.0'C,throttled=0x0,15.0,1.997,122.496,157.203,442.417,0,480.424,63.604,106.692,96.671,119.724,158.99,192.333,9.351,135.17,40.0,,64.694,69.379,726.0,728.087,16.974,18.539,3,idle,0,91,91,0,0
2026-08-27T14:23:09+0800,120.67,67.508,26.402,temp=58.0'C,throttled=0x0,15.0,1.998,122.118,157.203,454.465,0,477.102,63.604,106.692,96.671,119.724,158.99,192.333,9.397,135.097,40.0,,64.694,69.379,726.0,728.087,16.974,18.539,3,idle,0,91,91,0,0
2026-08-27T14:23:10+0800,118.875,67.543,26.402,temp=58.5'C,throttled=0x0,15.0,1.998,121.832,156.431,436.036,0,477.102,63.604,106.692,96.671,119.724,158.99,192.333,9.49,134.477,40.0,,64.694,69.379,726.0,728.087,16.974,18.539,3,idle,0,91,91,0,0
2026-08-27T14:23:11+0800,119.896,67.469,26.402,temp=58.5'C,throttled=0x0,15.0,1.997,122.118,156.431,51.531,0,473.299,62.896,106.692,96.671,119.724,158.99,192.333,9.562,131.23,40.0,,64.694,69.379,726.0,728.087,16.974,18.539,3,idle,0,91,91,0,0
2026-08-27T14:23:12+0800,122.834,67.469,26.402,temp=58.0'C,throttled=0x0,15.0,1.997,122.118,156.431,43.329,0,473.299,62.785,106.692,96.671,119.724,158.99,192.333,9.6,129.821,40.0,,64.694,69.379,726.0,728.087,16.974,18.539,3,idle,0,91,91,0,0
2026-08-27T14:23:13+0800,119.849,67.578,26.402,temp=58.5'C,throttled=0x0,15.0,1.997,122.118,156.431,18.184,0,473.299,62.49,106.692,96.238,119.724,158.99,192.333,9.59,129.821,40.0,,64.694,69.379,726.0,728.087,16.974,18.539,3,idle,0,91,91,0,0
2026-08-27T14:23:14+0800,122.524,67.5,26.402,temp=58.5'C,throttled=0x0,15.0,1.997,122.118,156.431,38.631,0,473.299,62.49,106.692,96.236,119.724,158.99,192.333,9.572,129.821,40.0,,64.694,69.379,726.0,728.087,16.974,18.539,3,idle,0,91,91,0,0
2026-08-27T14:23:15+0800,121.983,67.457,26.402,temp=58.5'C,throttled=0x0,15.0,1.998,122.118,156.431,122.281,0,468.484,62.49,106.692,96.238,119.724,158.99,192.333,9.637,129.259,40.0,,64.694,69.379,726.0,728.087,16.974,18.539,3,idle,0,91,91,0,0
2026-08-27T14:23:16+0800,121.998,67.57,26.402,temp=58.0'C,throttled=0x0,15.0,1.998,122.118,156.431,108.319,0,465.778,62.49,106.692,96.238,119.724,158.99,192.333,9.731,128.259,40.0,,64.694,69.379,726.0,728.087,16.974,18.539,3,idle,0,91,91,0,0
2026-08-27T14:23:17+0800,121.548,67.621,26.402,temp=58.5'C,throttled=0x0,15.0,1.997,122.118,156.431,94.535,0,463.703,62.49,106.692,96.236,119.724,158.99,192.333,9.83,125.808,40.0,,64.694,69.379,726.0,728.087,16.974,18.539,3,idle,0,91,91,0,0
2026-08-27T14:23:18+0800,117.71,67.469,26.402,temp=58.5'C,throttled=0x0,15.0,1.997,122.496,156.431,80.237,0,463.703,62.785,106.692,96.236,119.724,158.99,192.333,9.865,125.808,40.0,,64.694,69.379,726.0,728.087,16.974,18.539,3,playing,0,92,91,0,0
2026-08-27T14:23:19+0800,117.894,67.508,26.402,temp=59.1'C,throttled=0x0,15.0,1.997,122.496,157.203,99.511,0,460.671,62.465,106.692,96.847,119.724,158.99,192.333,9.819,127.753,40.0,,64.694,69.379,726.0,728.087,16.974,18.539,3,playing,0,92,91,0,0
2026-08-27T14:23:20+0800,122.347,67.496,26.402,temp=58.0'C,throttled=0x0,15.0,1.998,122.118,157.203,142.264,0,460.671,62.09,106.692,96.847,119.724,158.99,192.333,9.814,127.753,40.0,,64.694,69.379,726.0,728.087,16.974,18.539,3,playing,0,92,91,0,0
2026-08-27T14:23:21+0800,120.903,67.531,26.402,temp=58.5'C,throttled=0x0,15.0,1.998,122.118,157.203,170.272,0,455.371,62.273,106.692,96.238,119.724,158.99,192.333,9.791,127.753,40.0,,64.694,69.379,726.0,728.087,16.974,18.539,3,playing,0,92,91,0,0
2026-08-27T14:23:22+0800,122.678,67.668,26.402,temp=58.0'C,throttled=0x0,15.0,1.997,122.496,157.203,203.748,0,455.371,62.09,106.692,96.238,119.724,158.99,192.333,9.778,128.259,40.0,,64.694,69.379,726.0,728.087,16.974,18.539,3,playing,0,92,91,0,0
2026-08-27T14:23:23+0800,119.987,67.617,26.402,temp=58.5'C,throttled=0x0,15.0,1.997,122.496,157.203,242.176,0,460.671,61.989,106.692,96.238,119.724,158.99,192.333,9.765,128.259,40.0,,64.694,69.379,726.0,728.087,16.974,18.539,3,idle,0,92,92,0,0
2026-08-27T14:23:24+0800,120.969,67.543,26.402,temp=58.5'C,throttled=0x0,15.0,1.997,122.496,157.203,251.648,0,455.371,61.989,106.692,96.199,119.724,158.99,192.333,9.826,127.977,40.0,,64.694,69.379,726.0,728.087,16.974,18.539,3,idle,0,92,92,0,0
2026-08-27T14:23:25+0800,120.691,67.566,26.402,temp=58.5'C,throttled=0x0,15.0,1.998,122.118,157.203,236.372,0,454.465,62.09,106.692,96.199,119.724,158.99,192.333,9.846,126.117,40.0,,64.694,69.379,726.0,728.087,16.974,18.539,3,idle,0,92,92,0,0
2026-08-27T14:23:26+0800,118.87,67.57,26.402,temp=58.0'C,throttled=0x0,15.0,1.998,122.118,157.203,320.224,0,450.16,62.09,106.692,96.199,119.724,158.99,192.333,9.888,125.984,40.0,,64.694,69.379,726.0,728.087,16.974,18.539,3,idle,0,92,92,0,0
2026-08-27T14:23:27+0800,122.511,67.543,26.402,temp=58.5'C,throttled=0x0,15.0,1.997,122.118,157.203,308.585,0,449.503,61.989,106.692,96.236,119.724,158.99,192.333,9.908,126.117,40.0,,64.694,69.379,726.0,728.087,16.974,18.539,3,idle,0,92,92,0,0
2026-08-27T14:23:28+0800,120.996,67.477,26.402,temp=58.0'C,throttled=0x0,15.0,1.998,122.118,157.203,292.203,0,449.503,61.989,106.692,96.236,119.724,158.99,192.333,9.929,126.117,40.0,,64.694,69.379,726.0,728.087,16.974,18.539,3,idle,0,92,92,0,0
2026-08-27T14:23:29+0800,125.065,67.531,26.402,temp=58.5'C,throttled=0x0,15.0,1.997,122.496,156.431,362.06,0,448.883,62.09,106.692,96.199,119.724,158.99,192.333,9.956,126.117,40.0,,64.694,69.379,726.0,728.087,16.974,18.539,3,idle,0,92,92,0,0
2026-08-27T14:23:30+0800,121.967,67.488,26.402,temp=58.0'C,throttled=0x0,15.0,1.998,122.685,156.431,347.595,0,448.883,61.989,106.692,96.199,119.724,158.99,192.333,9.96,126.117,40.0,,64.694,69.379,726.0,728.087,16.974,18.539,3,idle,0,92,92,0,0
2026-08-27T14:23:31+0800,120.748,67.902,26.402,temp=58.5'C,throttled=0x0,15.0,1.998,122.685,156.853,336.831,0,448.883,61.989,106.692,96.199,119.724,158.99,192.333,9.958,126.117,40.0,,64.694,69.379,726.0,728.087,16.974,18.539,3,idle,0,92,92,0,0
2026-08-27T14:23:32+0800,128.568,70.559,26.402,temp=58.0'C,throttled=0x0,15.0,1.998,122.685,156.853,399.834,0,445.573,61.989,106.692,96.199,119.724,158.99,192.333,9.976,126.117,40.0,,64.694,69.379,726.0,728.087,16.974,18.539,3,idle,0,92,92,0,0
2026-08-27T14:23:33+0800,129.276,70.406,26.402,temp=58.0'C,throttled=0x0,15.0,1.998,122.68,156.853,411.456,0,443.803,61.989,106.692,96.199,119.724,158.99,192.333,9.968,127.05,40.0,,64.694,69.379,726.0,728.087,16.974,18.539,3,idle,0,92,92,0,0
2026-08-27T14:23:34+0800,124.461,67.418,26.402,temp=58.0'C,throttled=0x0,15.0,1.997,122.118,155.802,420.01,0,443.803,61.989,106.692,96.199,119.724,158.99,192.333,9.963,127.05,40.0,,64.694,69.379,726.0,728.087,16.974,18.539,3,idle,0,92,92,0,0
2026-08-27T14:23:35+0800,122.735,67.621,26.402,temp=58.0'C,throttled=0x0,15.0,1.998,122.496,155.802,31.311,0,436.036,61.157,106.692,96.199,119.724,158.99,192.333,9.955,127.977,40.0,,64.694,69.379,726.0,728.087,16.974,18.539,3,idle,0,92,92,0,0
2026-08-27T14:23:36+0800,123.172,67.57,26.402,temp=58.5'C,throttled=0x0,15.0,1.998,122.68,155.802,25.8,0,433.566,61.157,106.692,96.199,119.724,158.99,192.333,9.96,128.017,40.0,,64.694,69.379,726.0,728.087,16.974,18.539,3,idle,0,92,92,0,0
2026-08-27T14:23:37+0800,121.035,67.523,26.402,temp=58.5'C,throttled=0x0,15.0,1.998,122.68,155.802,6.12,0,430.061,61.157,106.692,96.236,119.724,158.99,192.333,9.96,128.017,40.0,,64.694,69.379,726.0,728.087,16.974,18.539,3,idle,0,92,92,0,0
2026-08-27T14:23:38+0800,117.407,67.539,26.402,temp=59.6'C,throttled=0x0,15.0,1.997,122.68,155.802,482.852,0,433.566,60.908,106.692,96.671,119.724,158.99,192.333,9.917,128.061,40.0,,64.694,69.379,726.0,728.087,16.974,18.539,3,playing,0,93,92,0,0
2026-08-27T14:23:39+0800,120.657,67.555,26.402,temp=59.1'C,throttled=0x0,15.0,1.998,122.68,155.802,106.311,0,433.566,60.685,107.066,96.238,119.724,158.99,192.333,9.885,128.259,40.0,,64.694,69.379,726.0,728.087,16.974,18.539,3,playing,0,93,92,0,0
2026-08-27T14:23:40+0800,121.901,67.508,26.402,temp=59.1'C,throttled=0x0,15.0,1.998,122.68,155.802,71.67,0,434.182,60.559,107.066,96.671,119.724,158.99,192.333,9.863,129.104,40.0,,64.694,69.379,726.0,728.087,16.974,18.539,3,playing,0,93,92,0,0
2026-08-27T14:23:42+0800,123.276,67.504,26.402,temp=58.5'C,throttled=0x0,15.0,1.997,122.68,155.802,110.645,0,443.192,60.559,107.066,97.094,119.724,158.99,192.333,9.834,129.467,40.0,,64.694,69.379,726.0,728.087,16.974,18.539,3,playing,0,93,92,0,0
2026-08-27T14:23:43+0800,121.741,67.434,26.402,temp=58.5'C,throttled=0x0,15.0,1.998,122.68,155.802,76.486,0,443.803,60.685,107.066,97.094,119.724,158.99,192.333,9.815,129.574,40.0,,64.694,69.379,726.0,728.087,16.974,18.539,3,playing,0,93,92,0,0
2026-08-27T14:23:44+0800,122.63,67.605,26.402,temp=58.5'C,throttled=0x0,15.0,1.998,122.68,155.802,104.618,0,443.192,60.559,107.066,97.145,119.724,158.99,192.333,9.789,129.574,40.0,,64.694,69.379,726.0,728.087,16.974,18.539,3,idle,0,93,93,0,0
2026-08-27T14:23:45+0800,123.096,67.551,26.402,temp=58.5'C,throttled=0x0,15.0,1.997,122.68,155.802,112.222,0,443.192,60.559,107.077,97.145,119.724,158.99,192.333,9.76,129.574,40.0,,64.694,69.379,726.0,728.087,16.974,18.539,3,idle,0,93,93,0,0
2026-08-27T14:23:46+0800,127.654,67.523,26.402,temp=58.0'C,throttled=0x0,15.0,1.997,123.328,155.802,90.381,0,448.883,60.908,107.077,97.194,119.724,158.99,192.333,9.723,129.467,40.0,,64.694,69.379,726.0,728.087,16.974,18.539,3,idle,0,93,93,0,0
2026-08-27T14:23:47+0800,125.809,67.512,26.402,temp=58.5'C,throttled=0x0,15.0,1.998,123.422,156.853,196.37,0,449.629,61.157,107.077,97.344,119.863,158.99,192.333,9.666,129.922,40.0,,64.694,69.379,726.0,728.087,16.974,18.539,3,idle,0,93,93,0,0
2026-08-27T14:23:48+0800,124.786,67.586,26.402,temp=58.5'C,throttled=0x0,15.0,1.997,122.68,156.853,188.722,0,449.061,62.09,107.077,97.344,120.169,158.99,192.333,9.609,130.63,40.0,,64.694,69.379,726.0,728.087,16.974,18.539,3,idle,0,93,93,0,0
2026-08-27T14:23:49+0800,124.329,67.559,26.402,temp=58.0'C,throttled=0x0,15.0,1.997,122.68,156.853,213.846,0,449.061,62.09,107.077,97.194,120.169,158.99,192.333,9.609,130.63,40.0,,64.694,69.379,726.0,728.087,16.974,18.539,3,idle,0,93,93,0,0
2026-08-27T14:23:50+0800,123.956,67.566,26.402,temp=58.5'C,throttled=0x0,15.0,1.997,122.68,156.853,242.142,0,448.883,61.157,107.077,97.145,120.169,158.99,192.333,9.615,130.63,40.0,,64.694,69.379,726.0,728.087,16.974,18.539,3,idle,0,93,93,0,0
2026-08-27T14:23:51+0800,122.763,67.551,26.402,temp=58.0'C,throttled=0x0,15.0,1.997,122.68,156.853,233.474,0,448.883,60.908,107.077,97.145,119.863,158.99,192.333,9.62,130.63,40.0,,64.694,69.379,726.0,728.087,16.974,18.539,3,idle,0,93,93,0,0
2026-08-27T14:23:52+0800,120.086,67.465,26.402,temp=58.0'C,throttled=0x0,15.0,1.998,122.496,155.802,323.636,0,444.93,60.908,107.077,97.145,119.863,158.99,192.333,9.618,130.63,40.0,,64.694,69.379,726.0,728.087,16.974,18.539,3,idle,0,93,93,0,0
2026-08-27T14:23:53+0800,121.661,67.523,26.402,temp=58.0'C,throttled=0x0,15.0,1.997,122.496,155.802,295.837,0,444.93,60.559,107.077,97.094,119.724,158.99,192.333,9.614,130.63,40.0,,64.694,69.379,726.0,728.087,16.974,18.539,3,idle,0,93,93,0,0
2026-08-27T14:23:54+0800,119.845,67.492,26.402,temp=58.0'C,throttled=0x0,15.0,1.997,122.496,155.802,257.798,0,449.061,60.908,107.077,97.094,119.724,158.99,192.333,9.629,130.293,40.0,,64.694,69.379,726.0,728.087,16.974,18.539,3,idle,0,93,93,0,0
2026-08-27T14:23:55+0800,122.862,67.555,26.402,temp=58.0'C,throttled=0x0,15.0,1.997,122.496,155.802,277.419,0,451.875,61.989,107.077,96.847,119.724,158.99,192.333,9.617,130.293,40.0,,64.694,69.379,726.0,728.087,16.974,18.539,3,idle,0,93,93,0,0
2026-08-27T14:23:56+0800,120.721,67.578,26.402,temp=58.0'C,throttled=0x0,15.0,1.997,122.496,155.107,321.144,0,451.875,61.989,107.077,96.238,119.724,158.99,192.333,9.627,130.293,40.0,,64.694,69.379,726.0,728.087,16.974,18.539,3,idle,0,93,93,0,0
2026-08-27T14:23:57+0800,122.787,67.453,26.402,temp=58.0'C,throttled=0x0,15.0,1.997,122.68,155.107,339.946,0,449.629,60.908,107.066,96.236,119.724,158.99,192.333,9.618,130.293,40.0,,64.694,69.379,726.0,728.087,16.974,18.539,3,idle,0,93,93,0,0
2026-08-27T14:23:58+0800,124.791,70.586,26.402,temp=58.0'C,throttled=0x0,15.0,1.997,122.68,155.107,330.532,0,444.93,60.908,107.066,96.196,119.724,158.99,192.333,9.612,130.63,40.0,,64.694,69.379,726.0,728.087,16.974,18.539,3,idle,0,93,93,0,0
2026-08-27T14:23:59+0800,127.638,70.551,26.402,temp=58.5'C,throttled=0x0,15.0,1.997,122.68,155.107,358.891,0,444.93,60.559,107.066,96.196,119.724,158.99,192.333,9.595,130.63,40.0,,64.694,69.379,726.0,728.087,16.974,18.539,3,playing,0,94,93,0,0
2026-08-27T14:24:00+0800,126.058,67.488,26.402,temp=59.1'C,throttled=0x0,15.0,1.998,122.68,155.107,487.264,0,449.629,60.908,107.066,96.196,119.724,158.99,192.333,9.548,131.559,40.0,,64.694,69.379,726.0,728.087,16.974,18.539,3,playing,0,94,93,0,0
2026-08-27T14:24:01+0800,120.247,67.629,26.402,temp=58.5'C,throttled=0x0,15.0,1.998,122.68,155.107,395.69,0,449.629,60.908,107.066,96.064,119.724,158.99,192.333,9.547,131.559,40.0,,64.694,69.379,726.0,728.087,16.974,18.539,3,playing,0,94,93,0,0
2026-08-27T14:24:02+0800,122.736,67.539,26.402,temp=58.5'C,throttled=0x0,15.0,1.997,123.328,155.107,474.703,0,451.973,60.908,106.692,96.025,119.297,158.99,192.333,9.523,131.814,40.0,,64.694,69.379,726.0,728.087,16.974,18.539,3,playing,0,94,93,0,0
2026-08-27T14:24:03+0800,120.106,67.516,26.402,temp=58.5'C,throttled=0x0,15.0,1.997,123.328,155.802,9.905,0,460.792,60.559,106.692,96.025,119.297,158.99,192.333,9.508,131.814,40.0,,64.694,69.379,726.0,728.087,16.974,18.539,3,playing,0,94,93,0,0
2026-08-27T14:24:04+0800,120.922,67.473,26.402,temp=58.0'C,throttled=0x0,15.0,1.998,123.328,155.802,50.155,0,460.792,59.437,106.692,96.196,119.297,158.99,192.333,9.484,132.925,40.0,,64.694,69.379,726.0,728.087,16.974,18.539,3,playing,0,94,93,0,0
2026-08-27T14:24:05+0800,118.932,67.707,26.402,temp=58.5'C,throttled=0x0,15.0,1.997,123.328,155.802,9.646,0,460.992,59.437,106.692,96.236,119.297,158.99,192.333,9.477,131.814,40.0,,64.694,69.379,726.0,728.087,16.974,18.539,3,playing,0,94,93,0,0
2026-08-27T14:24:06+0800,119.869,67.984,26.402,temp=58.5'C,throttled=0x0,15.0,1.997,122.68,155.802,28.784,0,460.792,59.437,106.692,96.236,119.297,158.99,192.333,9.504,132.925,40.0,,64.694,69.379,726.0,728.087,16.974,18.539,3,idle,0,94,94,0,0
2026-08-27T14:24:07+0800,122.003,68.055,26.402,temp=58.5'C,throttled=0x0,15.0,1.997,122.68,155.802,91.853,0,460.792,59.437,106.692,96.197,119.297,158.99,192.333,9.552,131.559,40.0,,64.694,69.379,726.0,728.087,16.974,18.539,3,idle,0,94,94,0,0
2026-08-27T14:24:08+0800,121.901,67.934,26.402,temp=58.0'C,throttled=0x0,15.0,1.998,122.68,155.802,81.559,0,460.992,59.437,106.692,96.197,119.297,158.99,192.333,9.57,131.814,40.0,,64.694,69.379,726.0,728.087,16.974,18.539,3,idle,0,94,94,0,0
2026-08-27T14:24:09+0800,121.739,68.098,26.402,temp=58.5'C,throttled=0x0,15.0,1.997,122.68,155.107,138.786,0,464.217,58.954,106.692,96.196,119.297,158.99,192.333,9.62,131.226,40.0,,64.694,69.379,726.0,728.087,16.974,18.539,3,idle,0,94,94,0,0
2026-08-27T14:24:10+0800,122.299,67.965,26.402,temp=58.0'C,throttled=0x0,15.0,1.997,123.328,155.107,139.692,0,464.217,58.954,106.692,96.197,119.297,158.99,192.333,9.628,131.814,40.0,,64.694,69.379,726.0,728.087,16.974,18.539,3,idle,0,94,94,0,0
2026-08-27T14:24:11+0800,120.823,68.031,26.402,temp=58.0'C,throttled=0x0,15.0,1.997,123.422,155.107,128.082,0,460.992,57.771,106.692,96.196,119.297,158.99,192.333,9.68,131.226,40.0,,64.694,69.379,726.0,728.087,16.974,18.539,3,idle,0,94,94,0,0
2026-08-27T14:24:12+0800,119.72,67.988,26.402,temp=58.5'C,throttled=0x0,15.0,1.997,123.328,154.645,199.961,0,449.061,57.273,106.692,96.196,119.297,158.99,192.333,9.79,128.148,40.0,,64.694,69.379,726.0,728.087,16.974,18.539,3,idle,0,94,94,0,0
2026-08-27T14:24:13+0800,118.84,68.012,26.402,temp=58.0'C,throttled=0x0,15.0,1.997,123.328,154.645,164.055,0,451.973,57.771,106.692,96.025,119.297,158.99,192.333,9.886,127.466,40.0,,64.694,69.379,726.0,728.087,16.974,18.539,3,idle,0,94,94,0,0
2026-08-27T14:24:14+0800,119.817,68.008,26.402,temp=58.0'C,throttled=0x0,15.0,1.998,123.422,154.645,234.579,0,460.093,58.776,106.692,95.839,119.116,158.99,192.333,9.948,126.941,40.0,,64.694,69.379,726.0,728.087,16.974,18.539,3,idle,0,94,94,0,0
2026-08-27T14:24:15+0800,120.537,67.941,26.402,temp=58.0'C,throttled=0x0,15.0,1.998,123.422,154.645,242.59,0,460.093,58.954,102.552,95.808,119.116,158.99,192.333,9.953,126.056,40.0,,64.694,69.379,726.0,728.087,16.974,18.539,3,idle,0,94,94,0,0
2026-08-27T14:24:16+0800,123.354,68.145,26.402,temp=58.0'C,throttled=0x0,15.0,1.998,123.422,154.645,246.87,0,460.093,58.954,102.552,95.823,119.116,158.99,192.333,9.948,126.056,40.0,,64.694,69.379,726.0,728.087,16.974,18.539,3,idle,0,94,94,0,0
2026-08-27T14:24:17+0800,121.997,68.066,26.402,temp=58.5'C,throttled=0x0,15.0,1.997,123.422,154.963,228.193,0,460.093,58.776,102.552,95.823,119.116,158.99,192.333,9.949,126.056,40.0,,64.694,69.379,726.0,728.087,16.974,18.539,3,idle,0,94,94,0,0
2026-08-27T14:24:18+0800,122.113,67.938,26.402,temp=58.0'C,throttled=0x0,15.0,1.997,123.422,154.963,311.017,0,460.093,58.954,102.552,95.823,119.116,158.99,192.333,9.949,125.938,40.0,,64.694,69.379,726.0,728.087,16.974,18.539,3,idle,0,94,94,0,0
2026-08-27T14:24:19+0800,117.948,68.027,26.402,temp=58.0'C,throttled=0x0,15.0,1.998,123.422,154.963,315.949,0,451.973,58.642,102.552,95.746,119.116,158.99,192.333,9.939,126.889,40.0,,64.694,69.379,726.0,728.087,16.974,18.539,3,idle,0,94,94,0,0
2026-08-27T14:24:20+0800,121.913,67.969,26.402,temp=58.0'C,throttled=0x0,15.0,1.998,123.422,154.963,328.472,0,449.681,57.771,102.552,95.808,119.116,158.99,192.333,9.931,126.941,40.0,,64.694,69.379,726.0,728.087,16.974,18.539,3,idle,0,94,94,0,0
2026-08-27T14:24:21+0800,119.828,67.961,26.402,temp=59.1'C,throttled=0x0,15.0,1.997,123.422,155.107,289.169,0,449.681,57.771,102.552,95.746,119.116,158.99,192.333,9.882,127.682,40.0,,64.694,69.379,726.0,728.087,16.974,18.539,3,playing,0,95,94,0,0
2026-08-27T14:24:22+0800,120.887,69.793,26.402,temp=58.5'C,throttled=0x0,15.0,1.997,123.422,155.107,322.623,0,449.681,57.771,102.552,95.808,119.006,158.99,192.333,9.841,130.316,40.0,,64.694,69.379,726.0,728.087,16.974,18.539,3,playing,0,95,94,0,0
2026-08-27T14:24:23+0800,129.179,70.953,26.402,temp=58.0'C,throttled=0x0,15.0,1.998,123.422,154.963,365.16,0,450.554,58.642,102.552,95.823,119.006,158.99,192.333,9.826,129.152,40.0,,64.694,69.379,726.0,728.087,16.974,18.539,3,playing,0,95,94,0,0
2026-08-27T14:24:24+0800,126.523,70.949,26.402,temp=58.5'C,throttled=0x0,15.0,1.998,123.422,154.963,396.49,0,451.973,58.776,102.552,96.025,119.006,158.99,192.333,9.813,129.152,40.0,,64.694,69.379,726.0,728.087,16.974,18.539,3,playing,0,95,94,0,0
2026-08-27T14:24:25+0800,125.677,67.945,26.402,temp=58.5'C,throttled=0x0,15.0,1.997,123.428,154.963,477.317,0,451.973,58.776,102.552,96.025,119.006,158.99,192.333,9.812,129.152,40.0,,64.694,69.379,726.0,728.087,16.974,18.539,3,playing,0,95,94,0,0
2026-08-27T14:24:26+0800,124.934,67.973,26.402,temp=58.0'C,throttled=0x0,15.0,1.997,123.686,155.107,409.691,0,450.554,58.642,102.552,96.064,119.006,158.99,192.333,9.825,129.152,40.0,,64.694,69.379,726.0,728.087,16.974,18.539,3,playing,0,95,94,0,0
2026-08-27T14:24:27+0800,121.976,68.027,26.402,temp=58.5'C,throttled=0x0,15.0,1.998,123.686,155.802,1.642,0,450.554,57.771,102.552,96.064,119.006,158.99,192.333,9.817,129.126,40.0,,64.694,69.379,726.0,728.087,16.974,18.539,3,playing,0,95,94,0,0
2026-08-27T14:24:29+0800,121.663,68.273,26.402,temp=59.1'C,throttled=0x0,15.0,1.998,123.428,155.107,59.506,0,448.193,57.771,102.169,96.064,119.006,158.99,192.333,9.813,129.152,40.0,,64.694,69.379,726.0,728.087,16.974,18.539,3,playing,0,95,94,0,0
2026-08-27T14:24:30+0800,119.943,68.363,26.402,temp=59.1'C,throttled=0x0,15.0,1.998,123.422,154.963,87.104,0,449.681,57.273,100.651,96.025,118.656,158.99,192.333,9.816,129.126,40.0,,64.694,69.379,726.0,728.087,16.974,18.539,3,idle,0,95,95,0,0
2026-08-27T14:24:31+0800,124.393,68.48,26.402,temp=58.0'C,throttled=0x0,15.0,1.998,123.328,154.963,86.925,0,450.554,57.771,100.651,95.839,118.656,158.99,192.333,9.834,128.148,40.0,,64.694,69.379,726.0,728.087,16.974,18.539,3,idle,0,95,95,0,0
2026-08-27T14:24:32+0800,120.949,68.316,26.402,temp=58.5'C,throttled=0x0,15.0,1.998,123.328,154.645,63.126,0,460.093,58.642,100.651,95.808,118.402,158.99,192.333,9.863,127.646,40.0,,64.694,69.379,726.0,728.087,16.974,18.539,3,idle,0,95,95,0,0
2026-08-27T14:24:33+0800,118.917,68.367,26.402,temp=58.5'C,throttled=0x0,15.0,1.998,123.328,154.541,76.822,0,466.443,58.642,98.537,95.791,118.402,158.99,192.333,9.853,127.646,40.0,,64.694,69.379,726.0,728.087,16.974,18.539,3,idle,0,95,95,0,0
2026-08-27T14:24:34+0800,120.795,68.305,26.402,temp=58.5'C,throttled=0x0,15.0,1.998,123.328,154.541,158.916,0,462.861,58.776,98.537,95.746,118.402,158.99,192.333,9.843,127.646,40.0,,64.694,69.379,726.0,728.087,16.974,18.539,3,idle,0,95,95,0,0
2026-08-27T14:24:35+0800,118.498,68.352,26.402,temp=58.5'C,throttled=0x0,15.0,1.998,123.328,154.541,124.061,0,454.286,58.776,98.537,95.746,118.402,158.99,192.333,9.858,126.889,40.0,,64.694,69.379,726.0,728.087,16.974,18.539,3,idle,0,95,95,0,0
2026-08-27T14:24:36+0800,124.929,68.371,26.402,temp=58.5'C,throttled=0x0,15.0,1.997,123.422,154.541,96.691,0,460.093,58.642,98.537,95.746,118.402,158.99,192.333,9.848,126.889,40.0,,64.694,69.379,726.0,728.087,16.974,18.539,3,idle,0,95,95,0,0
2026-08-27T14:24:37+0800,122.884,68.391,26.402,temp=58.0'C,throttled=0x0,15.0,1.997,123.422,154.541,177.743,0,462.861,57.771,98.537,95.746,118.402,158.99,192.333,9.856,126.598,40.0,,64.694,69.379,726.0,728.087,16.974,18.539,3,idle,0,95,95,0,0
2026-08-27T14:24:38+0800,119.042,68.348,26.402,temp=58.5'C,throttled=0x0,15.0,1.998,123.422,154.541,157.671,0,466.443,57.771,98.537,95.566,118.402,158.99,192.333,9.861,126.269,40.0,,64.694,69.379,726.0,728.087,16.974,18.539,3,idle,0,95,95,0,0
2026-08-27T14:24:39+0800,119.204,68.352,26.402,temp=58.0'C,throttled=0x0,15.0,1.998,123.422,154.541,230.374,0,466.443,57.13,98.537,95.498,118.402,158.99,192.333,9.858,126.269,40.0,,64.694,69.379,726.0,728.087,16.974,18.539,3,idle,0,95,95,0,0
2026-08-27T14:24:40+0800,119.718,68.324,26.402,temp=58.0'C,throttled=0x0,15.0,1.997,123.422,154.541,183.676,0,466.443,56.058,98.537,95.313,118.276,158.99,192.333,9.859,126.269,40.0,,64.694,69.379,726.0,728.087,16.974,18.539,3,idle,0,95,95,0,0
2026-08-27T14:24:41+0800,118.656,68.254,26.402,temp=58.0'C,throttled=0x0,15.0,1.998,123.422,154.541,265.582,0,467.694,57.13,98.537,95.282,118.276,158.99,192.333,9.868,126.269,40.0,,64.694,69.379,726.0,728.087,16.974,18.539,3,idle,0,95,95,0,0
2026-08-27T14:24:42+0800,120.766,68.336,26.402,temp=58.0'C,throttled=0x0,15.0,1.998,123.422,154.541,245.677,0,468.486,56.058,98.537,95.282,118.276,158.99,192.333,9.87,126.269,40.0,,64.694,69.379,726.0,728.087,16.974,18.539,3,idle,0,95,95,0,0
2026-08-27T14:24:43+0800,121.925,68.441,26.402,temp=58.0'C,throttled=0x0,15.0,1.998,123.422,154.541,247.903,0,468.486,57.13,98.537,95.282,118.276,158.99,192.333,9.864,126.598,40.0,,64.694,69.379,726.0,728.087,16.974,18.539,3,idle,0,95,95,0,0
2026-08-27T14:24:44+0800,122.385,68.312,26.402,temp=58.0'C,throttled=0x0,15.0,1.997,123.422,154.541,319.722,0,468.486,56.058,96.787,95.252,117.913,158.99,192.333,9.873,126.598,40.0,,64.694,69.379,726.0,728.087,16.974,18.539,3,idle,0,95,95,0,0
2026-08-27T14:24:45+0800,116.787,68.352,26.402,temp=58.5'C,throttled=0x0,15.0,1.997,123.428,154.645,348.41,0,468.486,56.021,96.787,95.252,117.613,158.99,192.333,9.822,127.646,40.0,,64.694,69.379,726.0,728.087,16.974,18.539,3,playing,0,96,95,0,0
2026-08-27T14:24:46+0800,118.227,68.465,26.402,temp=58.0'C,throttled=0x0,15.0,1.998,123.686,154.963,317.69,0,471.655,55.072,96.691,95.252,117.613,158.99,192.333,9.795,127.646,40.0,,64.694,69.379,726.0,728.087,16.974,18.539,3,playing,0,96,95,0,0
2026-08-27T14:24:47+0800,119.469,68.516,26.402,temp=58.0'C,throttled=0x0,15.0,1.998,123.686,154.963,369.934,0,471.655,55.072,96.691,95.252,117.613,158.99,192.333,9.783,127.164,40.0,,64.694,69.379,726.0,728.087,16.974,18.539,3,playing,0,96,95,0,0
2026-08-27T14:24:48+0800,120.337,69.227,26.402,temp=58.0'C,throttled=0x0,15.0,1.997,123.428,154.963,371.386,0,476.615,56.021,96.691,95.276,117.613,158.99,192.333,9.841,126.269,40.0,,64.694,69.379,726.0,728.087,16.974,18.539,3,idle,0,96,96,0,0
2026-08-27T14:24:49+0800,127.133,71.273,26.402,temp=58.0'C,throttled=0x0,15.0,1.998,123.428,154.645,369.133,0,479.743,57.13,96.691,95.282,117.613,158.99,192.333,9.873,125.683,40.0,,64.694,69.379,726.0,728.087,16.974,18.539,3,idle,0,96,96,0,0
2026-08-27T14:24:50+0800,130.473,68.309,26.402,temp=58.5'C,throttled=0x0,15.0,1.998,123.428,154.541,443.222,0,479.743,57.771,96.691,95.252,117.613,158.99,192.333,9.897,125.683,40.0,,64.694,69.379,726.0,728.087,16.974,18.539,3,idle,0,96,96,0,0
2026-08-27T14:24:51+0800,118.742,68.352,26.402,temp=58.0'C,throttled=0x0,15.0,1.998,123.428,154.114,441.614,0,479.743,57.771,96.691,95.25,117.613,158.99,192.333,9.915,124.217,40.0,,64.694,69.379,726.0,728.087,16.974,18.539,3,idle,0,96,96,0,0
2026-08-27T14:24:52+0800,121.546,68.348,26.402,temp=58.0'C,throttled=0x0,15.0,1.997,123.428,154.114,433.688,0,479.743,58.642,96.691,95.212,116.916,158.99,192.333,9.946,124.076,40.0,,64.694,69.379,726.0,728.087,16.974,18.539,3,idle,0,96,96,0,0
2026-08-27T14:24:53+0800,121.887,68.391,26.402,temp=58.5'C,throttled=0x0,15.0,1.997,123.428,154.114,22.958,0,479.743,57.273,95.118,95.164,116.916,158.99,192.333,9.971,124.076,40.0,,64.694,69.379,726.0,728.087,16.974,18.539,3,idle,0,96,96,0,0
2026-08-27T14:24:54+0800,121.791,68.383,26.402,temp=58.0'C,throttled=0x0,15.0,1.997,123.428,154.114,503.368,0,480.539,57.13,95.118,94.988,116.687,158.99,192.333,9.997,122.952,40.0,,64.694,69.379,726.0,728.087,16.974,18.539,3,idle,0,96,96,0,0
2026-08-27T14:24:55+0800,119.977,68.23,26.402,temp=58.5'C,throttled=0x0,15.0,1.997,123.686,154.114,498.042,0,480.539,56.058,96.691,95.136,116.687,158.99,192.333,10.022,122.811,40.0,,64.694,69.379,726.0,728.087,16.974,18.539,3,idle,0,96,96,0,0
2026-08-27T14:24:56+0800,119.379,68.324,26.402,temp=58.0'C,throttled=0x0,15.0,1.997,123.686,154.114,67.281,0,479.743,57.771,96.691,95.164,116.687,158.99,192.333,10.031,122.511,40.0,,64.694,69.379,726.0,728.087,16.974,18.539,3,idle,0,96,96,0,0
2026-08-27T14:24:57+0800,121.05,68.352,26.402,temp=58.5'C,throttled=0x0,15.0,1.998,124.214,154.114,49.619,0,476.615,57.771,96.504,95.136,116.687,158.99,192.333,10.033,122.511,40.0,,64.694,69.379,726.0,728.087,16.974,18.539,3,idle,0,96,96,0,0
2026-08-27T14:24:58+0800,119.139,68.379,26.402,temp=59.1'C,throttled=0x0,15.0,1.997,124.214,154.114,116.802,0,474.549,56.058,96.504,94.908,115.399,158.99,192.333,10.045,122.463,40.0,,64.694,69.379,726.0,728.087,16.974,18.539,3,idle,0,96,96,0,0
2026-08-27T14:24:59+0800,119.579,68.449,26.402,temp=58.5'C,throttled=0x0,15.0,1.997,124.214,154.114,84.788,0,479.743,56.021,96.504,94.86,114.516,158.99,192.333,10.052,122.463,40.0,,64.694,69.379,726.0,728.087,16.974,18.539,3,idle,0,96,96,0,0
2026-08-27T14:25:00+0800,115.028,68.328,26.402,temp=58.5'C,throttled=0x0,15.0,1.997,124.214,154.114,118.726,0,479.743,55.072,95.118,94.688,114.516,158.99,192.333,10.062,122.463,40.0,,64.694,69.379,726.0,728.087,16.974,18.539,3,idle,0,96,96,0,0
2026-08-27T14:25:01+0800,117.965,68.348,26.402,temp=58.0'C,throttled=0x0,15.0,1.997,124.214,154.541,143.792,0,474.549,55.072,95.118,94.58,114.516,158.99,192.333,10.08,122.463,40.0,,64.694,69.379,726.0,728.087,16.974,18.539,3,idle,0,96,96,0,0
2026-08-27T14:25:02+0800,113.198,68.418,26.402,temp=58.0'C,throttled=0x0,15.0,1.997,124.214,154.541,162.291,0,474.549,54.679,93.228,94.337,113.954,158.99,192.333,10.107,121.303,40.0,,64.694,69.379,726.0,728.087,16.974,18.539,3,idle,0,96,96,0,0
2026-08-27T14:25:03+0800,109.261,68.441,26.402,temp=59.1'C,throttled=0x0,15.0,1.997,124.214,154.963,159.426,0,468.486,54.679,93.228,94.337,113.938,158.99,192.333,10.09,122.463,40.0,,64.694,69.379,726.0,728.087,16.974,18.539,3,playing,0,97,96,0,0
2026-08-27T14:25:04+0800,112.986,68.461,26.402,temp=58.0'C,throttled=0x0,15.0,1.997,124.214,154.963,164.266,0,474.549,54.679,93.228,94.189,113.938,158.99,192.333,10.089,122.511,40.0,,64.694,69.379,726.0,728.087,16.974,18.539,3,playing,0,97,96,0,0
2026-08-27T14:25:05+0800,113.245,68.355,26.402,temp=58.0'C,throttled=0x0,15.0,1.998,124.214,154.963,448.936,0,474.549,54.679,93.228,94.189,113.938,158.99,192.333,10.084,122.511,40.0,,64.694,69.379,726.0,728.087,16.974,18.539,3,playing,0,97,96,0,0
2026-08-27T14:25:06+0800,116.167,68.242,26.402,temp=58.0'C,throttled=0x0,15.0,1.997,124.214,154.963,448.936,0,474.549,54.679,93.228,94.189,113.938,158.99,192.333,10.075,122.897,40.0,,64.694,69.379,726.0,728.087,16.974,18.539,3,playing,0,97,96,0,0
2026-08-27T14:25:07+0800,117.758,68.422,26.402,temp=58.0'C,throttled=0x0,15.0,1.997,124.214,154.963,257.524,0,474.549,54.679,93.228,94.189,113.938,148.413,192.333,10.053,123.229,40.0,,64.694,69.379,726.0,728.087,16.974,18.539,3,idle,0,97,97,0,0
2026-08-27T14:25:08+0800,123.716,68.449,26.402,temp=57.5'C,throttled=0x0,15.0,1.997,124.214,154.963,221.637,0,468.486,55.072,94.089,94.189,115.399,148.413,192.333,10.0,124.224,40.0,,64.694,69.379,726.0,728.087,16.974,18.539,3,idle,0,97,97,0,0
2026-08-27T14:25:09+0800,125.812,68.371,26.402,temp=58.0'C,throttled=0x0,15.0,1.997,124.214,154.963,297.471,0,469.39,55.072,92.286,94.189,115.399,148.413,192.333,9.926,125.04,40.0,,64.694,69.379,726.0,728.087,16.974,18.539,3,idle,0,97,97,0,0
2026-08-27T14:25:10+0800,124.952,68.246,26.402,temp=58.0'C,throttled=0x0,15.0,1.997,124.214,154.963,277.741,0,469.39,54.679,92.196,94.189,113.938,148.413,192.333,9.875,125.615,40.0,,64.694,69.379,726.0,728.087,16.974,18.539,3,idle,0,97,97,0,0
2026-08-27T14:25:11+0800,123.825,68.461,26.402,temp=58.0'C,throttled=0x0,15.0,1.998,124.214,154.541,267.359,0,469.39,53.55,92.196,94.189,113.938,148.413,192.333,9.842,125.615,40.0,,64.694,69.379,726.0,728.087,16.974,18.539,3,idle,0,97,97,0,0
2026-08-27T14:25:12+0800,117.12,68.277,26.402,temp=58.0'C,throttled=0x0,15.0,1.997,124.214,154.541,367.782,0,469.39,53.18,92.196,94.189,113.938,148.413,192.333,9.867,125.615,40.0,,64.694,69.379,726.0,728.087,16.974,18.539,3,idle,0,97,97,0,0
2026-08-27T14:25:13+0800,120.988,68.363,26.402,temp=58.0'C,throttled=0x0,15.0,1.997,124.214,154.541,356.958,0,472.32,53.18,91.594,94.337,113.938,148.413,192.333,9.888,125.04,40.0,,64.694,69.379,726.0,728.087,16.974,18.539,3,idle,0,97,97,0,0
2026-08-27T14:25:14+0800,118.523,68.984,26.402,temp=58.0'C,throttled=0x0,15.0,1.997,123.686,154.541,414.921,0,469.39,52.792,91.594,94.037,113.938,148.413,192.333,9.895,124.313,40.0,,64.694,69.379,726.0,728.087,16.974,18.539,3,idle,0,97,97,0,0
2026-08-27T14:25:15+0800,125.734,71.418,26.402,temp=58.5'C,throttled=0x0,15.0,1.997,123.686,154.541,409.493,0,464.078,51.862,91.594,94.037,113.938,148.413,192.333,9.89,125.04,40.0,,64.694,69.379,726.0,728.087,16.974,18.539,3,idle,0,97,97,0,0
2026-08-27T14:25:16+0800,128.032,71.203,26.402,temp=58.0'C,throttled=0x0,15.0,1.997,123.686,154.541,468.512,0,468.512,51.781,91.594,94.037,113.938,148.413,192.333,9.895,125.04,40.0,,64.694,69.379,726.0,728.087,16.974,18.539,3,idle,0,97,97,0,0
2026-08-27T14:25:18+0800,123.302,68.352,26.402,temp=58.0'C,throttled=0x0,15.0,1.997,124.243,154.963,449.604,0,460.862,51.781,91.594,93.972,113.938,148.413,192.333,9.902,125.04,40.0,,64.694,69.379,726.0,728.087,16.974,18.539,3,idle,0,97,97,0,0
2026-08-27T14:25:19+0800,125.88,68.391,26.402,temp=58.0'C,throttled=0x0,15.0,1.997,124.243,155.229,20.257,0,460.862,51.781,91.594,93.912,112.806,148.413,192.333,9.866,125.615,40.0,,64.694,69.379,726.0,728.087,16.974,18.539,3,idle,0,97,97,0,0
2026-08-27T14:25:20+0800,127.695,68.305,26.402,temp=58.0'C,throttled=0x0,15.0,1.997,125.174,155.229,10.338,0,460.862,51.413,90.381,93.912,113.954,148.413,192.333,9.785,127.423,40.0,,64.694,69.379,726.0,728.087,16.974,18.539,3,idle,0,97,97,0,0
2026-08-27T14:25:21+0800,127.874,68.406,26.402,temp=58.5'C,throttled=0x0,15.0,1.997,125.174,155.229,21.57,0,460.862,50.943,90.381,93.912,115.502,148.413,192.333,9.717,130.513,40.0,,64.694,69.379,726.0,728.087,16.974,18.539,3,idle,0,97,97,0,0
2026-08-27T14:25:22+0800,128.895,68.418,26.402,temp=58.0'C,throttled=0x0,15.0,1.997,124.407,155.229,494.769,0,464.078,50.792,87.899,93.972,115.759,148.413,192.333,9.646,132.721,40.0,,64.694,69.379,726.0,728.087,16.974,18.539,3,idle,0,97,97,0,0
2026-08-27T14:25:23+0800,122.506,68.465,26.402,temp=59.1'C,throttled=0x0,15.0,1.997,124.243,155.229,53.228,0,464.078,51.413,90.381,93.912,116.073,148.413,192.333,9.569,138.857,40.0,,64.694,69.379,726.0,728.087,16.974,18.539,3,playing,0,98,97,0,0
2026-08-27T14:25:24+0800,119.734,68.367,26.402,temp=59.1'C,throttled=0x0,15.0,1.997,124.243,155.229,77.275,0,460.862,50.943,90.381,93.912,116.073,148.413,192.333,9.525,139.468,40.0,,64.694,69.379,726.0,728.087,16.974,18.539,3,playing,0,98,97,0,0
2026-08-27T14:25:25+0800,120.564,68.457,26.402,temp=59.1'C,throttled=0x0,15.0,1.997,124.243,155.229,112.638,0,459.941,50.791,90.381,94.189,116.073,148.413,192.333,9.505,139.468,40.0,,64.694,69.379,726.0,728.087,16.974,18.539,3,playing,0,98,97,0,0
2026-08-27T14:25:26+0800,118.979,68.492,26.402,temp=58.5'C,throttled=0x0,15.0,1.998,124.243,155.229,158.431,0,454.805,50.791,90.381,94.337,116.073,148.413,192.333,9.482,139.468,40.0,,64.694,69.379,726.0,728.087,16.974,18.539,3,playing,0,98,97,0,0
2026-08-27T14:25:27+0800,122.481,68.551,26.402,temp=58.5'C,throttled=0x0,15.0,1.997,124.243,155.229,108.232,0,459.672,50.315,90.381,94.415,116.073,148.413,192.333,9.451,139.468,40.0,,64.694,69.379,726.0,728.087,16.974,18.539,3,playing,0,98,97,0,0
2026-08-27T14:25:28+0800,120.8,68.504,26.402,temp=58.0'C,throttled=0x0,15.0,1.997,124.243,155.229,164.335,0,459.672,50.222,90.381,94.58,116.073,148.413,192.333,9.412,139.468,40.0,,64.694,69.379,726.0,728.087,16.974,18.539,3,playing,0,98,97,0,0
2026-08-27T14:25:29+0800,122.047,68.473,26.402,temp=58.0'C,throttled=0x0,15.0,1.997,124.214,155.229,184.595,0,459.941,50.222,91.594,94.58,116.073,148.413,192.333,9.376,139.468,40.0,,64.694,69.379,726.0,728.087,16.974,18.539,3,idle,0,98,98,0,0
2026-08-27T14:25:30+0800,120.831,68.484,26.402,temp=58.5'C,throttled=0x0,15.0,1.997,124.214,154.963,186.522,0,460.862,50.222,91.594,94.58,116.073,148.413,192.333,9.346,139.468,40.0,,64.694,69.379,726.0,728.087,16.974,18.539,3,idle,0,98,98,0,0
2026-08-27T14:25:31+0800,123.934,68.551,26.402,temp=58.5'C,throttled=0x0,15.0,1.997,124.214,154.963,197.726,0,460.862,50.107,91.594,94.415,116.073,148.413,192.333,9.354,139.468,40.0,,64.694,69.379,726.0,728.087,16.974,18.539,3,idle,0,98,98,0,0
2026-08-27T14:25:32+0800,124.609,68.539,26.402,temp=58.5'C,throttled=0x0,15.0,1.997,124.214,154.963,192.614,0,460.862,50.107,91.594,94.376,116.073,148.413,192.333,9.345,139.468,40.0,,64.694,69.379,726.0,728.087,16.974,18.539,3,idle,0,98,98,0,0
2026-08-27T14:25:33+0800,123.719,68.461,26.402,temp=58.0'C,throttled=0x0,15.0,1.997,124.214,155.229,241.36,0,459.672,50.155,91.594,94.337,116.073,148.413,192.333,9.324,139.468,40.0,,64.694,69.379,726.0,728.087,16.974,18.539,3,idle,0,98,98,0,0
2026-08-27T14:25:34+0800,120.848,68.52,26.402,temp=58.0'C,throttled=0x0,15.0,1.997,124.214,155.229,256.332,0,459.672,50.315,91.594,94.337,116.073,148.413,192.333,9.317,139.468,40.0,,64.694,69.379,726.0,728.087,16.974,18.539,3,idle,0,98,98,0,0
2026-08-27T14:25:35+0800,122.701,68.535,26.402,temp=58.0'C,throttled=0x0,15.0,1.997,124.214,155.229,250.437,0,459.672,50.792,91.594,94.376,116.073,148.413,192.333,9.339,139.468,40.0,,64.694,69.379,726.0,728.087,16.974,18.539,3,idle,0,98,98,0,0
2026-08-27T14:25:36+0800,119.998,68.492,26.402,temp=58.5'C,throttled=0x0,15.0,1.997,124.214,155.229,247.849,0,453.759,50.943,91.594,94.376,116.073,148.413,192.333,9.411,138.857,40.0,,64.694,69.379,726.0,728.087,16.974,18.539,3,idle,0,98,98,0,0
2026-08-27T14:25:37+0800,124.81,68.559,26.402,temp=58.0'C,throttled=0x0,15.0,1.997,124.243,155.517,246.846,0,461.687,51.413,91.594,94.376,116.073,148.413,192.333,9.48,138.404,40.0,,64.694,69.379,726.0,728.087,16.974,18.539,3,idle,0,98,98,0,0
2026-08-27T14:25:38+0800,121.591,68.438,26.402,temp=58.5'C,throttled=0x0,15.0,1.997,124.243,155.517,255.431,0,462.636,51.413,91.594,94.337,116.073,148.413,192.333,9.562,132.721,40.0,,64.694,69.379,726.0,728.087,16.974,18.539,3,idle,0,98,98,0,0
2026-08-27T14:25:39+0800,121.219,68.547,26.402,temp=58.0'C,throttled=0x0,15.0,1.997,124.243,155.517,346.321,0,468.031,51.862,91.594,94.112,116.073,148.413,192.333,9.589,129.953,40.0,,64.694,69.379,726.0,728.087,16.974,18.539,3,idle,0,98,98,0,0
2026-08-27T14:25:40+0800,114.096,68.582,26.402,temp=58.5'C,throttled=0x0,15.0,1.997,123.686,155.517,344.913,0,462.636,52.792,91.594,94.112,116.073,148.413,192.333,9.588,129.953,40.0,,64.694,69.379,726.0,728.087,16.974,18.539,3,idle,0,98,98,0,0
2026-08-27T14:25:41+0800,127.241,68.977,26.402,temp=58.5'C,throttled=0x0,15.0,1.997,123.686,155.517,307.046,0,468.031,52.792,91.605,94.189,116.916,148.413,192.333,9.51,130.117,40.0,,64.694,69.379,726.0,728.087,16.974,18.539,3,idle,0,98,98,0,0
2026-08-27T14:25:42+0800,133.922,71.555,26.402,temp=58.0'C,throttled=0x0,15.0,1.997,123.686,155.229,315.191,0,468.031,53.228,91.605,94.337,116.916,148.413,192.333,9.437,133.41,40.0,,64.694,69.379,726.0,728.087,16.974,18.539,3,idle,0,98,98,0,0
2026-08-27T14:25:43+0800,134.718,71.418,26.402,temp=58.0'C,throttled=0x0,15.0,1.997,123.686,155.229,477.106,0,468.512,53.228,91.605,94.337,116.916,148.413,192.333,9.344,138.404,40.0,,64.694,69.379,726.0,728.087,16.974,18.539,3,idle,0,98,98,0,0
2026-08-27T14:25:44+0800,126.47,71.453,26.402,temp=59.1'C,throttled=0x0,15.0,1.997,123.686,155.229,477.106,0,468.512,53.228,91.605,94.337,116.916,148.413,192.333,9.256,138.857,40.0,,64.694,69.379,726.0,728.087,16.974,18.539,3,playing,0,99,98,0,0
2026-08-27T14:25:45+0800,121.802,68.52,26.402,temp=58.5'C,throttled=0x0,15.0,1.997,123.422,155.229,477.106,0,468.512,53.228,91.605,94.337,116.916,148.413,192.333,9.22,139.468,40.0,,64.694,69.379,726.0,728.087,16.974,18.539,3,playing,0,99,98,0,0
2026-08-27T14:25:46+0800,125.358,68.527,26.402,temp=58.0'C,throttled=0x0,15.0,1.997,123.686,155.229,450.893,0,468.031,53.228,91.605,94.376,116.916,158.99,193.427,9.167,140.071,40.0,,64.694,69.379,726.0,728.087,16.974,18.539,3,playing,0,99,98,0,0
2026-08-27T14:25:47+0800,124.0,68.59,26.402,temp=58.5'C,throttled=0x0,15.0,1.997,123.686,155.229,450.893,0,468.031,53.228,91.605,94.376,116.916,158.99,193.427,9.196,139.468,40.0,,64.694,69.379,726.0,728.087,16.974,18.539,3,playing,0,99,98,0,0
2026-08-27T14:25:48+0800,123.778,68.422,26.402,temp=58.5'C,throttled=0x0,15.0,1.997,123.686,155.229,450.893,0,468.031,53.228,91.605,94.376,116.916,158.99,193.427,9.236,138.857,40.0,,64.694,69.379,726.0,728.087,16.974,18.539,3,playing,0,99,98,0,0
2026-08-27T14:25:49+0800,121.052,68.48,26.402,temp=58.5'C,throttled=0x0,15.0,1.997,123.686,155.229,450.893,0,468.031,53.228,91.605,94.376,116.916,158.99,193.427,9.318,136.817,40.0,,64.694,69.379,726.0,728.087,16.974,18.539,3,playing,0,99,98,0,0
2026-08-27T14:25:50+0800,120.001,68.465,26.402,temp=58.5'C,throttled=0x0,15.0,1.997,123.686,155.229,450.893,0,468.031,53.228,91.605,94.376,116.916,158.99,193.427,9.36,135.979,40.0,,64.694,69.379,726.0,728.087,16.974,18.539,3,playing,0,99,98,0,0
2026-08-27T14:25:51+0800,120.983,68.496,26.402,temp=58.5'C,throttled=0x0,15.0,1.997,123.686,155.229,450.893,0,468.031,53.228,91.605,94.376,116.916,158.99,193.427,9.382,134.394,40.0,,64.694,69.379,726.0,728.087,16.974,18.539,3,playing,0,99,98,0,0
2026-08-27T14:25:52+0800,121.74,68.82,26.402,temp=58.5'C,throttled=0x0,15.0,1.997,123.686,155.229,450.893,0,468.031,53.228,91.605,94.376,116.916,158.99,193.427,9.373,134.394,40.0,,64.694,69.379,726.0,728.087,16.974,18.539,3,playing,0,99,98,0,0
2026-08-27T14:25:53+0800,119.763,69.305,26.402,temp=59.1'C,throttled=0x0,15.0,1.997,123.686,155.229,450.893,0,468.031,53.228,91.605,94.376,116.916,158.99,193.427,9.386,133.479,40.0,,64.694,69.379,726.0,728.087,16.974,18.539,3,playing,0,99,98,0,0
2026-08-27T14:25:54+0800,122.995,69.543,26.402,temp=58.0'C,throttled=0x0,15.0,1.997,123.686,155.229,450.893,0,468.031,53.228,91.605,94.376,116.916,158.99,193.427,9.389,135.979,40.0,,64.694,69.379,726.0,728.087,16.974,18.539,3,playing,0,99,98,0,0
2026-08-27T14:25:55+0800,122.883,66.223,26.402,temp=58.0'C,throttled=0x0,15.0,1.997,123.686,155.229,450.893,0,468.031,53.228,91.605,94.376,116.916,158.99,193.427,9.409,135.979,40.0,,64.694,69.379,726.0,728.087,16.974,18.539,3,idle,0,99,99,0,0
2026-08-27T14:25:56+0800,122.846,66.109,26.402,temp=58.0'C,throttled=0x0,15.0,1.997,123.686,155.229,450.893,0,468.031,53.228,91.605,94.376,116.916,158.99,193.427,9.425,135.979,40.0,,64.694,69.379,726.0,728.087,16.974,18.539,3,idle,0,99,99,0,0
2026-08-27T14:25:57+0800,120.967,66.215,26.402,temp=58.0'C,throttled=0x0,15.0,1.997,123.686,155.229,450.893,0,468.031,53.228,91.605,94.376,116.916,158.99,193.427,9.455,135.979,40.0,,64.694,69.379,726.0,728.087,16.974,18.539,3,idle,0,99,99,0,0
2026-08-27T14:25:58+0800,123.922,66.07,26.402,temp=58.0'C,throttled=0x0,15.0,1.997,123.686,155.229,450.893,0,468.031,53.228,91.605,94.376,116.916,158.99,193.427,9.447,135.979,40.0,,64.694,69.379,726.0,728.087,16.974,18.539,3,idle,0,99,99,0,0
2026-08-27T14:25:59+0800,120.97,66.164,26.402,temp=58.0'C,throttled=0x0,15.0,1.997,123.686,155.229,450.893,0,468.031,53.228,91.605,94.376,116.916,158.99,193.427,9.475,135.979,40.0,,64.694,69.379,726.0,728.087,16.974,18.539,3,idle,0,99,99,0,0
2026-08-27T14:26:00+0800,123.042,66.129,26.402,temp=58.0'C,throttled=0x0,15.0,1.997,123.686,155.229,450.893,0,468.031,53.228,91.605,94.376,116.916,158.99,193.427,9.493,135.979,40.0,,64.694,69.379,726.0,728.087,16.974,18.539,3,idle,0,99,99,0,0
2026-08-27T14:26:01+0800,123.892,66.234,26.402,temp=58.0'C,throttled=0x0,15.0,1.997,123.686,155.229,450.893,0,468.031,53.228,91.605,94.376,116.916,158.99,193.427,9.506,135.979,40.0,,64.694,69.379,726.0,728.087,16.974,18.539,3,idle,0,99,99,0,0
2026-08-27T14:26:02+0800,119.985,66.215,26.402,temp=58.0'C,throttled=0x0,15.0,1.997,123.686,155.229,450.893,0,468.031,53.228,91.605,94.376,116.916,158.99,193.427,9.532,135.979,40.0,,64.694,69.379,726.0,728.087,16.974,18.539,3,idle,0,99,99,0,0
2026-08-27T14:26:03+0800,122.605,66.148,26.402,temp=58.0'C,throttled=0x0,15.0,1.997,123.686,155.229,450.893,0,468.031,53.228,91.605,94.376,116.916,158.99,193.427,9.558,135.979,40.0,,64.694,69.379,726.0,728.087,16.974,18.539,3,idle,0,99,99,0,0
2026-08-27T14:26:04+0800,121.032,66.172,26.402,temp=58.0'C,throttled=0x0,15.0,1.997,123.686,155.229,450.893,0,468.031,53.228,91.605,94.376,116.916,158.99,193.427,9.552,135.979,40.0,,64.694,69.379,726.0,728.087,16.974,18.539,3,idle,0,99,99,0,0
2026-08-27T14:26:05+0800,123.706,66.191,26.402,temp=58.0'C,throttled=0x0,15.0,1.997,123.686,155.229,450.893,0,468.031,53.228,91.605,94.376,116.916,158.99,193.427,9.567,135.979,40.0,,64.694,69.379,726.0,728.087,16.974,18.539,3,idle,0,99,99,0,0
2026-08-27T14:26:07+0800,124.823,69.176,26.402,temp=58.5'C,throttled=0x0,15.0,1.997,123.686,155.229,450.893,0,468.031,53.228,91.605,94.376,116.916,158.99,193.427,9.574,135.979,40.0,,64.694,69.379,726.0,728.087,16.974,18.539,3,idle,0,99,99,0,0
2026-08-27T14:26:08+0800,129.434,69.066,26.402,temp=58.0'C,throttled=0x0,15.0,1.997,123.686,155.229,450.893,0,468.031,53.228,91.605,94.376,116.916,158.99,193.427,9.655,135.979,40.0,,64.694,69.379,726.0,728.087,16.974,18.539,3,idle,0,99,99,0,0
2026-08-27T14:26:09+0800,124.431,66.199,26.402,temp=58.0'C,throttled=0x0,15.0,1.997,123.686,155.229,450.893,0,468.031,53.228,91.605,94.376,116.916,158.99,193.427,9.766,130.873,40.0,,64.694,69.379,726.0,728.087,16.974,18.539,3,idle,0,99,99,0,0
2026-08-27T14:26:10+0800,118.44,66.121,26.402,temp=58.5'C,throttled=0x0,15.0,1.998,123.686,155.229,450.893,0,468.031,53.228,91.605,94.376,116.916,158.99,193.427,9.911,125.131,40.0,,64.694,69.379,726.0,728.087,16.974,18.539,3,idle,0,99,99,0,0
2026-08-27T14:26:11+0800,117.924,66.211,26.402,temp=59.1'C,throttled=0x0,15.0,1.997,123.686,155.229,450.893,0,468.031,53.228,91.605,94.376,116.916,158.99,193.427,9.935,125.131,40.0,,64.694,69.379,726.0,728.087,16.974,18.539,3,playing,0,100,99,0,0
2026-08-27T14:26:12+0800,120.836,66.273,26.402,temp=58.5'C,throttled=0x0,15.0,1.997,123.686,155.229,450.893,0,468.031,53.228,91.605,94.376,116.916,158.99,193.427,9.984,124.749,40.0,,64.694,69.379,726.0,728.087,16.974,18.539,3,playing,0,100,99,0,0
2026-08-27T14:26:13+0800,122.983,66.684,26.402,temp=59.1'C,throttled=0x0,15.0,1.998,123.686,155.229,450.893,0,468.031,53.228,91.605,94.376,116.916,158.99,193.427,10.038,124.457,40.0,,64.694,69.379,726.0,728.087,16.974,18.539,3,playing,0,100,99,0,0
2026-08-27T14:26:14+0800,122.574,66.883,26.402,temp=58.5'C,throttled=0x0,15.0,1.998,123.686,155.229,450.893,0,468.031,53.228,91.605,94.376,116.916,158.99,193.427,10.06,123.094,40.0,,64.694,69.379,726.0,728.087,16.974,18.539,3,playing,0,100,99,0,0
2026-08-27T14:26:15+0800,122.032,67.336,26.402,temp=58.0'C,throttled=0x0,15.0,1.997,123.686,155.229,450.893,0,468.031,53.228,91.605,94.376,116.916,158.99,193.427,10.054,123.094,40.0,,64.694,69.379,726.0,728.087,16.974,18.539,3,playing,0,100,99,0,0
2026-08-27T14:26:16+0800,121.669,67.797,26.402,temp=58.5'C,throttled=0x0,15.0,1.997,123.686,155.229,450.893,0,468.031,53.228,91.605,94.376,116.916,158.99,193.427,10.064,123.094,40.0,,64.694,69.379,726.0,728.087,16.974,18.539,3,playing,0,100,99,0,0
2026-08-27T14:26:17+0800,122.791,68.102,26.402,temp=58.0'C,throttled=0x0,15.0,1.997,123.686,155.229,450.893,0,468.031,53.228,91.605,94.376,116.916,158.99,193.427,10.067,123.094,40.0,,64.694,69.379,726.0,728.087,16.974,18.539,3,idle,0,100,100,0,0
2026-08-27T14:26:18+0800,123.903,68.082,26.402,temp=58.0'C,throttled=0x0,15.0,1.997,123.686,155.229,450.893,0,468.031,53.228,91.605,94.376,116.916,158.99,193.427,10.101,123.091,40.0,,64.694,69.379,726.0,728.087,16.974,18.539,3,idle,0,100,100,0,0
2026-08-27T14:26:19+0800,123.802,68.09,26.402,temp=58.0'C,throttled=0x0,15.0,1.997,123.686,155.229,450.893,0,468.031,53.228,91.605,94.376,116.916,158.99,193.427,10.119,122.469,40.0,,64.694,69.379,726.0,728.087,16.974,18.539,3,idle,0,100,100,0,0
2026-08-27T14:26:20+0800,123.996,68.191,26.402,temp=58.0'C,throttled=0x0,15.0,1.997,123.686,155.229,450.893,0,468.031,53.228,91.605,94.376,116.916,158.99,193.427,10.159,121.66,40.0,,64.694,69.379,726.0,728.087,16.974,18.539,3,idle,0,100,100,0,0
2026-08-27T14:26:21+0800,120.035,68.102,26.402,temp=58.0'C,throttled=0x0,15.0,1.997,123.686,155.229,450.893,0,468.031,53.228,91.605,94.376,116.916,158.99,193.427,10.182,121.729,40.0,,64.694,69.379,726.0,728.087,16.974,18.539,3,idle,0,100,100,0,0
2026-08-27T14:26:22+0800,119.149,68.152,26.402,temp=58.0'C,throttled=0x0,15.0,1.997,123.686,155.229,450.893,0,468.031,53.228,91.605,94.376,116.916,158.99,193.427,10.185,121.729,40.0,,64.694,69.379,726.0,728.087,16.974,18.539,3,idle,0,100,100,0,0
2026-08-27T14:26:23+0800,121.002,68.109,26.402,temp=58.0'C,throttled=0x0,15.0,1.997,123.686,155.229,450.893,0,468.031,53.228,91.605,94.376,116.916,158.99,193.427,10.21,121.66,40.0,,64.694,69.379,726.0,728.087,16.974,18.539,3,idle,0,100,100,0,0
2026-08-27T14:26:24+0800,121.859,68.07,26.402,temp=58.0'C,throttled=0x0,15.0,1.997,123.686,155.229,450.893,0,468.031,53.228,91.605,94.376,116.916,158.99,193.427,10.201,121.729,40.0,,64.694,69.379,726.0,728.087,16.974,18.539,3,idle,0,100,100,0,0
2026-08-27T14:26:25+0800,120.554,68.098,26.402,temp=58.0'C,throttled=0x0,15.0,1.998,123.686,155.229,450.893,0,468.031,53.228,91.605,94.376,116.916,158.99,193.427,10.206,121.66,40.0,,64.694,69.379,726.0,728.087,16.974,18.539,3,idle,0,100,100,0,0
2026-08-27T14:26:26+0800,119.706,68.035,26.402,temp=58.0'C,throttled=0x0,15.0,1.997,123.686,155.229,450.893,0,468.031,53.228,91.605,94.376,116.916,158.99,193.427,10.21,121.66,40.0,,64.694,69.379,726.0,728.087,16.974,18.539,3,idle,0,100,100,0,0
2026-08-27T14:26:27+0800,123.627,68.008,26.402,temp=58.5'C,throttled=0x0,15.0,1.997,123.686,155.229,450.893,0,468.031,53.228,91.605,94.376,116.916,158.99,193.427,10.198,121.729,40.0,,64.694,69.379,726.0,728.087,16.974,18.539,3,idle,0,100,100,0,0
2026-08-27T14:26:28+0800,120.619,68.043,26.402,temp=58.0'C,throttled=0x0,15.0,1.997,123.686,155.229,450.893,0,468.031,53.228,91.605,94.376,116.916,158.99,193.427,10.192,121.843,40.0,,64.694,69.379,726.0,728.087,16.974,18.539,3,idle,0,100,100,0,0
2026-08-27T14:26:29+0800,123.035,68.105,26.402,temp=58.0'C,throttled=0x0,15.0,1.998,123.686,155.229,450.893,0,468.031,53.228,91.605,94.376,116.916,158.99,193.427,10.203,121.66,40.0,,64.694,69.379,726.0,728.087,16.974,18.539,3,idle,0,100,100,0,0
2026-08-27T14:26:30+0800,122.901,68.199,26.402,temp=58.0'C,throttled=0x0,15.0,1.997,123.686,155.229,450.893,0,468.031,53.228,91.605,94.376,116.916,158.99,193.427,10.205,121.66,40.0,,64.694,69.379,726.0,728.087,16.974,18.539,3,idle,0,100,100,0,0
2026-08-27T14:26:31+0800,125.021,71.066,26.402,temp=58.0'C,throttled=0x0,15.0,1.997,123.686,155.229,450.893,0,468.031,53.228,91.605,94.376,116.916,158.99,193.427,10.212,121.577,40.0,,64.694,69.379,726.0,728.087,16.974,18.539,3,idle,0,100,100,0,0
2026-08-27T14:26:32+0800,127.482,71.102,26.402,temp=58.5'C,throttled=0x0,15.0,1.997,123.686,155.229,450.893,0,468.031,53.228,91.605,94.376,116.916,158.99,193.427,10.214,121.66,40.0,,64.694,69.379,726.0,728.087,16.974,18.539,3,playing,0,101,100,0,0
2026-08-27T14:26:33+0800,125.463,68.121,26.402,temp=59.1'C,throttled=0x0,15.0,1.997,123.686,155.229,450.893,0,468.031,53.228,91.605,94.376,116.916,158.99,193.427,10.188,121.729,40.0,,64.694,69.379,726.0,728.087,16.974,18.539,3,playing,0,101,100,0,0
2026-08-27T14:26:34+0800,119.908,67.953,26.402,temp=58.5'C,throttled=0x0,15.0,1.997,123.686,155.229,450.893,0,468.031,53.228,91.605,94.376,116.916,158.99,193.427,10.159,121.843,40.0,,64.694,69.379,726.0,728.087,16.974,18.539,3,playing,0,101,100,0,0
2026-08-27T14:26:35+0800,120.872,68.117,26.402,temp=58.5'C,throttled=0x0,15.0,1.997,123.686,155.229,450.893,0,468.031,53.228,91.605,94.376,116.916,158.99,193.427,10.141,121.843,40.0,,64.694,69.379,726.0,728.087,16.974,18.539,3,playing,0,101,100,0,0
2026-08-27T14:26:36+0800,123.03,68.07,26.402,temp=58.5'C,throttled=0x0,15.0,1.997,123.686,155.229,450.893,0,468.031,53.228,91.605,94.376,116.916,158.99,193.427,10.184,121.66,40.0,,64.694,69.379,726.0,728.087,16.974,18.539,3,playing,0,101,100,0,0
2026-08-27T14:26:37+0800,119.145,68.129,26.402,temp=58.0'C,throttled=0x0,15.0,1.997,123.686,155.229,450.893,0,468.031,53.228,91.605,94.376,116.916,158.99,193.427,10.198,121.66,40.0,,64.694,69.379,726.0,728.087,16.974,18.539,3,idle,0,101,101,0,0
2026-08-27T14:26:38+0800,122.295,68.125,26.402,temp=58.5'C,throttled=0x0,15.0,1.997,123.686,155.229,450.893,0,468.031,53.228,91.605,94.376,116.916,158.99,193.427,10.23,121.538,40.0,,64.694,69.379,726.0,728.087,16.974,18.539,3,idle,0,101,101,0,0
2026-08-27T14:26:39+0800,120.628,68.156,26.402,temp=58.0'C,throttled=0x0,15.0,1.997,123.686,155.229,450.893,0,468.031,53.228,91.605,94.376,116.916,158.99,193.427,10.257,121.139,40.0,,64.694,69.379,726.0,728.087,16.974,18.539,3,idle,0,101,101,0,0
2026-08-27T14:26:40+0800,122.976,68.105,26.402,temp=58.0'C,throttled=0x0,15.0,1.997,123.686,155.229,450.893,0,468.031,53.228,91.605,94.376,116.916,158.99,193.427,10.254,121.729,40.0,,64.694,69.379,726.0,728.087,16.974,18.539,3,idle,0,101,101,0,0
2026-08-27T14:26:41+0800,121.3,68.129,26.402,temp=58.0'C,throttled=0x0,15.0,1.997,123.686,155.229,450.893,0,468.031,53.228,91.605,94.376,116.916,158.99,193.427,10.287,121.729,40.0,,64.694,69.379,726.0,728.087,16.974,18.539,3,idle,0,101,101,0,0
2026-08-27T14:26:42+0800,118.769,68.184,26.402,temp=58.0'C,throttled=0x0,15.0,1.997,123.686,155.229,450.893,0,468.031,53.228,91.605,94.376,116.916,158.99,193.427,10.324,121.538,40.0,,64.694,69.379,726.0,728.087,16.974,18.539,3,idle,0,101,101,0,0
2026-08-27T14:26:43+0800,120.432,68.074,26.402,temp=58.5'C,throttled=0x0,15.0,1.998,123.686,155.229,450.893,0,468.031,53.228,91.605,94.376,116.916,158.99,193.427,10.314,121.538,40.0,,64.694,69.379,726.0,728.087,16.974,18.539,3,idle,0,101,101,0,0
2026-08-27T14:26:44+0800,122.891,68.168,26.402,temp=58.0'C,throttled=0x0,15.0,1.997,123.686,155.229,450.893,0,468.031,53.228,91.605,94.376,116.916,158.99,193.427,10.323,121.729,40.0,,64.694,69.379,726.0,728.087,16.974,18.539,3,idle,0,101,101,0,0
2026-08-27T14:26:45+0800,117.455,68.223,26.402,temp=58.0'C,throttled=0x0,15.0,1.997,123.686,155.229,450.893,0,468.031,53.228,91.605,94.376,116.916,158.99,193.427,10.352,120.768,40.0,,64.694,69.379,726.0,728.087,16.974,18.539,3,idle,0,101,101,0,0
2026-08-27T14:26:46+0800,119.023,68.117,26.402,temp=58.0'C,throttled=0x0,15.0,1.997,123.686,155.229,450.893,0,468.031,53.228,91.605,94.376,116.916,158.99,193.427,10.328,120.768,40.0,,64.694,69.379,726.0,728.087,16.974,18.539,3,idle,0,101,101,0,0
2026-08-27T14:26:47+0800,119.73,68.059,26.402,temp=58.0'C,throttled=0x0,15.0,1.998,123.686,155.229,450.893,0,468.031,53.228,91.605,94.376,116.916,158.99,193.427,10.33,120.768,40.0,,64.694,69.379,726.0,728.087,16.974,18.539,3,idle,0,101,101,0,0
2026-08-27T14:26:48+0800,119.037,68.113,26.402,temp=58.5'C,throttled=0x0,15.0,1.997,123.686,155.229,450.893,0,468.031,53.228,91.605,94.376,116.916,158.99,193.427,10.368,120.768,40.0,,64.694,69.379,726.0,728.087,16.974,18.539,3,idle,0,101,101,0,0
2026-08-27T14:26:49+0800,120.02,67.996,26.402,temp=58.0'C,throttled=0x0,15.0,1.997,123.686,155.229,450.893,0,468.031,53.228,91.605,94.376,116.916,158.99,193.427,10.355,120.768,40.0,,64.694,69.379,726.0,728.087,16.974,18.539,3,idle,0,101,101,0,0
2026-08-27T14:26:50+0800,119.897,68.0,26.402,temp=58.0'C,throttled=0x0,15.0,1.997,123.686,155.229,450.893,0,468.031,53.228,91.605,94.376,116.916,158.99,193.427,10.358,119.791,40.0,,64.694,69.379,726.0,728.087,16.974,18.539,3,idle,0,101,101,0,0
2026-08-27T14:26:51+0800,120.824,68.137,26.402,temp=58.0'C,throttled=0x0,15.0,1.997,123.686,155.229,450.893,0,468.031,53.228,91.605,94.376,116.916,158.99,193.427,10.377,119.289,40.0,,64.694,69.379,726.0,728.087,16.974,18.539,3,playing,0,102,101,0,0
2026-08-27T14:26:52+0800,118.014,68.004,26.402,temp=59.1'C,throttled=0x0,15.0,1.997,123.686,155.229,450.893,0,468.031,53.228,91.605,94.376,116.916,158.99,193.427,10.315,119.289,40.0,,64.694,69.379,726.0,728.087,16.974,18.539,3,playing,0,102,101,0,0
2026-08-27T14:26:53+0800,121.009,68.039,26.402,temp=59.1'C,throttled=0x0,15.0,1.997,123.686,155.229,450.893,0,468.031,53.228,91.605,94.376,116.916,158.99,193.427,10.289,119.418,40.0,,64.694,69.379,726.0,728.087,16.974,18.539,3,playing,0,102,101,0,0
2026-08-27T14:26:55+0800,123.171,68.133,26.402,temp=59.1'C,throttled=0x0,15.0,1.997,123.686,155.229,450.893,0,468.031,53.228,91.605,94.376,116.916,158.99,193.427,10.294,119.289,40.0,,64.694,69.379,726.0,728.087,16.974,18.539,3,playing,0,102,101,0,0
2026-08-27T14:26:56+0800,121.686,68.0,26.402,temp=58.0'C,throttled=0x0,15.0,1.997,123.686,155.229,450.893,0,468.031,53.228,91.605,94.376,116.916,158.99,193.427,10.261,119.418,40.0,,64.694,69.379,726.0,728.087,16.974,18.539,3,playing,0,102,101,0,0
2026-08-27T14:26:57+0800,123.692,68.617,26.402,temp=58.5'C,throttled=0x0,15.0,1.997,123.686,155.229,450.893,0,468.031,53.228,91.605,94.376,116.916,158.99,193.427,10.212,119.418,40.0,,64.694,69.379,726.0,728.087,16.974,18.539,3,playing,0,102,101,0,0
2026-08-27T14:26:58+0800,132.219,71.18,26.402,temp=58.0'C,throttled=0x0,15.0,1.997,123.686,155.229,450.893,0,468.031,53.228,91.605,94.376,116.916,158.99,193.427,10.224,119.418,40.0,,64.694,69.379,726.0,728.087,16.974,18.539,3,idle,0,102,102,0,0
2026-08-27T14:26:59+0800,131.847,71.148,26.402,temp=58.5'C,throttled=0x0,15.0,1.997,123.944,155.229,495.22,0,468.031,52.792,91.605,94.575,117.312,158.99,193.427,10.182,120.052,40.0,,64.694,69.379,726.0,728.087,16.974,18.539,3,idle,0,102,102,0,0
2026-08-27T14:27:00+0800,124.277,68.082,26.402,temp=58.0'C,throttled=0x0,15.0,1.998,123.686,155.229,492.023,0,469.217,52.792,91.605,94.633,117.312,158.99,193.427,10.172,121.45,40.0,,64.694,69.379,726.0,728.087,16.974,18.539,3,idle,0,102,102,0,0
2026-08-27T14:27:01+0800,122.953,68.141,26.402,temp=58.5'C,throttled=0x0,15.0,1.997,123.686,155.229,477.71,0,470.423,53.228,92.286,94.575,117.312,158.99,193.427,10.176,121.45,40.0,,64.694,69.379,726.0,728.087,16.974,18.539,3,idle,0,102,102,0,0
2026-08-27T14:27:02+0800,121.953,68.129,26.402,temp=58.5'C,throttled=0x0,15.0,1.998,123.686,155.229,441.978,0,470.423,53.55,92.286,94.415,117.312,158.99,193.427,10.187,121.45,40.0,,64.694,69.379,726.0,728.087,16.974,18.539,3,idle,0,102,102,0,0
2026-08-27T14:27:03+0800,124.629,68.195,26.402,temp=58.5'C,throttled=0x0,15.0,1.997,123.686,155.229,482.09,0,470.423,54.241,92.286,94.633,117.312,158.99,193.427,10.151,121.45,40.0,,64.694,69.379,726.0,728.087,16.974,18.539,3,idle,0,102,102,0,0
2026-08-27T14:27:04+0800,121.058,68.105,26.402,temp=58.0'C,throttled=0x0,15.0,1.998,123.686,155.229,82.029,0,470.994,54.679,93.248,94.633,117.312,158.99,193.427,10.137,121.45,40.0,,64.694,69.379,726.0,728.087,16.974,18.539,3,idle,0,102,102,0,0
2026-08-27T14:27:05+0800,126.519,68.176,26.402,temp=58.0'C,throttled=0x0,15.0,1.997,123.944,155.517,88.878,0,475.9,55.072,93.248,94.688,117.312,158.99,193.427,10.117,121.45,40.0,,64.694,69.379,726.0,728.087,16.974,18.539,3,idle,0,102,102,0,0
2026-08-27T14:27:06+0800,122.473,68.09,26.402,temp=58.5'C,throttled=0x0,15.0,1.997,123.944,155.517,104.678,0,475.9,54.241,93.248,94.768,117.312,158.99,193.427,10.109,120.052,40.0,,64.694,69.379,726.0,728.087,16.974,18.539,3,idle,0,102,102,0,0
2026-08-27T14:27:07+0800,123.936,68.141,26.402,temp=58.0'C,throttled=0x0,15.0,1.997,124.243,155.933,96.699,0,474.625,54.241,93.248,94.768,117.312,158.99,193.427,10.084,121.45,40.0,,64.694,69.379,726.0,728.087,16.974,18.539,3,idle,0,102,102,0,0
2026-08-27T14:27:08+0800,123.87,68.02,26.402,temp=58.0'C,throttled=0x0,15.0,1.998,124.243,156.006,98.001,0,474.625,54.241,93.248,94.768,117.312,158.99,193.427,10.062,122.657,40.0,,64.694,69.379,726.0,728.087,16.974,18.539,3,idle,0,102,102,0,0
2026-08-27T14:27:09+0800,120.937,68.047,26.402,temp=58.5'C,throttled=0x0,15.0,1.998,123.944,156.006,184.178,0,475.9,55.072,93.248,94.744,117.312,158.99,193.427,10.055,122.657,40.0,,64.694,69.379,726.0,728.087,16.974,18.539,3,idle,0,102,102,0,0
2026-08-27T14:27:10+0800,122.189,68.176,26.402,temp=58.0'C,throttled=0x0,15.0,1.998,123.686,156.006,185.238,0,475.9,56.058,93.248,94.744,117.312,158.99,193.427,10.032,121.45,40.0,,64.694,69.379,726.0,728.087,16.974,18.539,3,idle,0,102,102,0,0
2026-08-27T14:27:11+0800,121.891,68.191,26.402,temp=58.5'C,throttled=0x0,15.0,1.998,123.113,155.933,177.404,0,477.71,57.771,93.248,94.744,117.312,158.99,193.427,10.005,121.45,40.0,,64.694,69.379,726.0,728.087,16.974,18.539,3,idle,0,102,102,0,0
2026-08-27T14:27:12+0800,120.054,67.996,26.402,temp=58.0'C,throttled=0x0,15.0,1.997,123.113,155.933,162.211,0,477.71,58.642,93.248,94.744,117.312,158.99,193.427,9.988,121.45,40.0,,64.694,69.379,726.0,728.087,16.974,18.539,3,idle,0,102,102,0,0
2026-08-27T14:27:13+0800,122.338,67.969,26.402,temp=59.1'C,throttled=0x0,15.0,1.997,123.686,155.933,233.553,0,482.09,58.642,92.412,94.744,117.312,158.99,193.427,9.943,125.876,40.0,,64.694,69.379,726.0,728.087,16.974,18.539,3,playing,0,103,102,0,0
2026-08-27T14:27:14+0800,118.479,68.039,26.402,temp=59.1'C,throttled=0x0,15.0,1.998,123.686,155.933,239.309,0,483.918,58.767,93.248,94.744,117.312,158.99,193.427,9.871,127.657,40.0,,64.694,69.379,726.0,728.087,16.974,18.539,3,playing,0,103,102,0,0
2026-08-27T14:27:15+0800,120.966,68.18,26.402,temp=58.5'C,throttled=0x0,15.0,1.998,123.686,155.933,271.156,0,484.396,59.506,93.248,94.688,117.312,158.99,193.427,9.847,126.661,40.0,,64.694,69.379,726.0,728.087,16.974,18.539,3,playing,0,103,102,0,0
2026-08-27T14:27:16+0800,121.891,68.117,26.402,temp=58.5'C,throttled=0x0,15.0,1.998,123.686,155.933,339.667,0,486.751,59.506,94.085,94.688,117.312,158.99,193.427,9.814,126.846,40.0,,64.694,69.379,726.0,728.087,16.974,18.539,3,playing,0,103,102,0,0
2026-08-27T14:27:17+0800,121.708,68.066,26.402,temp=58.0'C,throttled=0x0,15.0,1.998,123.944,155.933,273.18,0,486.751,59.506,94.085,94.688,117.312,158.99,193.427,9.774,126.846,40.0,,64.694,69.379,726.0,728.087,16.974,18.539,3,playing,0,103,102,0,0
2026-08-27T14:27:18+0800,120.12,68.184,26.402,temp=59.1'C,throttled=0x0,15.0,1.998,123.944,155.933,305.732,0,486.751,59.506,94.085,94.688,117.312,158.99,193.427,9.757,126.846,40.0,,64.694,69.379,726.0,728.087,16.974,18.539,3,playing,0,103,102,0,0
2026-08-27T14:27:19+0800,120.839,68.168,26.402,temp=58.5'C,throttled=0x0,15.0,1.998,123.944,155.933,349.014,0,486.751,59.506,93.248,94.647,116.916,158.99,193.427,9.779,127.657,40.0,,64.694,69.379,726.0,728.087,16.974,18.539,3,idle,0,103,103,0,0
2026-08-27T14:27:20+0800,124.688,68.188,26.402,temp=58.0'C,throttled=0x0,15.0,1.998,123.944,155.933,339.509,0,486.751,59.152,92.412,94.575,116.073,158.99,193.427,9.772,127.657,40.0,,64.694,69.379,726.0,728.087,16.974,18.539,3,idle,0,103,103,0,0
2026-08-27T14:27:21+0800,120.35,69.691,26.402,temp=58.5'C,throttled=0x0,15.0,1.998,123.944,155.933,420.881,0,486.751,58.767,92.412,94.415,116.073,158.99,193.427,9.784,127.657,40.0,,64.694,69.379,726.0,728.087,16.974,18.539,3,idle,0,103,103,0,0
2026-08-27T14:27:22+0800,131.22,71.094,26.402,temp=58.0'C,throttled=0x0,15.0,1.998,123.944,155.933,349.74,0,486.751,58.362,92.412,94.415,115.759,158.99,193.427,9.771,128.447,40.0,,64.694,69.379,726.0,728.087,16.974,18.539,3,idle,0,103,103,0,0
2026-08-27T14:27:23+0800,130.8,68.098,26.402,temp=58.5'C,throttled=0x0,15.0,1.998,123.944,155.933,446.887,0,486.751,58.767,92.412,94.575,115.759,158.99,193.427,9.793,127.465,40.0,,64.694,69.379,726.0,728.087,16.974,18.539,3,idle,0,103,103,0,0
2026-08-27T14:27:24+0800,121.673,68.102,26.402,temp=58.0'C,throttled=0x0,15.0,1.998,123.113,155.933,435.986,0,486.751,59.152,92.412,94.575,115.759,158.99,193.427,9.814,126.846,40.0,,64.694,69.379,726.0,728.087,16.974,18.539,3,idle,0,103,103,0,0
2026-08-27T14:27:25+0800,125.666,68.074,26.402,temp=58.0'C,throttled=0x0,15.0,1.998,123.113,155.933,2.41,0,484.396,59.152,92.412,94.575,115.759,158.99,193.427,9.837,126.661,40.0,,64.694,69.379,726.0,728.087,16.974,18.539,3,idle,0,103,103,0,0
2026-08-27T14:27:26+0800,121.04,68.109,26.402,temp=58.0'C,throttled=0x0,15.0,1.998,123.113,155.933,493.408,0,483.918,59.152,92.412,94.415,115.759,158.99,193.427,9.833,126.661,40.0,,64.694,69.379,726.0,728.087,16.974,18.539,3,idle,0,103,103,0,0
2026-08-27T14:27:27+0800,121.819,68.102,26.402,temp=58.5'C,throttled=0x0,15.0,1.998,122.988,155.933,471.531,0,484.396,59.152,92.412,94.575,115.759,158.99,193.427,9.83,126.661,40.0,,64.694,69.379,726.0,728.087,16.974,18.539,3,idle,0,103,103,0,0
2026-08-27T14:27:28+0800,122.723,68.039,26.402,temp=58.5'C,throttled=0x0,15.0,1.998,123.113,155.933,504.229,0,487.288,59.152,93.248,94.633,115.759,158.99,193.427,9.819,126.661,40.0,,64.694,69.379,726.0,728.087,16.974,18.539,3,idle,0,103,103,0,0
2026-08-27T14:27:29+0800,120.938,68.125,26.402,temp=58.5'C,throttled=0x0,15.0,1.998,123.397,155.933,63.259,0,487.288,60.511,94.085,94.575,115.759,158.99,193.427,9.844,126.661,40.0,,64.694,69.379,726.0,728.087,16.974,18.539,3,idle,0,103,103,0,0
2026-08-27T14:27:30+0800,121.972,68.129,26.402,temp=58.5'C,throttled=0x0,15.0,1.998,123.397,156.006,72.129,0,484.396,60.673,94.085,94.633,115.759,158.99,193.427,9.843,126.661,40.0,,64.694,69.379,726.0,728.087,16.974,18.539,3,idle,0,103,103,0,0
2026-08-27T14:27:31+0800,123.815,68.059,26.402,temp=58.5'C,throttled=0x0,15.0,1.998,123.397,156.364,95.324,0,485.078,61.684,94.089,94.688,115.759,158.99,193.427,9.852,126.616,40.0,,64.694,69.379,726.0,728.087,16.974,18.539,3,idle,0,103,103,0,0
2026-08-27T14:27:32+0800,122.853,68.043,26.402,temp=58.0'C,throttled=0x0,15.0,1.998,123.686,156.364,72.632,0,485.974,61.979,94.089,94.647,115.759,158.99,193.427,9.85,126.132,40.0,,64.694,69.379,726.0,728.087,16.974,18.539,3,idle,0,103,103,0,0
2026-08-27T14:27:33+0800,122.18,68.141,26.402,temp=58.5'C,throttled=0x0,15.0,1.998,123.686,156.364,153.559,0,485.974,61.979,94.089,94.633,115.759,158.99,193.427,9.85,126.132,40.0,,64.694,69.379,726.0,728.087,16.974,18.539,3,idle,0,103,103,0,0
2026-08-27T14:27:34+0800,117.707,68.168,26.402,temp=58.5'C,throttled=0x0,15.0,1.998,123.686,156.364,155.159,0,485.078,61.979,94.089,94.633,115.759,158.99,193.427,9.808,126.661,40.0,,64.694,69.379,726.0,728.087,16.974,18.539,3,playing,0,104,103,0,0
2026-08-27T14:27:35+0800,120.535,68.191,26.402,temp=59.1'C,throttled=0x0,15.0,1.998,123.472,156.364,149.139,0,483.918,61.684,94.085,94.633,115.759,158.99,193.427,9.778,127.465,40.0,,64.694,69.379,726.0,728.087,16.974,18.539,3,playing,0,104,103,0,0
2026-08-27T14:27:36+0800,122.753,67.953,26.402,temp=58.5'C,throttled=0x0,15.0,1.997,123.472,156.364,165.201,0,474.18,61.684,94.085,94.633,115.759,158.99,193.427,9.767,127.465,40.0,,64.694,69.379,726.0,728.087,16.974,18.539,3,playing,0,104,103,0,0
2026-08-27T14:27:37+0800,122.892,68.039,26.402,temp=59.1'C,throttled=0x0,15.0,1.998,123.472,156.364,214.093,0,471.531,61.684,94.085,94.633,115.759,158.99,193.427,9.746,127.465,40.0,,64.694,69.379,726.0,728.087,16.974,18.539,3,playing,0,104,103,0,0
2026-08-27T14:27:38+0800,119.392,68.199,26.402,temp=59.1'C,throttled=0x0,15.0,1.998,123.472,156.364,243.764,0,469.604,60.951,94.085,94.633,115.759,158.99,193.427,9.742,128.447,40.0,,64.694,69.379,726.0,728.087,16.974,18.539,3,playing,0,104,103,0,0
2026-08-27T14:27:39+0800,121.393,68.219,26.402,temp=58.5'C,throttled=0x0,15.0,1.998,123.472,156.364,260.752,0,467.589,60.951,94.085,94.633,115.759,158.99,193.427,9.778,126.846,40.0,,64.694,69.379,726.0,728.087,16.974,18.539,3,playing,0,104,103,0,0
2026-08-27T14:27:40+0800,122.021,68.094,26.402,temp=58.0'C,throttled=0x0,15.0,1.998,123.472,156.364,186.999,0,467.589,60.951,94.085,94.633,115.759,158.99,193.427,9.788,126.846,40.0,,64.694,69.379,726.0,728.087,16.974,18.539,3,idle,0,104,104,0,0
2026-08-27T14:27:41+0800,121.841,68.164,26.402,temp=58.0'C,throttled=0x0,15.0,1.998,123.472,156.364,224.58,0,459.539,60.673,94.085,94.633,115.759,158.99,193.427,9.79,127.465,40.0,,64.694,69.379,726.0,728.087,16.974,18.539,3,idle,0,104,104,0,0
2026-08-27T14:27:43+0800,120.868,68.137,26.402,temp=58.0'C,throttled=0x0,15.0,1.998,123.472,156.364,328.511,0,459.539,60.673,94.085,94.415,115.759,158.99,193.427,9.807,128.447,40.0,,64.694,69.379,726.0,728.087,16.974,18.539,3,idle,0,104,104,0,0
2026-08-27T14:27:44+0800,119.955,68.047,26.402,temp=58.5'C,throttled=0x0,15.0,1.998,123.472,156.364,305.567,0,459.348,60.511,94.085,94.376,115.759,158.99,193.427,9.831,128.447,40.0,,64.694,69.379,726.0,728.087,16.974,18.539,3,idle,0,104,104,0,0
2026-08-27T14:27:45+0800,123.887,68.16,26.402,temp=58.5'C,throttled=0x0,15.0,1.998,123.472,156.364,322.255,0,459.348,60.511,94.085,94.376,115.759,158.99,193.427,9.838,128.447,40.0,,64.694,69.379,726.0,728.087,16.974,18.539,3,idle,0,104,104,0,0
2026-08-27T14:27:46+0800,122.744,68.164,26.402,temp=58.5'C,throttled=0x0,15.0,1.998,123.472,156.364,338.739,0,459.348,60.511,94.085,94.374,115.759,158.99,193.427,9.835,127.465,40.0,,64.694,69.379,726.0,728.087,16.974,18.539,3,idle,0,104,104,0,0
2026-08-27T14:27:47+0800,125.718,68.074,26.402,temp=58.5'C,throttled=0x0,15.0,1.998,123.472,156.006,375.217,0,462.724,60.673,94.085,94.374,115.759,158.99,193.427,9.816,128.447,40.0,,64.694,69.379,726.0,728.087,16.974,18.539,3,idle,0,104,104,0,0
2026-08-27T14:27:48+0800,122.465,69.84,26.402,temp=58.0'C,throttled=0x0,15.0,1.998,123.686,156.006,337.708,0,467.589,60.673,94.085,94.374,115.759,158.99,193.427,9.833,126.936,40.0,,64.694,69.379,726.0,728.087,16.974,18.539,3,idle,0,104,104,0,0
2026-08-27T14:27:49+0800,129.183,71.078,26.402,temp=58.5'C,throttled=0x0,15.0,1.998,123.686,156.006,349.789,0,467.589,60.951,94.085,94.376,115.759,158.99,193.427,9.837,126.531,40.0,,64.694,69.379,726.0,728.087,16.974,18.539,3,idle,0,104,104,0,0
2026-08-27T14:27:50+0800,132.07,71.07,26.402,temp=58.0'C,throttled=0x0,15.0,1.998,123.686,156.006,447.138,0,467.589,61.684,94.085,94.575,115.759,158.99,193.427,9.84,126.531,40.0,,64.694,69.379,726.0,728.087,16.974,18.539,3,idle,0,104,104,0,0
2026-08-27T14:27:51+0800,127.278,68.008,26.402,temp=58.5'C,throttled=0x0,15.0,1.997,123.472,156.004,460.701,0,469.019,62.278,94.085,94.647,115.759,158.99,193.427,9.82,126.936,40.0,,64.694,69.379,726.0,728.087,16.974,18.539,3,idle,0,104,104,0,0
2026-08-27T14:27:52+0800,122.36,68.125,26.402,temp=58.5'C,throttled=0x0,15.0,1.998,123.397,155.933,468.795,0,469.019,62.313,94.085,94.647,115.759,158.99,193.427,9.85,126.382,40.0,,64.694,69.379,726.0,728.087,16.974,18.539,3,idle,0,104,104,0,0
2026-08-27T14:27:53+0800,124.004,68.238,26.402,temp=58.5'C,throttled=0x0,15.0,1.998,123.472,155.933,463.889,0,468.795,62.384,94.085,94.688,115.759,158.99,193.427,9.844,126.382,40.0,,64.694,69.379,726.0,728.087,16.974,18.539,3,idle,0,104,104,0,0
2026-08-27T14:27:54+0800,121.886,68.199,26.402,temp=58.5'C,throttled=0x0,15.0,1.998,123.944,155.963,481.68,0,468.795,62.384,94.085,94.744,115.759,158.99,193.427,9.84,126.382,40.0,,64.694,69.379,726.0,728.087,16.974,18.539,3,idle,0,104,104,0,0
2026-08-27T14:27:55+0800,120.736,68.066,26.402,temp=58.5'C,throttled=0x0,15.0,1.998,124.243,155.963,483.905,0,468.795,62.384,94.085,94.86,115.759,158.99,193.427,9.837,126.382,40.0,,64.694,69.379,726.0,728.087,16.974,18.539,3,playing,0,105,104,0,0
2026-08-27T14:27:56+0800,119.48,68.074,26.402,temp=59.1'C,throttled=0x0,15.0,1.998,124.383,156.004,16.401,0,468.795,62.384,94.085,94.88,115.759,158.99,193.427,9.769,126.936,40.0,,64.694,69.379,726.0,728.087,16.974,18.539,3,playing,0,105,104,0,0
2026-08-27T14:27:57+0800,121.0,68.066,26.402,temp=59.1'C,throttled=0x0,15.0,1.998,124.383,156.004,74.125,0,469.019,63.259,94.085,94.88,115.759,158.99,193.427,9.76,126.936,40.0,,64.694,69.379,726.0,728.087,16.974,18.539,3,playing,0,105,104,0,0
2026-08-27T14:27:58+0800,119.789,68.039,26.402,temp=58.5'C,throttled=0x0,15.0,1.998,124.383,156.004,80.9,0,468.795,63.643,94.085,94.935,115.759,158.99,193.427,9.755,126.936,40.0,,64.694,69.379,726.0,728.087,16.974,18.539,3,playing,0,105,104,0,0
2026-08-27T14:27:59+0800,121.446,68.168,26.402,temp=59.1'C,throttled=0x0,15.0,1.997,124.383,156.004,74.207,0,469.019,63.972,94.085,95.164,115.759,158.99,193.427,9.743,126.936,40.0,,64.694,69.379,726.0,728.087,16.974,18.539,3,idle,0,105,105,0,0
2026-08-27T14:28:00+0800,123.908,68.191,26.402,temp=58.5'C,throttled=0x0,15.0,1.998,124.955,156.004,90.578,0,469.604,64.429,94.085,95.276,115.759,158.99,193.427,9.741,126.936,40.0,,64.694,69.379,726.0,728.087,16.974,18.539,3,idle,0,105,105,0,0
2026-08-27T14:28:01+0800,121.286,68.195,26.402,temp=58.0'C,throttled=0x0,15.0,1.998,124.955,156.004,185.844,0,470.811,64.429,94.085,95.276,115.759,158.99,193.427,9.813,126.212,40.0,,64.694,69.379,726.0,728.087,16.974,18.539,3,idle,0,105,105,0,0
2026-08-27T14:28:02+0800,123.88,68.059,26.402,temp=58.5'C,throttled=0x0,15.0,1.998,124.955,156.004,175.863,0,474.008,64.429,94.085,95.276,115.759,158.99,193.427,9.829,126.175,40.0,,64.694,69.379,726.0,728.087,16.974,18.539,3,idle,0,105,105,0,0
2026-08-27T14:28:03+0800,124.01,68.191,26.402,temp=58.5'C,throttled=0x0,15.0,1.998,124.955,156.004,193.493,0,475.804,64.429,94.089,95.169,115.759,158.99,193.427,9.836,125.246,40.0,,64.694,69.379,726.0,728.087,16.974,18.539,3,idle,0,105,105,0,0
2026-08-27T14:28:04+0800,122.059,68.098,26.402,temp=59.1'C,throttled=0x0,15.0,1.998,124.955,156.004,194.976,0,477.397,64.429,94.307,95.169,115.759,158.99,193.427,9.847,124.956,40.0,,64.694,69.379,726.0,728.087,16.974,18.539,3,idle,0,105,105,0,0
2026-08-27T14:28:05+0800,120.714,68.09,26.402,temp=58.5'C,throttled=0x0,15.0,1.998,124.955,156.004,165.185,0,478.502,64.149,94.307,95.164,115.759,158.99,193.427,9.869,124.956,40.0,,64.694,69.379,726.0,728.087,16.974,18.539,3,idle,0,105,105,0,0
2026-08-27T14:28:06+0800,121.013,68.059,26.402,temp=58.0'C,throttled=0x0,15.0,1.998,124.955,156.004,273.724,0,480.652,64.429,94.307,95.142,115.759,158.99,193.427,9.868,126.175,40.0,,64.694,69.379,726.0,728.087,16.974,18.539,3,idle,0,105,105,0,0
2026-08-27T14:28:07+0800,123.704,68.164,26.402,temp=58.0'C,throttled=0x0,15.0,1.998,124.955,156.004,269.309,0,481.68,64.81,94.307,95.032,115.759,158.99,193.427,9.888,124.988,40.0,,64.694,69.379,726.0,728.087,16.974,18.539,3,idle,0,105,105,0,0
2026-08-27T14:28:08+0800,122.732,68.004,26.402,temp=58.5'C,throttled=0x0,15.0,1.998,124.955,156.004,243.625,0,481.68,65.178,94.307,95.142,115.759,158.99,193.427,9.9,124.956,40.0,,64.694,69.379,726.0,728.087,16.974,18.539,3,idle,0,105,105,0,0
2026-08-27T14:28:09+0800,119.533,68.07,26.402,temp=58.5'C,throttled=0x0,15.0,1.998,124.383,156.004,315.255,0,481.68,64.81,94.307,95.032,115.759,158.99,193.427,9.917,123.474,40.0,,64.694,69.379,726.0,728.087,16.974,18.539,3,idle,0,105,105,0,0
2026-08-27T14:28:10+0800,122.861,68.117,26.402,temp=58.5'C,throttled=0x0,15.0,1.998,124.243,156.004,314.536,0,481.68,64.81,94.307,94.935,115.759,158.99,193.427,9.928,122.68,40.0,,64.694,69.379,726.0,728.087,16.974,18.539,3,idle,0,105,105,0,0
2026-08-27T14:28:11+0800,120.445,67.98,26.402,temp=58.5'C,throttled=0x0,15.0,1.998,124.164,156.004,327.359,0,481.68,64.429,94.307,94.908,115.759,158.99,193.427,9.923,122.68,40.0,,64.694,69.379,726.0,728.087,16.974,18.539,3,idle,0,105,105,0,0
2026-08-27T14:28:12+0800,122.852,68.07,26.402,temp=58.0'C,throttled=0x0,15.0,1.998,124.164,156.004,339.575,0,481.68,64.429,94.307,94.908,115.759,158.99,193.427,9.93,122.68,40.0,,64.694,69.379,726.0,728.087,16.974,18.539,3,idle,0,105,105,0,0
2026-08-27T14:28:13+0800,119.718,68.969,26.402,temp=58.5'C,throttled=0x0,15.0,1.998,124.164,156.004,334.336,0,480.652,64.429,94.307,94.908,115.759,158.99,193.427,9.928,122.83,40.0,,64.694,69.379,726.0,728.087,16.974,18.539,3,idle,0,105,105,0,0
2026-08-27T14:28:14+0800,125.142,71.27,26.402,temp=59.1'C,throttled=0x0,15.0,1.998,124.164,156.006,376.837,0,480.652,64.429,94.307,94.908,115.759,158.99,193.427,9.902,123.474,40.0,,64.694,69.379,726.0,728.087,16.974,18.539,3,playing,0,106,105,0,0
2026-08-27T14:28:15+0800,124.991,71.066,26.402,temp=59.1'C,throttled=0x0,15.0,1.998,124.243,156.006,367.786,0,480.652,64.81,94.307,94.908,115.759,158.99,193.427,9.873,123.554,40.0,,64.694,69.379,726.0,728.087,16.974,18.539,3,playing,0,106,105,0,0
2026-08-27T14:28:16+0800,129.778,68.035,26.402,temp=59.1'C,throttled=0x0,15.0,1.998,125.198,156.006,394.068,0,481.68,65.178,94.307,94.908,115.759,158.99,193.427,9.868,123.474,40.0,,64.694,69.379,726.0,728.087,16.974,18.539,3,playing,0,106,105,0,0
2026-08-27T14:28:17+0800,118.851,67.988,26.402,temp=58.5'C,throttled=0x0,15.0,1.998,124.955,156.006,425.828,0,481.68,65.178,94.307,94.935,115.759,158.99,193.427,9.857,123.474,40.0,,64.694,69.379,726.0,728.087,16.974,18.539,3,playing,0,106,105,0,0
2026-08-27T14:28:18+0800,122.837,67.945,26.402,temp=59.1'C,throttled=0x0,15.0,1.998,124.955,156.006,463.102,0,481.68,64.81,94.307,94.935,115.759,158.99,193.427,9.838,123.554,40.0,,64.694,69.379,726.0,728.087,16.974,18.539,3,playing,0,106,105,0,0
2026-08-27T14:28:19+0800,122.31,68.168,26.402,temp=59.1'C,throttled=0x0,15.0,1.998,124.383,156.006,4.23,0,480.652,64.429,94.307,94.935,115.759,158.99,193.427,9.832,123.554,40.0,,64.694,69.379,726.0,728.087,16.974,18.539,3,playing,0,106,105,0,0
2026-08-27T14:28:20+0800,123.206,68.082,26.402,temp=59.1'C,throttled=0x0,15.0,1.998,124.383,156.006,500.872,0,480.105,64.149,94.307,95.032,115.759,158.99,193.427,9.827,124.389,40.0,,64.694,69.379,726.0,728.087,16.974,18.539,3,idle,0,106,106,0,0
2026-08-27T14:28:21+0800,121.546,68.09,26.402,temp=58.0'C,throttled=0x0,15.0,1.998,124.383,156.006,86.44,0,480.105,64.149,94.307,95.032,115.759,158.99,193.427,9.867,123.474,40.0,,64.694,69.379,726.0,728.087,16.974,18.539,3,idle,0,106,106,0,0
2026-08-27T14:28:22+0800,122.341,68.059,26.402,temp=58.5'C,throttled=0x0,15.0,1.998,124.383,156.006,107.894,0,480.105,63.739,94.307,95.032,115.759,158.99,193.427,9.892,123.474,40.0,,64.694,69.379,726.0,728.087,16.974,18.539,3,idle,0,106,106,0,0
2026-08-27T14:28:23+0800,120.693,68.16,26.402,temp=58.0'C,throttled=0x0,15.0,1.998,124.383,156.006,86.966,0,480.652,63.739,94.307,95.032,115.759,158.99,193.427,9.909,123.474,40.0,,64.694,69.379,726.0,728.087,16.974,18.539,3,idle,0,106,106,0,0
2026-08-27T14:28:24+0800,121.385,68.109,26.402,temp=58.5'C,throttled=0x0,15.0,1.998,124.383,156.006,157.721,0,480.652,63.972,94.655,95.032,115.759,158.99,193.427,9.918,123.474,40.0,,64.694,69.379,726.0,728.087,16.974,18.539,3,idle,0,106,106,0,0
2026-08-27T14:28:25+0800,122.103,68.125,26.402,temp=58.5'C,throttled=0x0,15.0,1.998,124.383,156.006,190.794,0,480.652,65.178,94.655,95.142,115.759,158.99,193.427,9.912,123.554,40.0,,64.694,69.379,726.0,728.087,16.974,18.539,3,idle,0,106,106,0,0
2026-08-27T14:28:26+0800,123.1,68.172,26.402,temp=59.1'C,throttled=0x0,15.0,1.998,124.383,156.004,196.977,0,477.991,64.429,94.307,95.142,115.759,158.99,193.427,9.903,124.389,40.0,,64.694,69.379,726.0,728.087,16.974,18.539,3,idle,0,106,106,0,0
2026-08-27T14:28:27+0800,123.866,68.105,26.402,temp=58.5'C,throttled=0x0,15.0,1.998,124.383,156.004,219.438,0,477.397,63.739,94.307,95.142,115.759,158.99,193.427,9.892,124.731,40.0,,64.694,69.379,726.0,728.087,16.974,18.539,3,idle,0,106,106,0,0
2026-08-27T14:28:28+0800,120.945,68.176,26.402,temp=59.1'C,throttled=0x0,15.0,1.998,124.383,155.963,210.346,0,473.219,63.739,94.307,95.169,115.759,158.99,193.427,9.903,124.731,40.0,,64.694,69.379,726.0,728.087,16.974,18.539,3,idle,0,106,106,0,0
2026-08-27T14:28:30+0800,121.907,68.168,26.402,temp=58.5'C,throttled=0x0,15.0,1.998,124.383,155.963,201.038,0,473.219,63.739,94.307,95.169,115.759,158.99,193.427,9.904,124.472,40.0,,64.694,69.379,726.0,728.087,16.974,18.539,3,idle,0,106,106,0,0
2026-08-27T14:28:31+0800,123.306,68.094,26.402,temp=59.1'C,throttled=0x0,15.0,1.998,124.383,155.963,257.945,0,466.83,63.972,94.307,95.169,115.759,158.99,193.427,9.917,124.472,40.0,,64.694,69.379,726.0,728.087,16.974,18.539,3,idle,0,106,106,0,0
2026-08-27T14:28:32+0800,122.018,68.137,26.402,temp=58.0'C,throttled=0x0,15.0,1.998,124.383,155.963,244.797,0,466.83,63.972,94.307,95.169,115.759,158.99,193.427,9.927,124.389,40.0,,64.694,69.379,726.0,728.087,16.974,18.539,3,idle,0,106,106,0,0
2026-08-27T14:28:33+0800,124.654,68.227,26.402,temp=58.0'C,throttled=0x0,15.0,1.998,124.955,155.963,247.242,0,464.887,63.739,94.307,95.169,115.759,158.99,193.427,9.93,124.165,40.0,,64.694,69.379,726.0,728.087,16.974,18.539,3,idle,0,106,106,0,0
2026-08-27T14:28:34+0800,120.63,68.07,26.402,temp=58.5'C,throttled=0x0,15.0,1.998,124.955,155.963,322.825,0,463.102,63.643,94.307,95.169,115.759,158.99,193.427,9.927,124.165,40.0,,64.694,69.379,726.0,728.087,16.974,18.539,3,idle,0,106,106,0,0
2026-08-27T14:28:35+0800,121.686,68.004,26.402,temp=58.0'C,throttled=0x0,15.0,1.998,124.955,155.963,360.328,0,463.102,63.643,94.307,95.463,115.759,158.99,193.427,9.906,124.165,40.0,,64.694,69.379,726.0,728.087,16.974,18.539,3,playing,0,107,106,0,0
2026-08-27T14:28:36+0800,114.723,68.102,26.402,temp=59.1'C,throttled=0x0,15.0,1.998,125.198,156.004,346.928,0,464.425,63.739,94.307,95.463,115.759,158.99,193.427,9.856,124.472,40.0,,64.694,69.379,726.0,728.087,16.974,18.539,3,playing,0,107,106,0,0
2026-08-27T14:28:37+0800,121.63,68.219,26.402,temp=58.5'C,throttled=0x0,15.0,1.998,124.955,156.004,312.819,0,464.887,63.643,94.307,95.463,115.759,158.99,193.427,9.835,124.472,40.0,,64.694,69.379,726.0,728.087,16.974,18.539,3,playing,0,107,106,0,0
2026-08-27T14:28:38+0800,124.013,69.816,26.402,temp=58.5'C,throttled=0x0,15.0,1.998,124.383,156.004,333.795,0,464.887,63.643,94.307,95.276,115.759,158.99,193.427,9.831,124.472,40.0,,64.694,69.379,726.0,728.087,16.974,18.539,3,idle,0,107,107,0,0
2026-08-27T14:28:39+0800,133.383,71.152,26.402,temp=58.5'C,throttled=0x0,15.0,1.998,124.383,155.963,428.673,0,464.425,63.643,94.307,95.276,115.759,158.99,193.427,9.838,124.389,40.0,,64.694,69.379,726.0,728.087,16.974,18.539,3,idle,0,107,107,0,0
2026-08-27T14:28:40+0800,127.633,68.129,26.402,temp=58.5'C,throttled=0x0,15.0,1.998,124.383,155.517,413.509,0,464.425,63.259,94.307,95.169,115.759,158.99,193.427,9.847,124.472,40.0,,64.694,69.379,726.0,728.087,16.974,18.539,3,idle,0,107,107,0,0
2026-08-27T14:28:41+0800,117.96,68.07,26.402,temp=59.6'C,throttled=0x0,15.0,1.998,124.383,155.395,422.191,0,464.425,62.384,94.307,95.169,115.759,158.99,193.427,9.889,124.389,40.0,,64.694,69.379,726.0,728.087,16.974,18.539,3,idle,0,107,107,0,0
2026-08-27T14:28:42+0800,124.992,68.082,26.402,temp=59.1'C,throttled=0x0,15.0,1.998,124.164,155.395,26.937,0,463.102,62.384,94.307,95.169,115.759,158.99,193.427,9.893,124.472,40.0,,64.694,69.379,726.0,728.087,16.974,18.539,3,idle,0,107,107,0,0
2026-08-27T14:28:43+0800,121.913,68.156,26.402,temp=58.5'C,throttled=0x0,15.0,1.998,124.383,155.395,472.034,0,464.425,62.384,94.307,95.142,115.759,158.99,193.427,9.894,124.389,40.0,,64.694,69.379,726.0,728.087,16.974,18.539,3,idle,0,107,107,0,0
2026-08-27T14:28:44+0800,121.859,68.078,26.402,temp=59.1'C,throttled=0x0,15.0,1.998,124.955,155.395,63.663,0,466.781,62.384,94.307,95.142,115.759,158.99,193.427,9.902,124.357,40.0,,64.694,69.379,726.0,728.087,16.974,18.539,3,idle,0,107,107,0,0
2026-08-27T14:28:45+0800,122.826,68.066,26.402,temp=58.5'C,throttled=0x0,15.0,1.998,125.198,155.395,46.447,0,466.781,62.384,94.307,95.169,115.759,158.99,193.427,9.922,124.357,40.0,,64.694,69.379,726.0,728.087,16.974,18.539,3,idle,0,107,107,0,0
2026-08-27T14:28:46+0800,123.32,68.082,26.402,temp=58.5'C,throttled=0x0,15.0,1.998,125.198,155.395,73.665,0,468.568,63.643,94.307,95.276,115.759,158.99,193.427,9.913,124.357,40.0,,64.694,69.379,726.0,728.087,16.974,18.539,3,idle,0,107,107,0,0
2026-08-27T14:28:47+0800,120.86,68.043,26.402,temp=59.1'C,throttled=0x0,15.0,1.998,125.198,155.395,69.094,0,466.781,63.739,94.307,95.169,115.759,158.99,193.427,9.909,124.357,40.0,,64.694,69.379,726.0,728.087,16.974,18.539,3,idle,0,107,107,0,0
2026-08-27T14:28:48+0800,120.959,68.016,26.402,temp=58.0'C,throttled=0x0,15.0,1.998,125.198,155.395,72.608,0,466.781,65.178,94.307,95.169,115.759,158.99,193.427,9.924,124.357,40.0,,64.694,69.379,726.0,728.087,16.974,18.539,3,idle,0,107,107,0,0
2026-08-27T14:28:49+0800,121.597,68.176,26.402,temp=58.0'C,throttled=0x0,15.0,1.998,125.198,155.395,84.279,0,469.296,65.242,94.307,95.276,115.759,158.99,193.427,9.911,124.357,40.0,,64.694,69.379,726.0,728.087,16.974,18.539,3,idle,0,107,107,0,0
2026-08-27T14:28:50+0800,121.716,67.996,26.402,temp=58.5'C,throttled=0x0,15.0,1.998,125.198,155.395,156.665,0,468.568,65.178,94.085,95.169,115.759,158.99,193.427,9.912,124.357,40.0,,64.694,69.379,726.0,728.087,16.974,18.539,3,idle,0,107,107,0,0
2026-08-27T14:28:51+0800,122.917,68.098,26.402,temp=58.5'C,throttled=0x0,15.0,1.998,125.198,155.395,149.741,0,468.568,65.242,94.085,95.169,115.759,158.99,193.427,9.91,124.357,40.0,,64.694,69.379,726.0,728.087,16.974,18.539,3,idle,0,107,107,0,0
2026-08-27T14:28:52+0800,121.559,68.082,26.402,temp=58.5'C,throttled=0x0,15.0,1.998,125.198,155.395,172.943,0,466.781,65.242,94.085,95.169,115.759,158.99,193.427,9.916,124.165,40.0,,64.694,69.379,726.0,728.087,16.974,18.539,3,idle,0,107,107,0,0
2026-08-27T14:28:53+0800,120.832,68.059,26.402,temp=59.1'C,throttled=0x0,15.0,1.998,125.555,155.517,166.793,0,468.568,65.178,93.285,95.276,115.759,158.99,193.427,9.887,124.472,40.0,,64.694,69.379,726.0,728.087,16.974,18.539,3,playing,0,108,107,0,0
2026-08-27T14:28:54+0800,116.73,68.164,26.402,temp=58.5'C,throttled=0x0,15.0,1.998,126.025,155.517,245.358,0,468.568,64.429,93.285,95.463,115.759,158.99,193.427,9.858,124.472,40.0,,64.694,69.379,726.0,728.087,16.974,18.539,3,playing,0,108,107,0,0
2026-08-27T14:28:55+0800,122.828,68.145,26.402,temp=59.1'C,throttled=0x0,15.0,1.998,126.025,155.963,183.931,0,468.655,65.178,93.285,95.464,115.759,158.99,193.427,9.838,124.472,40.0,,64.694,69.379,726.0,728.087,16.974,18.539,3,playing,0,108,107,0,0
2026-08-27T14:28:56+0800,123.901,68.184,26.402,temp=58.5'C,throttled=0x0,15.0,1.998,125.555,155.963,250.426,0,468.655,65.178,93.285,95.512,115.759,158.99,193.427,9.812,125.705,40.0,,64.694,69.379,726.0,728.087,16.974,18.539,3,playing,0,108,107,0,0
2026-08-27T14:28:57+0800,119.983,68.039,26.402,temp=58.5'C,throttled=0x0,15.0,1.998,125.198,155.963,265.255,0,468.655,65.178,93.285,95.604,115.759,158.99,193.427,9.797,125.705,40.0,,64.694,69.379,726.0,728.087,16.974,18.539,3,playing,0,108,107,0,0
2026-08-27T14:28:58+0800,122.011,68.113,26.402,temp=58.0'C,throttled=0x0,15.0,1.998,124.955,155.963,316.011,0,468.655,65.178,93.285,95.604,115.759,158.99,193.427,9.777,125.906,40.0,,64.694,69.379,726.0,728.087,16.974,18.539,3,idle,0,108,108,0,0
2026-08-27T14:28:59+0800,122.842,68.012,26.402,temp=58.5'C,throttled=0x0,15.0,1.998,124.955,155.395,269.558,0,468.655,65.242,93.285,95.701,115.759,158.99,193.427,9.753,126.781,40.0,,64.694,69.379,726.0,728.087,16.974,18.539,3,idle,0,108,108,0,0
2026-08-27T14:29:00+0800,124.954,68.059,26.402,temp=58.5'C,throttled=0x0,15.0,1.998,124.955,155.395,350.037,0,469.296,65.242,93.285,95.701,115.759,158.99,193.427,9.754,126.781,40.0,,64.694,69.379,726.0,728.087,16.974,18.539,3,idle,0,108,108,0,0
2026-08-27T14:29:01+0800,119.845,68.184,26.402,temp=58.5'C,throttled=0x0,15.0,1.998,124.164,155.395,349.488,0,468.655,65.242,93.285,95.701,115.759,158.99,193.427,9.784,125.906,40.0,,64.694,69.379,726.0,728.087,16.974,18.539,3,idle,0,108,108,0,0
2026-08-27T14:29:02+0800,123.095,68.016,26.402,temp=58.0'C,throttled=0x0,15.0,1.998,124.955,155.395,355.868,0,466.781,65.463,93.285,95.701,115.759,158.99,193.427,9.813,125.889,40.0,,64.694,69.379,726.0,728.087,16.974,18.539,3,idle,0,108,108,0,0
2026-08-27T14:29:03+0800,121.127,68.148,26.402,temp=58.0'C,throttled=0x0,15.0,1.998,124.955,155.395,351.61,0,468.655,65.525,93.285,95.749,115.759,158.99,193.427,9.835,125.889,40.0,,64.694,69.379,726.0,728.087,16.974,18.539,3,idle,0,108,108,0,0
2026-08-27T14:29:04+0800,125.835,71.258,26.402,temp=58.0'C,throttled=0x0,15.0,1.998,124.955,155.395,420.93,0,468.655,65.525,93.285,95.749,115.759,158.99,193.427,9.839,125.889,40.0,,64.694,69.379,726.0,728.087,16.974,18.539,3,idle,0,108,108,0,0
2026-08-27T14:29:05+0800,127.824,71.035,26.402,temp=59.1'C,throttled=0x0,15.0,1.998,125.198,155.395,414.665,0,468.655,65.525,93.285,95.749,115.759,158.99,193.427,9.839,125.889,40.0,,64.694,69.379,726.0,728.087,16.974,18.539,3,idle,0,108,108,0,0
2026-08-27T14:29:06+0800,129.03,68.219,26.402,temp=58.5'C,throttled=0x0,15.0,1.998,125.198,155.395,421.542,0,468.655,65.525,93.285,95.701,115.759,158.99,193.427,9.845,125.889,40.0,,64.694,69.379,726.0,728.087,16.974,18.539,3,idle,0,108,108,0,0
2026-08-27T14:29:07+0800,119.555,68.145,26.402,temp=58.5'C,throttled=0x0,15.0,1.998,125.198,155.395,401.479,0,468.655,65.463,93.248,95.604,115.502,158.99,193.427,9.839,126.168,40.0,,64.694,69.379,726.0,728.087,16.974,18.539,3,idle,0,108,108,0,0
2026-08-27T14:29:08+0800,123.694,68.078,26.402,temp=59.1'C,throttled=0x0,15.0,1.998,125.198,155.395,410.759,0,468.655,65.178,93.248,95.554,114.26,158.99,193.427,9.854,126.168,40.0,,64.694,69.379,726.0,728.087,16.974,18.539,3,idle,0,108,108,0,0
2026-08-27T14:29:09+0800,120.815,68.18,26.402,temp=58.5'C,throttled=0x0,15.0,1.998,125.198,155.395,32.743,0,466.482,65.061,93.248,95.512,114.26,158.99,193.427,9.851,126.971,40.0,,64.694,69.379,726.0,728.087,16.974,18.539,3,idle,0,108,108,0,0
2026-08-27T14:29:10+0800,122.369,68.027,26.402,temp=58.5'C,throttled=0x0,15.0,1.998,125.198,155.395,19.962,0,466.482,65.061,93.248,95.464,113.806,158.99,193.427,9.853,126.971,40.0,,64.694,69.379,726.0,728.087,16.974,18.539,3,idle,0,108,108,0,0
2026-08-27T14:29:11+0800,120.899,68.031,26.402,temp=58.0'C,throttled=0x0,15.0,1.998,125.198,155.395,96.05,0,466.482,65.061,93.248,95.463,112.828,158.99,193.427,9.864,126.971,40.0,,64.694,69.379,726.0,728.087,16.974,18.539,3,idle,0,108,108,0,0
2026-08-27T14:29:12+0800,122.814,68.133,26.402,temp=58.5'C,throttled=0x0,15.0,1.998,125.198,154.465,82.325,0,468.655,65.178,93.248,95.463,112.828,158.99,193.427,9.872,126.971,40.0,,64.694,69.379,726.0,728.087,16.974,18.539,3,idle,0,108,108,0,0
2026-08-27T14:29:13+0800,119.519,68.191,26.402,temp=59.6'C,throttled=0x0,15.0,1.997,125.198,155.395,77.091,0,461.325,65.061,93.248,95.464,112.828,158.99,193.427,9.827,127.034,40.0,,64.694,69.379,726.0,728.087,16.974,18.539,3,playing,0,109,108,0,0
2026-08-27T14:29:14+0800,119.668,68.082,26.402,temp=59.1'C,throttled=0x0,15.0,1.998,125.198,154.465,147.003,0,459.949,65.061,93.248,95.5,112.828,158.99,193.427,9.81,129.002,40.0,,64.694,69.379,726.0,728.087,16.974,18.539,3,playing,0,109,108,0,0
2026-08-27T14:29:15+0800,122.505,68.094,26.402,temp=59.1'C,throttled=0x0,15.0,1.998,125.198,154.465,177.254,0,459.949,65.178,93.248,95.512,112.828,158.99,193.427,9.796,129.002,40.0,,64.694,69.379,726.0,728.087,16.974,18.539,3,playing,0,109,108,0,0
2026-08-27T14:29:16+0800,119.231,68.082,26.402,temp=59.1'C,throttled=0x0,15.0,1.998,125.555,154.465,191.34,0,459.458,65.178,93.248,95.512,112.828,158.99,193.427,9.792,129.002,40.0,,64.694,69.379,726.0,728.087,16.974,18.539,3,idle,0,109,109,0,0
2026-08-27T14:29:18+0800,121.584,68.125,26.402,temp=58.0'C,throttled=0x0,15.0,1.998,126.025,154.465,165.977,0,460.264,65.242,93.248,95.512,112.828,158.99,193.427,9.796,129.002,40.0,,64.694,69.379,726.0,728.087,16.974,18.539,3,idle,0,109,109,0,0
2026-08-27T14:29:19+0800,122.911,68.062,26.402,temp=58.0'C,throttled=0x0,15.0,1.998,126.025,154.465,189.95,0,459.949,65.242,93.248,95.512,112.828,158.99,193.427,9.807,127.034,40.0,,64.694,69.379,726.0,728.087,16.974,18.539,3,idle,0,109,109,0,0
2026-08-27T14:29:20+0800,121.041,68.086,26.402,temp=58.5'C,throttled=0x0,15.0,1.998,126.025,154.465,166.963,0,460.264,65.242,93.248,95.512,112.828,158.99,193.427,9.86,126.172,40.0,,64.694,69.379,726.0,728.087,16.974,18.539,3,idle,0,109,109,0,0
2026-08-27T14:29:21+0800,120.526,68.199,26.402,temp=58.5'C,throttled=0x0,15.0,1.998,125.555,154.465,259.335,0,467.039,65.525,93.248,95.512,112.828,158.99,193.427,9.872,126.172,40.0,,64.694,69.379,726.0,728.087,16.974,18.539,3,idle,0,109,109,0,0
2026-08-27T14:29:22+0800,124.531,68.055,26.402,temp=58.5'C,throttled=0x0,15.0,1.998,125.555,154.465,276.836,0,467.15,65.645,93.248,95.5,112.828,158.99,193.427,9.889,126.172,40.0,,64.694,69.379,726.0,728.087,16.974,18.539,3,idle,0,109,109,0,0
2026-08-27T14:29:23+0800,121.003,68.023,26.402,temp=59.1'C,throttled=0x0,15.0,1.998,125.555,154.465,287.167,0,467.039,65.645,93.248,95.487,112.654,158.99,193.427,9.906,126.172,40.0,,64.694,69.379,726.0,728.087,16.974,18.539,3,idle,0,109,109,0,0
2026-08-27T14:29:24+0800,124.818,68.156,26.402,temp=59.1'C,throttled=0x0,15.0,1.997,124.955,154.465,263.28,0,467.039,65.757,93.248,95.407,110.677,158.99,193.427,9.94,126.172,40.0,,64.694,69.379,726.0,728.087,16.974,18.539,3,idle,0,109,109,0,0
2026-08-27T14:29:25+0800,121.895,68.082,26.402,temp=58.5'C,throttled=0x0,15.0,1.998,124.874,154.465,275.543,0,467.15,65.852,93.285,95.276,109.222,158.99,193.427,9.95,126.168,40.0,,64.694,69.379,726.0,728.087,16.974,18.539,3,idle,0,109,109,0,0
2026-08-27T14:29:26+0800,122.749,68.082,26.402,temp=58.5'C,throttled=0x0,15.0,1.998,124.874,154.465,362.101,0,469.514,65.852,93.285,95.276,109.222,158.99,193.427,9.951,126.168,40.0,,64.694,69.379,726.0,728.087,16.974,18.539,3,idle,0,109,109,0,0
2026-08-27T14:29:27+0800,122.458,68.031,26.402,temp=58.5'C,throttled=0x0,15.0,1.998,124.874,154.465,342.789,0,470.416,65.914,93.248,95.169,108.287,158.99,193.427,9.958,126.168,40.0,,64.694,69.379,726.0,728.087,16.974,18.539,3,idle,0,109,109,0,0
2026-08-27T14:29:28+0800,125.723,71.227,26.402,temp=58.0'C,throttled=0x0,15.0,1.998,124.874,154.465,415.573,0,470.416,65.914,93.248,95.169,108.287,158.99,193.427,9.974,124.198,40.0,,64.694,69.379,726.0,728.087,16.974,18.539,3,idle,0,109,109,0,0
2026-08-27T14:29:29+0800,126.147,71.148,26.402,temp=58.0'C,throttled=0x0,15.0,1.998,124.874,154.465,411.904,0,470.416,65.852,93.248,95.169,108.287,158.99,193.427,9.972,126.172,40.0,,64.694,69.379,726.0,728.087,16.974,18.539,3,idle,0,109,109,0,0
2026-08-27T14:29:30+0800,118.142,68.07,26.402,temp=58.0'C,throttled=0x0,15.0,1.998,124.874,154.465,446.492,0,471.038,65.914,93.248,95.142,108.287,158.99,193.427,9.985,126.172,40.0,,64.694,69.379,726.0,728.087,16.974,18.539,3,idle,0,109,109,0,0
2026-08-27T14:29:31+0800,115.118,68.125,26.402,temp=58.0'C,throttled=0x0,15.0,1.998,124.874,154.465,448.936,0,471.038,65.852,93.248,95.032,108.287,158.99,193.427,10.017,126.172,40.0,,64.694,69.379,726.0,728.087,16.974,18.539,3,idle,0,109,109,0,0
2026-08-27T14:29:32+0800,110.977,68.105,26.402,temp=59.1'C,throttled=0x0,15.0,1.998,124.874,154.465,500.95,0,475.631,65.852,93.248,95.032,108.287,158.99,193.427,9.993,124.198,40.0,,64.694,69.379,726.0,728.087,16.974,18.539,3,playing,0,110,109,0,0
2026-08-27T14:29:33+0800,113.984,68.203,26.402,temp=59.1'C,throttled=0x0,15.0,1.998,124.874,154.465,467.239,0,477.93,65.914,93.248,94.997,108.287,158.99,193.427,10.007,123.007,40.0,,64.694,69.379,726.0,728.087,16.974,18.539,3,playing,0,110,109,0,0
2026-08-27T14:29:34+0800,119.968,68.145,26.402,temp=58.0'C,throttled=0x0,15.0,1.998,124.874,154.465,467.751,0,477.93,66.307,93.248,94.935,108.287,158.99,193.427,10.009,122.985,40.0,,64.694,69.379,726.0,728.087,16.974,18.539,3,playing,0,110,109,0,0
2026-08-27T14:29:35+0800,118.526,68.176,26.402,temp=58.0'C,throttled=0x0,15.0,1.998,124.874,153.888,72.167,0,477.93,66.307,93.248,94.935,108.287,158.99,193.427,10.016,121.407,40.0,,64.694,69.379,726.0,728.087,16.974,18.539,3,playing,0,110,109,0,0
2026-08-27T14:29:36+0800,116.731,68.098,26.402,temp=58.5'C,throttled=0x0,15.0,1.998,124.874,153.888,40.053,0,477.93,66.307,93.248,94.935,108.287,158.99,193.427,10.022,120.802,40.0,,64.694,69.379,726.0,728.087,16.974,18.539,3,idle,0,110,110,0,0
2026-08-27T14:29:37+0800,117.849,68.09,26.402,temp=58.0'C,throttled=0x0,15.0,1.998,124.874,153.888,93.597,0,477.93,66.307,93.248,94.935,108.287,158.99,193.427,10.031,120.802,40.0,,64.694,69.379,726.0,728.087,16.974,18.539,3,idle,0,110,110,0,0
2026-08-27T14:29:38+0800,118.336,68.156,26.402,temp=58.5'C,throttled=0x0,15.0,1.998,124.874,153.732,127.563,0,475.631,66.307,93.248,94.935,108.287,158.99,193.427,10.049,120.802,40.0,,64.694,69.379,726.0,728.087,16.974,18.539,3,idle,0,110,110,0,0
2026-08-27T14:29:39+0800,122.044,68.184,26.402,temp=58.5'C,throttled=0x0,15.0,1.997,124.874,153.732,102.453,0,475.631,66.307,93.248,94.935,108.287,158.99,193.427,10.109,121.407,40.0,,64.694,69.379,726.0,728.087,16.974,18.539,3,idle,0,110,110,0,0
2026-08-27T14:29:40+0800,116.803,68.09,26.402,temp=58.5'C,throttled=0x0,15.0,1.998,124.874,153.701,164.908,0,478.245,66.359,93.248,94.935,108.287,158.99,193.427,10.149,119.876,40.0,,64.694,69.379,726.0,728.087,16.974,18.539,3,idle,0,110,110,0,0
2026-08-27T14:29:41+0800,116.93,68.09,26.402,temp=58.5'C,throttled=0x0,15.0,1.998,124.76,153.617,144.873,0,478.245,66.359,93.248,94.88,108.287,158.99,193.427,10.175,119.876,40.0,,64.694,69.379,726.0,728.087,16.974,18.539,3,idle,0,110,110,0,0
2026-08-27T14:29:42+0800,119.033,68.129,26.402,temp=59.1'C,throttled=0x0,15.0,1.998,124.874,153.617,228.186,0,475.631,66.307,93.248,94.835,108.287,158.99,193.427,10.177,121.971,40.0,,64.694,69.379,726.0,728.087,16.974,18.539,3,idle,0,110,110,0,0
2026-08-27T14:29:43+0800,121.723,68.199,26.402,temp=59.1'C,throttled=0x0,15.0,1.998,124.874,153.617,229.828,0,475.631,65.914,93.248,94.835,108.287,158.99,193.427,10.169,122.117,40.0,,64.694,69.379,726.0,728.087,16.974,18.539,3,idle,0,110,110,0,0
2026-08-27T14:29:44+0800,122.865,68.098,26.402,temp=58.5'C,throttled=0x0,15.0,1.998,125.555,153.617,262.341,0,475.631,65.757,93.248,94.835,108.287,158.99,193.427,10.166,121.971,40.0,,64.694,69.379,726.0,728.087,16.974,18.539,3,idle,0,110,110,0,0
2026-08-27T14:29:45+0800,121.875,68.102,26.402,temp=58.5'C,throttled=0x0,15.0,1.998,125.555,153.701,241.129,0,470.215,65.645,93.248,94.835,108.287,158.99,193.427,10.167,121.971,40.0,,64.694,69.379,726.0,728.087,16.974,18.539,3,idle,0,110,110,0,0
2026-08-27T14:29:46+0800,122.029,68.121,26.402,temp=58.5'C,throttled=0x0,15.0,1.998,125.555,153.701,230.12,0,467.751,65.061,93.248,94.88,108.287,158.99,193.427,10.173,121.971,40.0,,64.694,69.379,726.0,728.087,16.974,18.539,3,idle,0,110,110,0,0
2026-08-27T14:29:47+0800,120.795,68.094,26.402,temp=58.5'C,throttled=0x0,15.0,1.998,125.555,153.701,245.725,0,467.239,65.061,93.248,94.88,108.287,158.99,193.427,10.177,121.55,40.0,,64.694,69.379,726.0,728.087,16.974,18.539,3,idle,0,110,110,0,0
2026-08-27T14:29:48+0800,121.975,68.121,26.402,temp=58.5'C,throttled=0x0,15.0,1.998,125.555,153.732,244.664,0,467.239,64.553,93.248,94.835,108.287,158.99,193.427,10.166,121.407,40.0,,64.694,69.379,726.0,728.087,16.974,18.539,3,idle,0,110,110,0,0
2026-08-27T14:29:49+0800,121.894,68.145,26.402,temp=59.1'C,throttled=0x0,15.0,1.998,125.555,153.732,266.706,0,463.429,64.086,92.412,94.649,107.427,158.99,193.427,10.164,119.511,40.0,,64.694,69.379,726.0,728.087,16.974,18.539,3,idle,0,110,110,0,0
2026-08-27T14:29:50+0800,123.817,68.02,26.402,temp=58.5'C,throttled=0x0,15.0,1.998,125.648,153.732,288.474,0,463.429,63.819,92.412,94.649,106.594,158.99,193.427,10.151,121.251,40.0,,64.694,69.379,726.0,728.087,16.974,18.539,3,idle,0,110,110,0,0
2026-08-27T14:29:51+0800,122.192,68.094,26.402,temp=59.1'C,throttled=0x0,15.0,1.998,125.648,153.837,279.569,0,461.015,63.819,92.412,94.649,106.58,158.99,193.427,10.11,121.251,40.0,,64.694,69.379,726.0,728.087,16.974,18.539,3,playing,0,111,110,0,0
2026-08-27T14:29:52+0800,120.905,68.207,26.402,temp=59.1'C,throttled=0x0,15.0,1.998,125.648,153.837,379.266,0,461.015,63.819,92.412,94.649,106.58,158.99,193.427,10.061,121.55,40.0,,64.694,69.379,726.0,728.087,16.974,18.539,3,playing,0,111,110,0,0
2026-08-27T14:29:53+0800,129.379,71.016,26.402,temp=59.1'C,throttled=0x0,15.0,1.998,125.648,153.837,348.326,0,461.015,63.663,92.412,94.649,106.471,158.99,193.427,10.022,122.985,40.0,,64.694,69.379,726.0,728.087,16.974,18.539,3,idle,0,111,111,0,0
2026-08-27T14:29:54+0800,131.484,71.129,26.402,temp=58.5'C,throttled=0x0,15.0,1.998,125.648,153.837,472.287,0,463.429,63.663,92.412,94.649,106.471,158.99,193.427,10.005,122.985,40.0,,64.694,69.379,726.0,728.087,16.974,18.539,3,idle,0,111,111,0,0
2026-08-27T14:29:55+0800,124.344,68.105,26.402,temp=59.6'C,throttled=0x0,15.0,1.998,125.648,153.837,476.689,0,466.255,63.819,92.412,94.649,106.471,158.99,193.427,9.984,122.213,40.0,,64.694,69.379,726.0,728.087,16.974,18.539,3,idle,0,111,111,0,0
2026-08-27T14:29:56+0800,119.76,68.172,26.402,temp=59.1'C,throttled=0x0,15.1,1.998,125.555,153.837,473.419,0,467.239,63.819,92.412,94.649,106.471,158.99,193.427,9.955,122.213,40.0,,64.694,69.379,726.0,728.087,16.974,18.539,3,idle,0,111,111,0,0
2026-08-27T14:29:57+0800,122.95,68.148,26.402,temp=59.1'C,throttled=0x0,15.1,1.998,124.874,153.837,5.592,0,467.239,63.663,92.412,94.835,106.471,158.99,193.427,9.948,123.248,40.0,,64.694,69.379,726.0,728.087,16.974,18.539,3,idle,0,111,111,0,0
2026-08-27T14:29:58+0800,121.884,68.098,26.402,temp=59.1'C,throttled=0x0,15.1,1.998,124.874,153.837,466.074,0,466.255,63.663,92.412,94.905,106.471,158.99,193.427,9.95,123.248,40.0,,64.694,69.379,726.0,728.087,16.974,18.539,3,idle,0,111,111,0,0
2026-08-27T14:29:59+0800,120.674,68.109,26.402,temp=59.1'C,throttled=0x0,15.1,1.998,124.76,153.837,40.954,0,466.074,63.603,92.18,94.905,106.471,158.99,193.427,9.962,123.797,40.0,,64.694,69.379,726.0,728.087,16.974,18.539,3,idle,0,111,111,0,0
2026-08-27T14:30:00+0800,121.584,68.148,26.402,temp=59.1'C,throttled=0x0,15.1,1.998,124.76,153.837,59.382,0,465.375,63.603,92.18,94.835,106.471,158.99,193.427,9.953,124.3,40.0,,64.694,69.379,726.0,728.087,16.974,18.539,3,idle,0,111,111,0,0
2026-08-27T14:30:01+0800,121.049,68.129,26.402,temp=59.1'C,throttled=0x0,15.0,1.998,124.76,153.701,49.532,0,461.618,63.259,92.18,94.649,106.471,158.99,193.427,9.947,124.3,40.0,,64.694,69.379,726.0,728.087,16.974,18.539,3,idle,0,111,111,0,0
2026-08-27T14:30:02+0800,122.168,68.16,26.402,temp=58.5'C,throttled=0x0,15.0,1.998,124.76,153.701,50.644,0,461.618,63.259,92.18,94.649,106.442,158.99,193.427,9.933,124.3,40.0,,64.694,69.379,726.0,728.087,16.974,18.539,3,idle,0,111,111,0,0
2026-08-27T14:30:03+0800,122.947,68.031,26.402,temp=59.1'C,throttled=0x0,15.0,1.998,124.426,153.617,70.627,0,465.375,63.663,92.18,94.649,106.442,158.99,193.427,9.909,124.3,40.0,,64.694,69.379,726.0,728.087,16.974,18.539,3,idle,0,111,111,0,0
2026-08-27T14:30:04+0800,121.72,68.012,26.402,temp=59.1'C,throttled=0x0,15.0,1.998,124.426,153.617,71.885,0,466.074,63.819,92.18,94.835,106.442,158.99,193.427,9.89,123.797,40.0,,64.694,69.379,726.0,728.087,16.974,18.539,3,idle,0,111,111,0,0
2026-08-27T14:30:06+0800,123.501,68.195,26.402,temp=59.1'C,throttled=0x0,15.0,1.998,124.426,153.617,172.058,0,466.074,63.603,91.89,94.905,106.471,158.99,193.427,9.879,123.797,40.0,,64.694,69.379,726.0,728.087,16.974,18.539,3,idle,0,111,111,0,0
2026-08-27T14:30:07+0800,123.835,68.008,26.402,temp=59.1'C,throttled=0x0,15.0,1.998,124.426,153.617,171.798,0,466.074,63.259,90.578,94.935,106.471,158.99,193.427,9.864,123.248,40.0,,64.694,69.379,726.0,728.087,16.974,18.539,3,idle,0,111,111,0,0
2026-08-27T14:30:08+0800,122.31,68.16,26.402,temp=58.5'C,throttled=0x0,15.0,1.998,124.426,153.474,185.32,0,469.539,63.259,93.285,94.905,106.471,158.99,193.427,9.853,123.248,40.0,,64.694,69.379,726.0,728.087,16.974,18.539,3,idle,0,111,111,0,0
2026-08-27T14:30:09+0800,122.417,68.129,26.402,temp=59.1'C,throttled=0x0,15.0,1.998,124.426,153.474,245.669,0,469.539,62.278,93.285,94.905,106.58,158.99,193.427,9.83,124.3,40.0,,64.694,69.379,726.0,728.087,16.974,18.539,3,playing,0,112,111,0,0
2026-08-27T14:30:10+0800,119.742,68.07,26.402,temp=59.1'C,throttled=0x0,15.0,1.998,124.426,153.617,235.415,0,470.215,62.278,93.285,94.905,106.58,158.99,193.427,9.79,124.592,40.0,,64.694,69.379,726.0,728.087,16.974,18.539,3,playing,0,112,111,0,0
2026-08-27T14:30:11+0800,122.991,68.129,26.402,temp=59.1'C,throttled=0x0,15.0,1.998,124.426,153.837,215.921,0,469.539,62.278,93.285,94.905,106.58,158.99,193.427,9.783,126.332,40.0,,64.694,69.379,726.0,728.087,16.974,18.539,3,playing,0,112,111,0,0
2026-08-27T14:30:12+0800,121.797,68.09,26.402,temp=58.5'C,throttled=0x0,15.0,1.998,124.426,153.837,271.753,0,471.629,62.278,93.285,94.835,106.58,158.99,193.427,9.757,126.514,40.0,,64.694,69.379,726.0,728.087,16.974,18.539,3,playing,0,112,111,0,0
2026-08-27T14:30:13+0800,122.919,68.121,26.402,temp=59.1'C,throttled=0x0,15.0,1.998,124.426,153.837,252.156,0,471.629,61.485,91.89,94.835,106.974,158.99,193.427,9.718,128.177,40.0,,64.694,69.379,726.0,728.087,16.974,18.539,3,idle,0,112,112,0,0
2026-08-27T14:30:14+0800,120.024,68.125,26.402,temp=58.5'C,throttled=0x0,15.0,1.998,124.426,153.837,343.834,0,471.629,62.278,91.89,94.835,106.974,158.99,193.427,9.734,127.858,40.0,,64.694,69.379,726.0,728.087,16.974,18.539,3,idle,0,112,112,0,0
2026-08-27T14:30:15+0800,122.895,68.129,26.402,temp=58.5'C,throttled=0x0,15.0,1.998,124.426,153.837,359.134,0,471.629,62.278,91.89,94.649,106.974,158.99,193.427,9.729,127.858,40.0,,64.694,69.379,726.0,728.087,16.974,18.539,3,idle,0,112,112,0,0
2026-08-27T14:30:16+0800,122.001,68.176,26.402,temp=58.5'C,throttled=0x0,15.0,1.998,124.426,153.888,362.676,0,472.287,62.384,91.89,94.477,106.974,158.99,193.427,9.735,128.177,40.0,,64.694,69.379,726.0,728.087,16.974,18.539,3,idle,0,112,112,0,0
2026-08-27T14:30:17+0800,119.83,68.152,26.402,temp=59.1'C,throttled=0x0,15.0,1.998,124.426,153.97,340.405,0,472.287,63.259,91.89,94.407,106.974,158.99,193.427,9.747,128.177,40.0,,64.694,69.379,726.0,728.087,16.974,18.539,3,idle,0,112,112,0,0
2026-08-27T14:30:18+0800,119.489,69.875,26.402,temp=58.5'C,throttled=0x0,15.0,1.998,122.941,153.97,393.449,0,472.287,63.259,91.89,94.407,106.974,158.99,193.427,9.825,126.514,40.0,,64.694,69.379,726.0,728.087,16.974,18.539,3,idle,0,112,112,0,0
2026-08-27T14:30:19+0800,126.451,71.148,26.402,temp=58.0'C,throttled=0x0,15.0,1.998,122.941,153.97,448.374,0,472.382,63.603,91.89,94.407,106.974,158.99,193.427,9.872,124.65,40.0,,64.694,69.379,726.0,728.087,16.974,18.539,3,idle,0,112,112,0,0
2026-08-27T14:30:20+0800,127.656,71.078,26.402,temp=58.0'C,throttled=0x0,15.0,1.998,122.941,153.97,411.399,0,472.287,63.603,91.89,94.233,106.974,158.99,193.427,9.903,124.3,40.0,,64.694,69.379,726.0,728.087,16.974,18.539,3,idle,0,112,112,0,0
2026-08-27T14:30:21+0800,123.268,67.945,26.402,temp=59.1'C,throttled=0x0,15.0,1.998,122.941,153.97,494.643,0,471.629,63.603,91.89,94.171,106.58,158.99,193.427,9.909,124.65,40.0,,64.694,69.379,726.0,728.087,16.974,18.539,3,idle,0,112,112,0,0
2026-08-27T14:30:22+0800,118.996,68.043,26.402,temp=58.5'C,throttled=0x0,15.0,1.998,122.941,153.888,433.806,0,470.912,63.663,91.89,94.155,106.58,158.99,193.427,9.925,124.65,40.0,,64.694,69.379,726.0,728.087,16.974,18.539,3,idle,0,112,112,0,0
2026-08-27T14:30:23+0800,116.825,68.176,26.402,temp=59.1'C,throttled=0x0,15.0,1.998,122.53,153.837,443.408,0,469.539,63.663,91.89,94.155,106.58,158.99,193.427,9.934,124.65,40.0,,64.694,69.379,726.0,728.087,16.974,18.539,3,idle,0,112,112,0,0
2026-08-27T14:30:24+0800,117.631,67.961,26.402,temp=58.0'C,throttled=0x0,15.0,1.998,122.011,153.617,486.872,0,469.539,63.603,91.89,94.171,106.58,158.99,193.427,9.945,124.65,40.0,,64.694,69.379,726.0,728.087,16.974,18.539,3,idle,0,112,112,0,0
2026-08-27T14:30:25+0800,121.083,68.051,26.402,temp=58.5'C,throttled=0x0,15.0,1.998,122.011,153.617,20.934,0,469.539,63.663,91.89,94.171,106.58,158.99,193.427,9.952,124.65,40.0,,64.694,69.379,726.0,728.087,16.974,18.539,3,idle,0,112,112,0,0
2026-08-27T14:30:26+0800,120.215,68.121,26.402,temp=58.5'C,throttled=0x0,15.0,1.998,122.53,153.617,89.114,0,470.639,63.819,91.89,94.155,106.58,158.99,193.427,9.976,123.44,40.0,,64.694,69.379,726.0,728.087,16.974,18.539,3,idle,0,112,112,0,0
2026-08-27T14:30:27+0800,122.99,68.113,26.402,temp=58.5'C,throttled=0x0,15.0,1.998,122.53,153.617,81.573,0,471.629,63.819,91.89,94.23,106.58,158.99,193.427,9.972,123.44,40.0,,64.694,69.379,726.0,728.087,16.974,18.539,3,idle,0,112,112,0,0
2026-08-27T14:30:28+0800,122.316,68.121,26.402,temp=59.1'C,throttled=0x0,15.0,1.998,122.897,153.837,20.975,0,472.382,63.819,91.89,94.23,106.58,158.99,193.427,9.95,124.65,40.0,,64.694,69.379,726.0,728.087,16.974,18.539,3,playing,0,113,112,0,0
2026-08-27T14:30:29+0800,121.803,68.113,26.402,temp=59.1'C,throttled=0x0,15.0,1.998,122.897,153.837,58.624,0,472.382,63.819,91.89,94.23,106.58,158.99,193.427,9.914,126.514,40.0,,64.694,69.379,726.0,728.087,16.974,18.539,3,playing,0,113,112,0,0
2026-08-27T14:30:30+0800,124.336,68.148,26.402,temp=58.5'C,throttled=0x0,15.0,1.998,122.897,153.837,156.119,0,476.645,63.663,91.89,94.23,107.427,158.99,193.427,9.88,127.858,40.0,,64.694,69.379,726.0,728.087,16.974,18.539,3,playing,0,113,112,0,0
2026-08-27T14:30:31+0800,121.74,68.062,26.402,temp=58.5'C,throttled=0x0,15.0,1.998,122.897,153.837,182.852,0,477.516,63.663,91.89,94.23,107.427,158.99,193.427,9.877,126.514,40.0,,64.694,69.379,726.0,728.087,16.974,18.539,3,playing,0,113,112,0,0
2026-08-27T14:30:32+0800,125.785,68.07,26.402,temp=59.1'C,throttled=0x0,15.0,1.998,122.897,153.837,118.381,0,477.516,63.603,90.578,94.23,107.427,158.99,193.427,9.86,127.858,40.0,,64.694,69.379,726.0,728.087,16.974,18.539,3,playing,0,113,112,0,0
2026-08-27T14:30:33+0800,118.16,68.098,26.402,temp=59.1'C,throttled=0x0,15.0,1.998,122.897,153.837,146.889,0,472.382,63.259,89.767,94.23,107.427,158.99,193.427,9.853,128.177,40.0,,64.694,69.379,726.0,728.087,16.974,18.539,3,idle,0,113,113,0,0
2026-08-27T14:30:34+0800,122.972,68.062,26.402,temp=59.1'C,throttled=0x0,15.0,1.998,122.897,153.837,146.324,0,470.912,61.485,89.767,94.23,107.427,158.99,193.427,9.854,129.824,40.0,,64.694,69.379,726.0,728.087,16.974,18.539,3,idle,0,113,113,0,0
2026-08-27T14:30:35+0800,121.157,68.094,26.402,temp=58.5'C,throttled=0x0,15.0,1.998,122.897,153.837,265.976,0,470.639,61.221,89.767,94.23,106.58,158.99,193.427,9.897,127.858,40.0,,64.694,69.379,726.0,728.087,16.974,18.539,3,idle,0,113,113,0,0
2026-08-27T14:30:36+0800,121.008,68.012,26.402,temp=58.5'C,throttled=0x0,15.0,1.998,122.897,153.837,277.806,0,470.912,61.221,89.114,94.171,106.58,158.99,193.427,9.934,122.502,40.0,,64.694,69.379,726.0,728.087,16.974,18.539,3,idle,0,113,113,0,0
2026-08-27T14:30:37+0800,121.281,68.145,26.402,temp=59.1'C,throttled=0x0,15.0,1.998,122.897,153.97,275.26,0,471.286,61.221,89.114,94.23,106.58,158.99,193.427,9.953,122.04,40.0,,64.694,69.379,726.0,728.087,16.974,18.539,3,idle,0,113,113,0,0
2026-08-27T14:30:38+0800,123.588,68.016,26.402,temp=58.5'C,throttled=0x0,15.0,1.998,122.897,154.062,270.438,0,471.286,61.221,89.114,94.23,106.58,158.99,193.427,9.985,121.366,40.0,,64.694,69.379,726.0,728.087,16.974,18.539,3,idle,0,113,113,0,0
2026-08-27T14:30:39+0800,116.893,68.156,26.402,temp=58.5'C,throttled=0x0,15.0,1.998,122.897,154.062,296.336,0,471.286,61.221,89.114,94.171,106.58,158.99,193.427,10.012,121.366,40.0,,64.694,69.379,726.0,728.087,16.974,18.539,3,idle,0,113,113,0,0
2026-08-27T14:30:40+0800,116.014,68.07,26.402,temp=58.5'C,throttled=0x0,15.0,1.998,122.53,154.062,335.247,0,477.516,61.221,89.114,94.155,106.58,158.99,193.427,10.041,121.366,40.0,,64.694,69.379,726.0,728.087,16.974,18.539,3,idle,0,113,113,0,0
2026-08-27T14:30:41+0800,114.862,68.109,26.402,temp=58.5'C,throttled=0x0,15.0,1.998,122.897,154.062,312.324,0,470.912,60.926,89.114,94.12,106.58,158.99,193.427,10.054,120.994,40.0,,64.694,69.379,726.0,728.087,16.974,18.539,3,idle,0,113,113,0,0
2026-08-27T14:30:42+0800,116.072,68.18,26.402,temp=58.0'C,throttled=0x0,15.0,1.998,122.53,154.062,319.576,0,470.912,60.926,89.114,94.12,106.58,158.99,193.427,10.078,120.994,40.0,,64.694,69.379,726.0,728.087,16.974,18.539,3,idle,0,113,113,0,0
2026-08-27T14:30:43+0800,116.068,68.156,26.402,temp=58.5'C,throttled=0x0,15.0,1.998,121.91,154.062,341.54,0,470.912,61.221,89.114,94.12,106.58,158.99,193.427,10.092,120.912,40.0,,64.694,69.379,726.0,728.087,16.974,18.539,3,idle,0,113,113,0,0
2026-08-27T14:30:44+0800,121.318,70.965,26.402,temp=58.0'C,throttled=0x0,15.0,1.998,121.788,153.97,386.163,0,470.631,61.485,89.114,94.101,106.58,158.99,193.427,10.1,120.912,40.0,,64.694,69.379,726.0,728.087,16.974,18.539,3,idle,0,113,113,0,0
2026-08-27T14:30:45+0800,123.587,71.086,26.402,temp=58.5'C,throttled=0x0,15.0,1.998,121.788,153.97,441.103,0,471.286,61.485,89.114,94.101,106.58,158.99,193.427,10.115,120.912,40.0,,64.694,69.379,726.0,728.087,16.974,18.539,3,idle,0,113,113,0,0
2026-08-27T14:30:46+0800,122.04,68.062,26.402,temp=58.0'C,throttled=0x0,15.0,1.998,121.91,153.97,1.706,0,470.631,60.926,89.114,94.101,106.58,158.99,193.427,10.102,120.994,40.0,,64.694,69.379,726.0,728.087,16.974,18.539,3,idle,0,113,113,0,0
2026-08-27T14:30:47+0800,120.072,68.062,26.402,temp=58.5'C,throttled=0x0,15.0,1.998,121.91,153.97,475.649,0,475.59,60.926,89.114,94.12,106.58,158.99,193.427,10.1,120.912,40.0,,64.694,69.379,726.0,728.087,16.974,18.539,3,playing,0,114,113,0,0
2026-08-27T14:30:48+0800,115.82,68.141,26.402,temp=58.5'C,throttled=0x0,15.0,1.998,121.91,153.97,24.736,0,475.59,60.958,89.114,94.155,106.58,158.99,193.427,10.033,121.366,40.0,,64.694,69.379,726.0,728.087,16.974,18.539,3,playing,0,114,113,0,0
2026-08-27T14:30:49+0800,120.949,68.078,26.402,temp=59.1'C,throttled=0x0,15.0,1.998,121.91,153.97,492.028,0,475.649,60.958,89.114,94.155,106.58,158.99,193.427,9.986,121.703,40.0,,64.694,69.379,726.0,728.087,16.974,18.539,3,playing,0,114,113,0,0
2026-08-27T14:30:50+0800,119.973,68.211,26.402,temp=59.1'C,throttled=0x0,15.0,1.998,121.91,153.97,53.009,0,475.59,60.926,89.761,94.155,106.58,158.99,193.427,9.941,123.839,40.0,,64.694,69.379,726.0,728.087,16.974,18.539,3,playing,0,114,113,0,0
2026-08-27T14:30:51+0800,122.961,68.113,26.402,temp=58.5'C,throttled=0x0,15.0,1.998,121.91,153.97,59.48,0,475.59,60.193,89.761,94.12,106.58,158.99,193.427,9.925,123.839,40.0,,64.694,69.379,726.0,728.087,16.974,18.539,3,idle,0,114,114,0,0
2026-08-27T14:30:52+0800,121.021,67.965,26.402,temp=59.1'C,throttled=0x0,15.0,1.998,121.91,153.97,68.796,0,471.286,60.193,89.761,94.155,106.58,158.99,193.427,9.911,124.212,40.0,,64.694,69.379,726.0,728.087,16.974,18.539,3,idle,0,114,114,0,0
2026-08-27T14:30:54+0800,121.914,68.184,26.402,temp=58.5'C,throttled=0x0,15.0,1.998,121.91,153.97,65.31,0,465.775,60.193,89.114,94.171,106.58,158.99,193.427,9.919,124.212,40.0,,64.694,69.379,726.0,728.087,16.974,18.539,3,idle,0,114,114,0,0
2026-08-27T14:30:55+0800,121.999,68.125,26.402,temp=59.1'C,throttled=0x0,15.0,1.998,121.91,153.97,73.741,0,465.775,60.926,89.114,94.155,106.58,158.99,193.427,9.978,122.801,40.0,,64.694,69.379,726.0,728.087,16.974,18.539,3,idle,0,114,114,0,0
2026-08-27T14:30:56+0800,123.924,68.156,26.402,temp=58.0'C,throttled=0x0,15.0,1.998,121.91,153.97,81.324,0,465.775,60.958,89.114,94.133,106.471,158.99,193.427,10.012,121.703,40.0,,64.694,69.379,726.0,728.087,16.974,18.539,3,idle,0,114,114,0,0
2026-08-27T14:30:57+0800,121.872,67.988,26.402,temp=58.0'C,throttled=0x0,15.0,1.998,121.91,153.97,178.756,0,470.482,61.221,89.761,94.12,106.471,158.99,193.427,10.033,122.801,40.0,,64.694,69.379,726.0,728.087,16.974,18.539,3,idle,0,114,114,0,0
2026-08-27T14:30:58+0800,122.019,68.027,26.402,temp=58.0'C,throttled=0x0,15.0,1.998,121.91,153.97,164.118,0,471.286,61.221,89.761,94.12,106.471,158.99,193.427,10.056,121.703,40.0,,64.694,69.379,726.0,728.087,16.974,18.539,3,idle,0,114,114,0,0
2026-08-27T14:30:59+0800,121.382,68.094,26.402,temp=58.0'C,throttled=0x0,15.0,1.998,121.91,153.97,163.106,0,471.286,61.221,89.761,94.12,106.471,158.99,193.427,10.06,121.273,40.0,,64.694,69.379,726.0,728.087,16.974,18.539,3,idle,0,114,114,0,0
2026-08-27T14:31:00+0800,126.555,68.141,26.402,temp=58.5'C,throttled=0x0,15.0,1.998,121.91,153.97,236.893,0,471.286,60.926,89.761,94.12,107.427,158.99,193.427,9.996,121.703,40.0,,64.694,69.379,726.0,728.087,16.974,18.539,3,idle,0,114,114,0,0
2026-08-27T14:31:01+0800,127.585,68.258,26.402,temp=58.0'C,throttled=0x0,15.0,1.998,121.788,153.97,241.446,0,474.804,60.926,89.968,94.12,108.457,158.99,193.427,9.913,124.385,40.0,,64.694,69.379,726.0,728.087,16.974,18.539,3,idle,0,114,114,0,0
2026-08-27T14:31:02+0800,128.355,68.031,26.402,temp=58.5'C,throttled=0x0,15.0,1.998,121.788,153.929,261.48,0,474.237,60.193,89.968,94.133,110.268,158.99,193.427,9.837,129.275,40.0,,64.694,69.379,726.0,728.087,16.974,18.539,4,idle,0,114,114,0,0
2026-08-27T14:31:03+0800,125.809,67.965,26.402,temp=58.0'C,throttled=0x0,15.0,1.998,121.788,153.929,212.467,0,471.286,59.713,89.761,94.133,110.833,158.99,193.427,9.782,131.584,40.0,,64.694,69.379,726.0,728.087,16.974,18.539,4,idle,0,114,114,0,0
2026-08-27T14:31:04+0800,117.82,68.152,26.402,temp=59.1'C,throttled=0x0,15.0,1.998,120.972,153.837,244.454,0,470.482,59.713,89.761,94.155,110.833,158.99,193.427,9.735,136.1,40.0,,64.694,69.379,726.0,728.087,16.974,18.539,4,playing,0,115,114,0,0
2026-08-27T14:31:05+0800,120.821,68.211,26.402,temp=58.5'C,throttled=0x0,15.0,1.998,121.788,153.929,250.823,0,470.482,59.48,89.114,94.155,110.833,158.99,193.427,9.684,137.881,40.0,,64.694,69.379,726.0,728.087,16.974,18.539,4,playing,0,115,114,0,0
2026-08-27T14:31:06+0800,121.891,68.078,26.402,temp=58.5'C,throttled=0x0,15.0,1.998,121.91,153.929,299.187,0,474.237,59.48,89.761,94.23,110.833,158.99,193.427,9.642,137.881,40.0,,64.694,69.379,726.0,728.087,16.974,18.539,4,playing,0,115,114,0,0
2026-08-27T14:31:07+0800,118.909,68.18,26.402,temp=58.5'C,throttled=0x0,15.0,1.998,121.91,153.929,376.284,0,472.023,59.466,89.761,94.233,110.833,158.99,193.427,9.594,138.97,40.0,,64.694,69.379,726.0,728.087,16.974,18.539,4,idle,0,115,115,0,0
2026-08-27T14:31:08+0800,120.85,68.242,26.402,temp=58.0'C,throttled=0x0,15.0,1.998,121.91,153.929,362.772,0,474.237,59.48,89.761,94.233,110.833,158.99,193.427,9.593,138.97,40.0,,64.694,69.379,726.0,728.087,16.974,18.539,4,idle,0,115,115,0,0
2026-08-27T14:31:09+0800,122.001,68.25,26.402,temp=58.0'C,throttled=0x0,15.0,1.998,121.921,153.929,349.982,0,474.804,59.713,89.761,94.233,110.833,158.99,193.427,9.57,138.97,40.0,,64.694,69.379,726.0,728.087,16.974,18.539,4,idle,0,115,115,0,0
2026-08-27T14:31:10+0800,119.834,71.039,26.402,temp=58.5'C,throttled=0x0,15.0,1.998,121.921,153.929,387.266,0,474.237,59.713,89.761,94.155,110.833,158.99,193.427,9.565,138.97,40.0,,64.694,69.379,726.0,728.087,16.974,18.539,4,idle,0,115,115,0,0
2026-08-27T14:31:11+0800,123.817,71.035,26.402,temp=58.0'C,throttled=0x0,15.0,1.998,121.921,153.929,438.309,0,474.804,59.713,89.761,94.133,110.833,158.99,193.427,9.565,138.97,40.0,,64.694,69.379,726.0,728.087,16.974,18.539,4,idle,0,115,115,0,0
2026-08-27T14:31:12+0800,123.849,68.09,26.402,temp=58.0'C,throttled=0x0,15.0,1.998,122.53,153.97,400.672,0,474.237,59.713,89.761,94.12,110.833,158.99,193.427,9.559,138.97,40.0,,64.694,69.379,726.0,728.087,16.974,18.539,4,idle,0,115,115,0,0
2026-08-27T14:31:13+0800,114.14,68.184,26.402,temp=59.1'C,throttled=0x0,15.0,1.998,122.53,153.97,417.42,0,474.237,60.193,89.761,94.067,110.833,158.99,193.427,9.573,137.881,40.0,,64.694,69.379,726.0,728.087,16.974,18.539,4,idle,0,115,115,0,0
2026-08-27T14:31:14+0800,116.45,68.125,26.402,temp=58.5'C,throttled=0x0,15.0,1.998,122.53,153.97,444.968,0,474.237,59.713,89.761,94.028,110.833,158.99,193.427,9.58,137.881,40.0,,64.694,69.379,726.0,728.087,16.974,18.539,4,idle,0,115,115,0,0
2026-08-27T14:31:15+0800,119.095,68.227,26.402,temp=58.5'C,throttled=0x0,15.0,1.998,122.53,153.97,471.95,0,472.023,60.193,89.761,94.028,111.647,158.99,193.427,9.582,136.1,40.0,,64.694,69.379,726.0,728.087,16.974,18.539,4,idle,0,115,115,0,0
2026-08-27T14:31:16+0800,125.601,68.098,26.402,temp=58.5'C,throttled=0x0,15.0,1.998,122.53,154.062,57.442,0,472.023,59.713,89.761,94.101,112.039,158.99,193.427,9.541,136.1,40.0,,64.694,69.379,726.0,728.087,16.974,18.539,4,idle,0,115,115,0,0
2026-08-27T14:31:17+0800,123.345,68.27,26.402,temp=58.5'C,throttled=0x0,15.0,1.998,122.53,154.062,72.846,0,471.95,59.713,89.761,94.155,112.612,158.99,193.427,9.483,139.349,40.0,,64.694,69.379,726.0,728.087,16.974,18.539,4,idle,0,115,115,0,0
2026-08-27T14:31:18+0800,126.817,68.105,26.402,temp=58.5'C,throttled=0x0,15.0,1.998,122.53,154.062,436.396,0,471.95,59.713,89.761,94.155,112.612,158.99,193.427,9.428,139.56,40.0,,64.694,69.379,726.0,728.087,16.974,18.539,4,idle,0,115,115,0,0
2026-08-27T14:31:19+0800,119.951,68.227,26.402,temp=58.5'C,throttled=0x0,15.0,1.998,122.53,154.062,436.396,0,471.95,59.713,89.761,94.155,112.612,158.99,193.427,9.427,139.56,40.0,,64.694,69.379,726.0,728.087,16.974,18.539,4,idle,0,115,115,0,0
2026-08-27T14:31:20+0800,116.949,68.082,26.402,temp=58.5'C,throttled=0x0,15.0,1.998,122.53,154.062,436.396,0,471.95,59.713,89.761,94.155,112.612,158.99,193.427,9.471,139.56,40.0,,64.694,69.379,726.0,728.087,16.974,18.539,4,idle,0,115,115,0,0
2026-08-27T14:31:21+0800,121.849,68.148,26.402,temp=58.5'C,throttled=0x0,15.0,1.998,122.092,154.062,158.2,0,471.95,59.592,89.761,94.155,112.819,158.46,193.427,9.472,139.56,40.0,,64.694,69.379,726.0,728.087,16.974,18.539,4,idle,0,115,115,0,0
2026-08-27T14:31:22+0800,116.385,68.211,26.402,temp=59.1'C,throttled=0x0,15.0,1.998,121.921,154.062,190.367,0,471.95,59.713,89.968,94.23,112.819,158.46,193.427,9.424,139.56,40.0,,64.694,69.379,726.0,728.087,16.974,18.539,4,playing,0,116,115,0,0
2026-08-27T14:31:23+0800,118.508,68.102,26.402,temp=59.1'C,throttled=0x0,15.0,1.998,121.921,154.062,155.461,0,471.95,59.713,89.968,94.477,113.31,158.46,193.427,9.364,142.526,40.0,,64.694,69.379,726.0,728.087,16.974,18.539,4,playing,0,116,115,0,0
2026-08-27T14:31:24+0800,122.119,68.09,26.402,temp=58.5'C,throttled=0x0,15.0,1.998,122.092,154.062,378.681,0,471.95,59.713,89.968,94.477,113.31,158.46,193.427,9.307,143.563,40.0,,64.694,69.379,726.0,728.087,16.974,18.539,4,playing,0,116,115,0,0
2026-08-27T14:31:25+0800,119.955,68.031,26.402,temp=58.5'C,throttled=0x0,15.0,1.998,122.092,154.062,378.681,0,471.95,59.713,89.968,94.477,113.31,158.46,193.427,9.25,143.563,40.0,,64.694,69.379,726.0,728.087,16.974,18.539,4,playing,0,116,115,0,0
2026-08-27T14:31:26+0800,122.705,68.137,26.402,temp=59.1'C,throttled=0x0,15.0,1.998,121.921,154.062,198.961,0,471.95,60.193,89.968,94.649,113.806,158.46,213.212,9.182,143.563,40.0,,64.694,69.379,726.0,728.087,16.974,18.539,4,playing,0,116,115,0,0
2026-08-27T14:31:27+0800,114.864,68.121,26.402,temp=58.0'C,throttled=0x0,15.0,1.998,121.921,153.97,309.891,0,471.95,60.193,89.968,94.477,113.806,158.46,213.212,9.234,143.563,40.0,,64.694,69.379,726.0,728.087,16.974,18.539,4,idle,0,116,116,0,0
2026-08-27T14:31:28+0800,118.743,68.141,26.402,temp=58.0'C,throttled=0x0,15.0,1.998,121.91,153.97,265.238,0,472.023,60.193,89.968,94.477,113.806,158.46,213.212,9.333,143.563,40.0,,64.694,69.379,726.0,728.087,16.974,18.539,4,idle,0,116,116,0,0
2026-08-27T14:31:29+0800,116.236,68.062,26.402,temp=58.0'C,throttled=0x0,15.0,1.998,121.91,153.97,453.571,0,472.023,60.193,89.968,94.477,113.806,158.46,213.212,9.466,135.731,40.0,,64.694,69.379,726.0,728.087,16.974,18.539,4,idle,0,116,116,0,0
2026-08-27T14:31:30+0800,117.029,68.129,26.402,temp=58.0'C,throttled=0x0,15.0,1.998,121.91,153.97,453.571,0,472.023,60.193,89.968,94.477,113.806,158.46,213.212,9.554,135.038,40.0,,64.694,69.379,726.0,728.087,16.974,18.539,4,idle,0,116,116,0,0
2026-08-27T14:31:31+0800,123.838,68.184,26.402,temp=58.5'C,throttled=0x0,15.0,1.998,121.91,153.929,347.459,0,471.95,59.713,90.527,94.763,113.806,158.46,213.212,9.547,134.319,40.0,,64.694,69.379,726.0,728.087,16.974,18.539,4,idle,0,116,116,0,0
2026-08-27T14:31:32+0800,123.345,68.156,26.402,temp=58.0'C,throttled=0x0,15.0,1.998,121.91,153.929,309.358,0,471.95,60.193,90.527,94.763,113.806,158.46,213.212,9.541,135.156,40.0,,64.694,69.379,726.0,728.087,16.974,18.539,4,idle,0,116,116,0,0
2026-08-27T14:31:33+0800,131.326,71.133,26.402,temp=58.0'C,throttled=0x0,15.0,1.998,121.91,153.929,410.958,0,471.95,60.926,90.527,94.87,114.567,158.46,213.212,9.497,135.306,40.0,,64.694,69.379,726.0,728.087,16.974,18.539,4,idle,0,116,116,0,0
2026-08-27T14:31:34+0800,136.079,70.957,26.402,temp=58.5'C,throttled=0x0,15.0,1.998,121.921,153.929,451.308,0,471.95,60.958,90.527,94.87,115.629,158.46,213.212,9.41,135.759,40.0,,64.694,69.379,726.0,728.087,16.974,18.539,4,idle,0,116,116,0,0
2026-08-27T14:31:35+0800,128.047,68.117,26.402,temp=58.5'C,throttled=0x0,15.0,1.998,122.53,153.929,437.522,0,466.106,61.221,90.527,94.87,116.802,158.46,213.212,9.35,136.881,40.0,,64.694,69.379,726.0,728.087,16.974,18.539,4,idle,0,116,116,0,0
2026-08-27T14:31:36+0800,125.892,68.219,26.402,temp=58.5'C,throttled=0x0,15.0,1.998,122.53,153.929,12.351,0,464.769,61.491,90.527,94.763,116.89,158.46,213.212,9.275,137.58,40.0,,64.694,69.379,726.0,728.087,16.974,18.539,4,idle,0,116,116,0,0
2026-08-27T14:31:37+0800,124.406,68.145,26.402,temp=59.1'C,throttled=0x0,15.0,1.998,122.897,153.929,7.303,0,464.769,61.491,90.527,94.87,116.89,158.46,213.212,9.256,137.58,40.0,,64.694,69.379,726.0,728.087,16.974,18.539,4,idle,0,116,116,0,0
2026-08-27T14:31:38+0800,120.072,68.219,26.402,temp=58.5'C,throttled=0x0,15.0,1.998,122.897,153.929,482.535,0,471.95,62.108,92.972,94.87,116.89,158.46,213.212,9.247,137.58,40.0,,64.694,69.379,726.0,728.087,16.974,18.539,4,idle,0,116,116,0,0
2026-08-27T14:31:40+0800,121.806,68.156,26.402,temp=58.5'C,throttled=0x0,15.0,1.998,122.897,153.929,475.004,0,471.95,62.108,92.972,94.905,116.89,158.46,213.212,9.24,137.58,40.0,,64.694,69.379,726.0,728.087,16.974,18.539,4,idle,0,116,116,0,0
2026-08-27T14:31:41+0800,123.436,68.094,26.402,temp=59.1'C,throttled=0x0,15.0,1.998,122.897,153.929,69.546,0,472.023,62.108,92.972,94.87,116.89,158.46,213.212,9.217,137.58,40.0,,64.694,69.379,726.0,728.087,16.974,18.539,4,idle,0,116,116,0,0
2026-08-27T14:31:42+0800,123.74,68.195,26.402,temp=59.1'C,throttled=0x0,15.0,1.998,122.897,153.929,75.992,0,469.102,61.491,92.972,94.905,116.89,158.46,213.212,9.184,137.814,40.0,,64.694,69.379,726.0,728.087,16.974,18.539,4,playing,0,117,116,0,0
2026-08-27T14:31:43+0800,117.835,68.133,26.402,temp=59.1'C,throttled=0x0,15.0,1.998,122.897,153.929,65.594,0,466.106,61.491,92.972,95.011,116.89,158.46,213.212,9.15,143.22,40.0,,64.694,69.379,726.0,728.087,16.974,18.539,4,playing,0,117,116,0,0
2026-08-27T14:31:44+0800,123.824,68.219,26.402,temp=59.1'C,throttled=0x0,15.0,1.998,122.897,153.929,117.617,0,466.106,61.221,92.972,95.079,116.89,158.46,213.212,9.189,143.22,40.0,,64.694,69.379,726.0,728.087,16.974,18.539,4,playing,0,117,116,0,0
2026-08-27T14:31:45+0800,121.95,68.211,26.402,temp=58.5'C,throttled=0x0,15.0,1.998,122.897,153.929,77.764,0,469.102,61.221,92.972,95.114,116.89,158.46,213.212,9.245,137.814,40.0,,64.694,69.379,726.0,728.087,16.974,18.539,4,playing,0,117,116,0,0
2026-08-27T14:31:46+0800,121.778,68.168,26.402,temp=58.0'C,throttled=0x0,15.0,1.998,122.897,153.929,139.282,0,462.656,60.926,90.527,95.197,116.89,158.46,213.212,9.311,136.881,40.0,,64.694,69.379,726.0,728.087,16.974,18.539,4,playing,0,117,116,0,0
2026-08-27T14:31:47+0800,125.165,68.219,26.402,temp=59.1'C,throttled=0x0,15.0,1.998,122.897,153.929,187.401,0,469.102,60.958,90.527,95.197,116.89,158.46,213.212,9.281,136.881,40.0,,64.694,69.379,726.0,728.087,16.974,18.539,4,playing,0,117,116,0,0
2026-08-27T14:31:48+0800,119.963,68.203,26.402,temp=58.5'C,throttled=0x0,15.0,1.998,122.897,153.929,225.209,0,469.102,60.958,90.527,95.197,116.89,158.46,213.212,9.247,136.881,40.0,,64.694,69.379,726.0,728.087,16.974,18.539,4,idle,0,117,117,0,0
2026-08-27T14:31:49+0800,123.019,68.258,26.402,temp=58.5'C,throttled=0x0,15.0,1.998,122.897,153.929,400.558,0,469.102,60.958,90.527,95.197,116.89,158.46,213.212,9.236,136.881,40.0,,64.694,69.379,726.0,728.087,16.974,18.539,4,idle,0,117,117,0,0
2026-08-27T14:31:50+0800,122.835,68.191,26.402,temp=58.5'C,throttled=0x0,15.0,1.998,122.897,153.929,400.558,0,469.102,60.958,90.527,95.197,116.89,158.46,213.212,9.292,136.881,40.0,,64.694,69.379,726.0,728.087,16.974,18.539,4,idle,0,117,117,0,0
2026-08-27T14:31:51+0800,120.912,68.164,26.402,temp=58.0'C,throttled=0x0,15.0,1.998,122.897,153.929,400.558,0,469.102,60.958,90.527,95.197,116.89,158.46,213.212,9.385,136.013,40.0,,64.694,69.379,726.0,728.087,16.974,18.539,4,idle,0,117,117,0,0
2026-08-27T14:31:52+0800,124.524,68.109,26.402,temp=58.5'C,throttled=0x0,15.0,1.998,122.897,153.929,400.558,0,469.102,60.958,90.527,95.197,116.89,158.46,213.212,9.454,135.759,40.0,,64.694,69.379,726.0,728.087,16.974,18.539,4,idle,0,117,117,0,0
2026-08-27T14:31:53+0800,127.782,68.152,26.402,temp=58.5'C,throttled=0x0,15.0,1.998,122.897,153.929,214.496,0,469.102,60.926,92.972,95.197,116.89,158.46,193.427,9.469,135.759,40.0,,64.694,69.379,726.0,728.087,16.974,18.539,4,idle,0,117,117,0,0
2026-08-27T14:31:54+0800,121.008,68.129,26.402,temp=58.5'C,throttled=0x0,15.0,1.998,122.897,153.929,335.1,0,462.656,60.958,92.972,95.114,116.89,158.46,193.427,9.501,135.759,40.0,,64.694,69.379,726.0,728.087,16.974,18.539,4,idle,0,117,117,0,0
2026-08-27T14:31:55+0800,122.877,68.172,26.402,temp=58.0'C,throttled=0x0,15.0,1.998,122.897,153.929,329.839,0,462.656,60.958,92.972,95.079,116.89,148.413,193.427,9.484,135.759,40.0,,64.694,69.379,726.0,728.087,16.974,18.539,4,idle,0,117,117,0,0
2026-08-27T14:31:56+0800,123.824,68.188,26.402,temp=58.5'C,throttled=0x0,15.0,1.998,122.897,153.929,355.422,0,469.102,60.926,92.972,95.079,116.89,148.413,193.427,9.454,135.759,40.0,,64.694,69.379,726.0,728.087,16.974,18.539,4,idle,0,117,117,0,0
2026-08-27T14:31:57+0800,125.748,68.199,26.402,temp=58.5'C,throttled=0x0,15.0,1.998,122.897,153.929,476.242,0,470.896,60.926,92.972,95.079,116.89,148.413,193.427,9.421,135.759,40.0,,64.694,69.379,726.0,728.087,16.974,18.539,4,idle,0,117,117,0,0
2026-08-27T14:31:58+0800,121.176,68.539,26.402,temp=58.0'C,throttled=0x0,15.0,1.998,122.897,153.929,476.242,0,470.896,60.926,92.972,95.079,116.89,148.413,193.427,9.413,135.759,40.0,,64.694,69.379,726.0,728.087,16.974,18.539,4,idle,0,117,117,0,0
2026-08-27T14:31:59+0800,130.255,71.031,26.402,temp=58.0'C,throttled=0x0,15.0,1.998,122.897,153.929,476.242,0,470.896,60.926,92.972,95.079,116.89,148.413,193.427,9.447,135.156,40.0,,64.694,69.379,726.0,728.087,16.974,18.539,4,idle,0,117,117,0,0
2026-08-27T14:32:00+0800,126.258,71.121,26.402,temp=58.0'C,throttled=0x0,15.0,1.998,122.897,153.929,476.242,0,470.896,60.926,92.972,95.079,116.89,148.413,193.427,9.534,131.56,40.0,,64.694,69.379,726.0,728.087,16.974,18.539,4,idle,0,117,117,0,0
2026-08-27T14:32:01+0800,122.904,68.137,26.402,temp=58.5'C,throttled=0x0,15.0,1.998,122.897,153.929,476.242,0,470.896,60.926,92.972,95.079,116.89,148.413,193.427,9.653,129.9,40.0,,64.694,69.379,726.0,728.087,16.974,18.539,4,idle,0,117,117,0,0
2026-08-27T14:32:02+0800,121.935,68.254,26.402,temp=58.0'C,throttled=0x0,15.0,1.998,122.897,153.929,476.242,0,470.896,60.926,92.972,95.079,116.89,148.413,193.427,9.752,128.799,40.0,,64.694,69.379,726.0,728.087,16.974,18.539,4,idle,0,117,117,0,0
2026-08-27T14:32:03+0800,116.069,68.246,26.402,temp=59.1'C,throttled=0x0,15.0,1.998,122.897,153.929,476.242,0,470.896,60.926,92.972,95.079,116.89,148.413,193.427,9.747,128.783,40.0,,64.694,69.379,726.0,728.087,16.974,18.539,4,playing,0,118,117,0,0
2026-08-27T14:32:04+0800,120.75,66.793,26.402,temp=59.1'C,throttled=0x0,15.0,1.997,122.897,153.929,476.242,0,470.896,60.926,92.972,95.079,116.89,148.413,193.427,9.739,128.783,40.0,,64.694,69.379,726.0,728.087,16.974,18.539,4,playing,0,118,117,0,0
2026-08-27T14:32:05+0800,122.036,66.77,26.402,temp=59.1'C,throttled=0x0,15.0,1.998,122.897,153.929,476.242,0,470.896,60.926,92.972,95.079,116.89,148.413,193.427,9.721,128.783,40.0,,64.694,69.379,726.0,728.087,16.974,18.539,4,playing,0,118,117,0,0
2026-08-27T14:32:06+0800,123.336,66.793,26.402,temp=59.1'C,throttled=0x0,15.0,1.998,122.897,153.929,476.242,0,470.896,60.926,92.972,95.079,116.89,148.413,193.427,9.718,128.783,40.0,,64.694,69.379,726.0,728.087,16.974,18.539,4,playing,0,118,117,0,0
2026-08-27T14:32:07+0800,123.825,66.727,26.402,temp=58.5'C,throttled=0x0,15.0,1.998,122.897,153.929,476.242,0,470.896,60.926,92.972,95.079,116.89,148.413,193.427,9.721,128.783,40.0,,64.694,69.379,726.0,728.087,16.974,18.539,4,idle,0,118,118,0,0
2026-08-27T14:32:08+0800,120.745,66.836,26.402,temp=59.1'C,throttled=0x0,15.0,1.998,122.897,153.929,476.242,0,470.896,60.926,92.972,95.079,116.89,148.413,193.427,9.771,128.146,40.0,,64.694,69.379,726.0,728.087,16.974,18.539,4,idle,0,118,118,0,0
2026-08-27T14:32:09+0800,121.492,66.848,26.402,temp=58.5'C,throttled=0x0,15.0,1.998,122.897,153.929,476.242,0,470.896,60.926,92.972,95.079,116.89,148.413,193.427,9.837,128.041,40.0,,64.694,69.379,726.0,728.087,16.974,18.539,4,idle,0,118,118,0,0
2026-08-27T14:32:10+0800,121.964,66.797,26.402,temp=58.5'C,throttled=0x0,15.0,1.998,122.897,153.929,476.242,0,470.896,60.926,92.972,95.079,116.89,148.413,193.427,9.874,127.581,40.0,,64.694,69.379,726.0,728.087,16.974,18.539,4,idle,0,118,118,0,0
2026-08-27T14:32:11+0800,120.163,66.91,26.402,temp=58.5'C,throttled=0x0,15.0,1.998,122.897,153.929,476.242,0,470.896,60.926,92.972,95.079,116.89,148.413,193.427,9.921,127.581,40.0,,64.694,69.379,726.0,728.087,16.974,18.539,4,idle,0,118,118,0,0
2026-08-27T14:32:12+0800,120.406,66.922,26.402,temp=58.5'C,throttled=0x0,15.0,1.998,122.897,153.929,476.242,0,470.896,60.926,92.972,95.079,116.89,148.413,193.427,9.946,127.581,40.0,,64.694,69.379,726.0,728.087,16.974,18.539,4,idle,0,118,118,0,0
2026-08-27T14:32:13+0800,119.835,66.848,26.402,temp=58.5'C,throttled=0x0,15.0,1.998,122.897,153.929,476.242,0,470.896,60.926,92.972,95.079,116.89,148.413,193.427,9.958,127.581,40.0,,64.694,69.379,726.0,728.087,16.974,18.539,4,idle,0,118,118,0,0
2026-08-27T14:32:14+0800,123.37,66.84,26.402,temp=58.0'C,throttled=0x0,15.0,1.998,122.897,153.929,476.242,0,470.896,60.926,92.972,95.079,116.89,148.413,193.427,9.981,127.581,40.0,,64.694,69.379,726.0,728.087,16.974,18.539,4,idle,0,118,118,0,0
2026-08-27T14:32:15+0800,119.709,66.828,26.402,temp=58.0'C,throttled=0x0,15.0,1.998,122.897,153.929,476.242,0,470.896,60.926,92.972,95.079,116.89,148.413,193.427,9.986,126.94,40.0,,64.694,69.379,726.0,728.087,16.974,18.539,4,idle,0,118,118,0,0
2026-08-27T14:32:16+0800,122.068,66.684,26.402,temp=58.0'C,throttled=0x0,15.0,1.998,122.897,153.929,476.242,0,470.896,60.926,92.972,95.079,116.89,148.413,193.427,9.968,127.581,40.0,,64.694,69.379,726.0,728.087,16.974,18.539,4,idle,0,118,118,0,0
2026-08-27T14:32:17+0800,119.946,66.883,26.402,temp=58.0'C,throttled=0x0,15.0,1.998,122.897,153.929,476.242,0,470.896,60.926,92.972,95.079,116.89,148.413,193.427,9.966,126.94,40.0,,64.694,69.379,726.0,728.087,16.974,18.539,4,idle,0,118,118,0,0
2026-08-27T14:32:18+0800,120.982,66.875,26.402,temp=58.0'C,throttled=0x0,15.0,1.998,122.897,153.929,476.242,0,470.896,60.926,92.972,95.079,116.89,148.413,193.427,10.037,126.421,40.0,,64.694,69.379,726.0,728.087,16.974,18.539,4,idle,0,118,118,0,0
2026-08-27T14:32:19+0800,121.986,66.727,26.402,temp=58.5'C,throttled=0x0,15.0,1.998,122.897,153.929,476.242,0,470.896,60.926,92.972,95.079,116.89,148.413,193.427,10.047,126.421,40.0,,64.694,69.379,726.0,728.087,16.974,18.539,4,idle,0,118,118,0,0
2026-08-27T14:32:20+0800,121.162,66.824,26.402,temp=58.0'C,throttled=0x0,15.0,1.998,122.897,153.929,476.242,0,470.896,60.926,92.972,95.079,116.89,148.413,193.427,10.064,126.421,40.0,,64.694,69.379,726.0,728.087,16.974,18.539,4,idle,0,118,118,0,0
2026-08-27T14:32:21+0800,119.041,66.906,26.402,temp=58.5'C,throttled=0x0,15.0,1.998,122.897,153.929,476.242,0,470.896,60.926,92.972,95.079,116.89,148.413,193.427,10.094,126.421,40.0,,64.694,69.379,726.0,728.087,16.974,18.539,4,idle,0,118,118,0,0
2026-08-27T14:32:22+0800,124.333,69.73,26.402,temp=59.1'C,throttled=0x0,15.0,1.997,122.897,153.929,476.242,0,470.896,60.926,92.972,95.079,116.89,148.413,193.427,10.077,126.421,40.0,,64.694,69.379,726.0,728.087,16.974,18.539,4,playing,0,119,118,0,0
2026-08-27T14:32:23+0800,131.349,69.754,26.402,temp=59.1'C,throttled=0x0,15.0,1.998,122.897,153.929,476.242,0,470.896,60.926,92.972,95.079,116.89,148.413,193.427,10.049,126.146,40.0,,64.694,69.379,726.0,728.087,16.974,18.539,4,playing,0,119,118,0,0
2026-08-27T14:32:24+0800,118.473,66.809,26.402,temp=58.5'C,throttled=0x0,15.0,1.998,122.897,153.929,476.242,0,470.896,60.926,92.972,95.079,116.89,148.413,193.427,10.062,126.146,40.0,,64.694,69.379,726.0,728.087,16.974,18.539,4,playing,0,119,118,0,0
2026-08-27T14:32:26+0800,119.788,66.859,26.402,temp=59.1'C,throttled=0x0,15.0,1.998,122.897,153.929,476.242,0,470.896,60.926,92.972,95.079,116.89,148.413,193.427,10.047,126.146,40.0,,64.694,69.379,726.0,728.087,16.974,18.539,4,playing,0,119,118,0,0
2026-08-27T14:32:27+0800,121.478,66.719,26.402,temp=58.5'C,throttled=0x0,15.0,1.998,122.897,153.929,476.242,0,470.896,60.926,92.972,95.079,116.89,148.413,193.427,9.999,127.581,40.0,,64.694,69.379,726.0,728.087,16.974,18.539,4,playing,0,119,118,0,0
2026-08-27T14:32:28+0800,121.631,66.91,26.402,temp=59.1'C,throttled=0x0,15.0,1.998,122.897,153.929,476.242,0,470.896,60.926,92.972,95.079,116.89,148.413,193.427,10.036,125.499,40.0,,64.694,69.379,726.0,728.087,16.974,18.539,4,idle,0,119,119,0,0
2026-08-27T14:32:29+0800,119.526,66.781,26.402,temp=58.0'C,throttled=0x0,15.0,1.998,122.897,153.929,476.242,0,470.896,60.926,92.972,95.079,116.89,148.413,193.427,10.095,122.513,40.0,,64.694,69.379,726.0,728.087,16.974,18.539,4,idle,0,119,119,0,0
2026-08-27T14:32:30+0800,123.3,66.664,26.402,temp=58.0'C,throttled=0x0,15.0,1.998,122.897,153.929,476.242,0,470.896,60.926,92.972,95.079,116.89,148.413,193.427,10.103,122.513,40.0,,64.694,69.379,726.0,728.087,16.974,18.539,4,idle,0,119,119,0,0
2026-08-27T14:32:31+0800,119.629,66.871,26.402,temp=58.5'C,throttled=0x0,15.0,1.998,122.897,153.929,476.242,0,470.896,60.926,92.972,95.079,116.89,148.413,193.427,10.144,122.152,40.0,,64.694,69.379,726.0,728.087,16.974,18.539,4,idle,0,119,119,0,0
2026-08-27T14:32:32+0800,121.14,66.73,26.402,temp=58.0'C,throttled=0x0,15.0,1.998,122.897,153.929,476.242,0,470.896,60.926,92.972,95.079,116.89,148.413,193.427,10.175,122.091,40.0,,64.694,69.379,726.0,728.087,16.974,18.539,4,idle,0,119,119,0,0
2026-08-27T14:32:33+0800,121.807,66.727,26.402,temp=58.5'C,throttled=0x0,15.0,1.998,122.897,153.929,476.242,0,470.896,60.926,92.972,95.079,116.89,148.413,193.427,10.169,122.091,40.0,,64.694,69.379,726.0,728.087,16.974,18.539,4,idle,0,119,119,0,0
2026-08-27T14:32:34+0800,119.093,66.688,26.402,temp=58.5'C,throttled=0x0,15.0,1.998,122.897,153.929,476.242,0,470.896,60.926,92.972,95.079,116.89,148.413,193.427,10.181,121.965,40.0,,64.694,69.379,726.0,728.087,16.974,18.539,4,idle,0,119,119,0,0
2026-08-27T14:32:35+0800,120.761,66.863,26.402,temp=58.0'C,throttled=0x0,15.0,1.998,122.897,153.929,476.242,0,470.896,60.926,92.972,95.079,116.89,148.413,193.427,10.165,121.965,40.0,,64.694,69.379,726.0,728.087,16.974,18.539,4,idle,0,119,119,0,0
2026-08-27T14:32:36+0800,119.648,66.789,26.402,temp=58.0'C,throttled=0x0,15.0,1.998,122.897,153.929,476.242,0,470.896,60.926,92.972,95.079,116.89,148.413,193.427,10.16,122.152,40.0,,64.694,69.379,726.0,728.087,16.974,18.539,4,idle,0,119,119,0,0
2026-08-27T14:32:37+0800,118.773,66.867,26.402,temp=58.5'C,throttled=0x0,15.0,1.998,122.897,153.929,476.242,0,470.896,60.926,92.972,95.079,116.89,148.413,193.427,10.165,122.152,40.0,,64.694,69.379,726.0,728.087,16.974,18.539,4,idle,0,119,119,0,0
2026-08-27T14:32:38+0800,120.961,66.824,26.402,temp=58.0'C,throttled=0x0,15.0,1.997,122.897,153.929,476.242,0,470.896,60.926,92.972,95.079,116.89,148.413,193.427,10.197,122.152,40.0,,64.694,69.379,726.0,728.087,16.974,18.539,4,idle,0,119,119,0,0
2026-08-27T14:32:39+0800,123.905,66.789,26.402,temp=58.0'C,throttled=0x0,15.0,1.998,122.897,153.929,476.242,0,470.896,60.926,92.972,95.079,116.89,148.413,193.427,10.19,122.152,40.0,,64.694,69.379,726.0,728.087,16.974,18.539,4,idle,0,119,119,0,0
2026-08-27T14:32:40+0800,121.767,66.805,26.402,temp=58.5'C,throttled=0x0,15.0,1.998,122.897,153.929,476.242,0,470.896,60.926,92.972,95.079,116.89,148.413,193.427,10.195,122.152,40.0,,64.694,69.379,726.0,728.087,16.974,18.539,4,idle,0,119,119,0,0
2026-08-27T14:32:41+0800,120.336,66.773,26.402,temp=58.5'C,throttled=0x0,15.0,1.998,122.897,153.929,476.242,0,470.896,60.926,92.972,95.079,116.89,148.413,193.427,10.224,121.965,40.0,,64.694,69.379,726.0,728.087,16.974,18.539,4,idle,0,119,119,0,0
2026-08-27T14:32:42+0800,128.642,66.926,26.402,temp=58.5'C,throttled=0x0,15.0,1.998,122.897,153.929,292.925,0,470.896,60.926,92.972,95.079,116.89,148.413,193.427,10.177,122.091,40.0,,64.694,69.379,726.0,728.087,16.974,18.539,4,playing,0,120,119,0,0
2026-08-27T14:32:43+0800,117.499,66.793,26.402,temp=58.5'C,throttled=0x0,15.0,1.997,122.897,153.929,249.969,0,469.102,60.926,92.972,95.114,116.89,148.413,193.427,10.098,124.516,40.0,,64.694,69.379,726.0,728.087,16.974,18.539,4,playing,0,120,119,0,0
2026-08-27T14:32:44+0800,120.988,66.836,26.402,temp=59.1'C,throttled=0x0,15.0,1.997,122.53,153.837,282.118,0,470.896,60.958,93.267,95.079,116.89,148.413,193.427,10.076,123.94,40.0,,64.694,69.379,726.0,728.087,16.974,18.539,4,playing,0,120,119,0,0
2026-08-27T14:32:45+0800,121.774,66.801,26.402,temp=59.1'C,throttled=0x0,15.0,1.998,122.53,153.837,333.351,0,470.896,60.926,93.267,95.114,116.89,148.413,193.427,10.044,124.516,40.0,,64.694,69.379,726.0,728.087,16.974,18.539,4,playing,0,120,119,0,0
2026-08-27T14:32:46+0800,120.749,66.945,26.402,temp=58.5'C,throttled=0x0,15.0,1.998,122.53,153.837,427.912,0,470.896,60.926,93.267,95.114,116.89,148.413,193.427,10.03,124.516,40.0,,64.694,69.379,726.0,728.087,16.974,18.539,4,playing,0,120,119,0,0
2026-08-27T14:32:47+0800,122.106,67.516,26.402,temp=58.5'C,throttled=0x0,15.0,1.998,122.092,153.837,398.748,0,470.896,60.926,93.267,95.197,116.89,158.46,193.427,9.995,124.516,40.0,,64.694,69.379,726.0,728.087,16.974,18.539,4,playing,0,120,119,0,0
2026-08-27T14:32:48+0800,127.984,69.777,26.402,temp=58.5'C,throttled=0x0,15.0,1.997,122.092,153.837,401.219,0,469.102,60.193,93.267,95.114,116.89,158.46,193.427,10.022,124.516,40.0,,64.694,69.379,726.0,728.087,16.974,18.539,4,idle,0,120,120,0,0
2026-08-27T14:32:49+0800,128.029,69.711,26.402,temp=58.5'C,throttled=0x0,15.0,1.997,122.092,153.837,489.128,0,470.896,60.193,93.267,95.114,116.89,158.46,193.427,10.064,124.516,40.0,,64.694,69.379,726.0,728.087,16.974,18.539,4,idle,0,120,120,0,0
2026-08-27T14:32:50+0800,127.426,66.719,26.402,temp=59.1'C,throttled=0x0,15.0,1.997,122.092,153.837,424.934,0,464.818,59.713,93.267,95.114,116.89,148.413,193.427,10.0,124.601,40.0,,64.694,69.379,726.0,728.087,16.974,18.539,4,idle,0,120,120,0,0
2026-08-27T14:32:51+0800,125.717,66.691,26.402,temp=58.0'C,throttled=0x0,15.0,1.997,122.092,153.837,424.934,0,464.818,59.713,93.267,95.114,116.89,148.413,193.427,9.917,126.183,40.0,,64.694,69.379,726.0,728.087,16.974,18.539,4,idle,0,120,120,0,0
2026-08-27T14:32:52+0800,121.996,66.734,26.402,temp=59.1'C,throttled=0x0,15.0,1.997,122.092,153.837,424.934,0,464.818,59.713,93.267,95.114,116.89,148.413,193.427,9.883,129.188,40.0,,64.694,69.379,726.0,728.087,16.974,18.539,4,idle,0,120,120,0,0
2026-08-27T14:32:53+0800,123.905,66.918,26.402,temp=58.5'C,throttled=0x0,15.0,1.998,122.092,153.837,424.934,0,464.818,59.713,93.267,95.114,116.89,148.413,193.427,9.873,130.696,40.0,,64.694,69.379,726.0,728.087,16.974,18.539,4,idle,0,120,120,0,0
2026-08-27T14:32:54+0800,120.943,66.863,26.402,temp=58.5'C,throttled=0x0,15.0,1.997,122.092,153.837,424.934,0,464.818,59.713,93.267,95.114,116.89,148.413,193.427,9.887,130.696,40.0,,64.694,69.379,726.0,728.087,16.974,18.539,4,idle,0,120,120,0,0
2026-08-27T14:32:55+0800,120.834,66.738,26.402,temp=58.5'C,throttled=0x0,15.0,1.998,122.092,153.837,424.934,0,464.818,59.713,93.267,95.114,116.89,148.413,193.427,9.891,130.696,40.0,,64.694,69.379,726.0,728.087,16.974,18.539,4,idle,0,120,120,0,0
2026-08-27T14:32:56+0800,120.607,66.777,26.402,temp=58.5'C,throttled=0x0,15.0,1.998,122.092,153.837,424.934,0,464.818,59.713,93.267,95.114,116.89,148.413,193.427,9.9,130.696,40.0,,64.694,69.379,726.0,728.087,16.974,18.539,4,idle,0,120,120,0,0
2026-08-27T14:32:57+0800,122.672,66.914,26.402,temp=59.1'C,throttled=0x0,15.0,1.998,122.092,153.837,424.934,0,464.818,59.713,93.267,95.114,116.89,148.413,193.427,9.891,130.696,40.0,,64.694,69.379,726.0,728.087,16.974,18.539,4,idle,0,120,120,0,0
2026-08-27T14:32:58+0800,120.685,66.844,26.402,temp=58.0'C,throttled=0x0,15.0,1.997,122.092,153.837,424.934,0,464.818,59.713,93.267,95.114,116.89,148.413,193.427,9.872,130.696,40.0,,64.694,69.379,726.0,728.087,16.974,18.539,4,idle,0,120,120,0,0
2026-08-27T14:32:59+0800,119.734,66.793,26.402,temp=58.5'C,throttled=0x0,15.0,1.998,122.092,153.837,424.934,0,464.818,59.713,93.267,95.114,116.89,148.413,193.427,9.89,130.696,40.0,,64.694,69.379,726.0,728.087,16.974,18.539,4,idle,0,120,120,0,0
2026-08-27T14:33:00+0800,122.637,66.859,26.402,temp=58.5'C,throttled=0x0,15.0,1.998,122.092,153.837,424.934,0,464.818,59.713,93.267,95.114,116.89,148.413,193.427,9.881,130.696,40.0,,64.694,69.379,726.0,728.087,16.974,18.539,4,idle,0,120,120,0,0
2026-08-27T14:33:01+0800,120.03,66.992,26.402,temp=58.5'C,throttled=0x0,15.0,1.998,122.092,153.837,424.934,0,464.818,59.713,93.267,95.114,116.89,148.413,193.427,9.895,130.696,40.0,,64.694,69.379,726.0,728.087,16.974,18.539,4,idle,0,120,120,0,0
2026-08-27T14:33:02+0800,120.675,66.891,26.402,temp=58.5'C,throttled=0x0,15.0,1.998,122.092,153.837,424.934,0,464.818,59.713,93.267,95.114,116.89,148.413,193.427,9.893,131.379,40.0,,64.694,69.379,726.0,728.087,16.974,18.539,4,idle,0,120,120,0,0
2026-08-27T14:33:03+0800,120.923,66.926,26.402,temp=59.1'C,throttled=0x0,15.0,1.997,122.092,153.837,424.934,0,464.818,59.713,93.267,95.114,116.89,148.413,193.427,9.87,131.401,40.0,,64.694,69.379,726.0,728.087,16.974,18.539,4,playing,0,121,120,0,0
2026-08-27T14:33:04+0800,119.465,66.82,26.402,temp=59.1'C,throttled=0x0,15.0,1.997,122.092,153.837,424.934,0,464.818,59.713,93.267,95.114,116.89,148.413,193.427,9.842,131.401,40.0,,64.694,69.379,726.0,728.087,16.974,18.539,4,playing,0,121,120,0,0
2026-08-27T14:33:05+0800,122.156,66.844,26.402,temp=58.5'C,throttled=0x0,15.0,1.997,122.092,153.837,424.934,0,464.818,59.713,93.267,95.114,116.89,148.413,193.427,9.833,131.401,40.0,,64.694,69.379,726.0,728.087,16.974,18.539,4,playing,0,121,120,0,0
2026-08-27T14:33:06+0800,120.837,66.887,26.402,temp=58.5'C,throttled=0x0,15.0,1.997,122.092,153.837,424.934,0,464.818,59.713,93.267,95.114,116.89,148.413,193.427,9.811,131.401,40.0,,64.694,69.379,726.0,728.087,16.974,18.539,4,idle,0,121,121,0,0
2026-08-27T14:33:07+0800,121.977,66.973,26.402,temp=58.5'C,throttled=0x0,15.0,1.998,122.092,153.837,424.934,0,464.818,59.713,93.267,95.114,116.89,148.413,193.427,9.834,131.401,40.0,,64.694,69.379,726.0,728.087,16.974,18.539,4,idle,0,121,121,0,0
2026-08-27T14:33:08+0800,122.077,66.988,26.402,temp=58.0'C,throttled=0x0,15.0,1.997,122.092,153.837,424.934,0,464.818,59.713,93.267,95.114,116.89,148.413,193.427,9.949,126.047,40.0,,64.694,69.379,726.0,728.087,16.974,18.539,4,idle,0,121,121,0,0
2026-08-27T14:33:09+0800,122.102,66.91,26.402,temp=58.5'C,throttled=0x0,15.0,1.997,122.092,153.837,424.934,0,464.818,59.713,93.267,95.114,116.89,148.413,193.427,9.962,126.183,40.0,,64.694,69.379,726.0,728.087,16.974,18.539,4,idle,0,121,121,0,0
2026-08-27T14:33:10+0800,118.88,67.035,26.402,temp=58.5'C,throttled=0x0,15.0,1.998,122.092,153.837,424.934,0,464.818,59.713,93.267,95.114,116.89,148.413,193.427,10.013,126.047,40.0,,64.694,69.379,726.0,728.087,16.974,18.539,4,idle,0,121,121,0,0
2026-08-27T14:33:11+0800,121.656,67.133,26.402,temp=58.5'C,throttled=0x0,15.0,1.998,122.092,153.837,424.934,0,464.818,59.713,93.267,95.114,116.89,148.413,193.427,10.054,126.047,40.0,,64.694,69.379,726.0,728.087,16.974,18.539,4,idle,0,121,121,0,0
2026-08-27T14:33:12+0800,129.588,69.902,26.402,temp=58.0'C,throttled=0x0,15.0,1.998,122.092,153.837,424.934,0,464.818,59.713,93.267,95.114,116.89,148.413,193.427,10.084,125.879,40.0,,64.694,69.379,726.0,728.087,16.974,18.539,4,idle,0,121,121,0,0
2026-08-27T14:33:14+0800,128.33,69.883,26.402,temp=59.1'C,throttled=0x0,15.0,1.998,122.092,153.837,424.934,0,464.818,59.713,93.267,95.114,116.89,148.413,193.427,10.109,125.879,40.0,,64.694,69.379,726.0,728.087,16.974,18.539,4,idle,0,121,121,0,0
2026-08-27T14:33:15+0800,127.416,66.988,26.402,temp=58.5'C,throttled=0x0,15.0,1.998,122.092,153.837,424.934,0,464.818,59.713,93.267,95.114,116.89,148.413,193.427,10.113,125.879,40.0,,64.694,69.379,726.0,728.087,16.974,18.539,4,idle,0,121,121,0,0
2026-08-27T14:33:16+0800,122.715,66.883,26.402,temp=58.5'C,throttled=0x0,15.0,1.998,122.092,153.837,424.934,0,464.818,59.713,93.267,95.114,116.89,148.413,193.427,10.234,123.271,40.0,,64.694,69.379,726.0,728.087,16.974,18.539,4,idle,0,121,121,0,0
2026-08-27T14:33:17+0800,116.768,66.867,26.402,temp=58.5'C,throttled=0x0,15.0,1.998,122.092,153.837,424.934,0,464.818,59.713,93.267,95.114,116.89,148.413,193.427,10.351,117.728,40.0,,64.694,69.379,726.0,728.087,16.974,18.539,4,idle,0,121,121,0,0
2026-08-27T14:33:18+0800,120.792,66.848,26.402,temp=58.5'C,throttled=0x0,15.0,1.998,122.092,153.837,424.934,0,464.818,59.713,93.267,95.114,116.89,148.413,193.427,10.373,117.883,40.0,,64.694,69.379,726.0,728.087,16.974,18.539,4,idle,0,121,121,0,0
2026-08-27T14:33:19+0800,122.295,67.043,26.402,temp=58.5'C,throttled=0x0,15.0,1.998,122.092,153.837,424.934,0,464.818,59.713,93.267,95.114,116.89,148.413,193.427,10.363,117.883,40.0,,64.694,69.379,726.0,728.087,16.974,18.539,4,idle,0,121,121,0,0
2026-08-27T14:33:20+0800,120.762,66.992,26.402,temp=58.5'C,throttled=0x0,15.0,1.998,122.092,153.837,424.934,0,464.818,59.713,93.267,95.114,116.89,148.413,193.427,10.356,117.883,40.0,,64.694,69.379,726.0,728.087,16.974,18.539,4,idle,0,121,121,0,0
2026-08-27T14:33:21+0800,120.695,66.984,26.402,temp=58.0'C,throttled=0x0,15.0,1.998,122.092,153.837,424.934,0,464.818,59.713,93.267,95.114,116.89,148.413,193.427,10.349,117.938,40.0,,64.694,69.379,726.0,728.087,16.974,18.539,4,idle,0,121,121,0,0
2026-08-27T14:33:22+0800,116.814,67.086,26.402,temp=58.5'C,throttled=0x0,15.0,1.998,122.092,153.837,424.934,0,464.818,59.713,93.267,95.114,116.89,148.413,193.427,10.346,117.938,40.0,,64.694,69.379,726.0,728.087,16.974,18.539,4,playing,0,122,121,0,0
2026-08-27T14:33:23+0800,121.029,67.047,26.402,temp=59.6'C,throttled=0x0,15.0,1.998,122.092,153.837,424.934,0,464.818,59.713,93.267,95.114,116.89,148.413,193.427,10.273,125.247,40.0,,64.694,69.379,726.0,728.087,16.974,18.539,4,playing,0,122,121,0,0
2026-08-27T14:33:24+0800,118.496,66.891,26.402,temp=58.0'C,throttled=0x0,15.0,1.998,122.092,153.837,424.934,0,464.818,59.713,93.267,95.114,116.89,148.413,193.427,10.258,125.247,40.0,,64.694,69.379,726.0,728.087,16.974,18.539,4,playing,0,122,121,0,0
2026-08-27T14:33:25+0800,121.84,66.938,26.402,temp=58.5'C,throttled=0x0,15.0,1.998,122.092,153.837,424.934,0,464.818,59.713,93.267,95.114,116.89,148.413,193.427,10.252,120.796,40.0,,64.694,69.379,726.0,728.087,16.974,18.539,4,idle,0,122,122,0,0
2026-08-27T14:33:26+0800,121.21,67.023,26.402,temp=58.5'C,throttled=0x0,15.0,1.998,122.092,153.837,424.934,0,464.818,59.713,93.267,95.114,116.89,148.413,193.427,10.242,120.796,40.0,,64.694,69.379,726.0,728.087,16.974,18.539,4,idle,0,122,122,0,0
2026-08-27T14:33:27+0800,122.407,67.035,26.402,temp=58.5'C,throttled=0x0,15.0,1.998,122.092,153.837,424.934,0,464.818,59.713,93.267,95.114,116.89,148.413,193.427,10.266,120.796,40.0,,64.694,69.379,726.0,728.087,16.974,18.539,4,idle,0,122,122,0,0
2026-08-27T14:33:28+0800,120.819,67.059,26.402,temp=59.1'C,throttled=0x0,15.0,1.998,122.092,153.837,424.934,0,464.818,59.713,93.267,95.114,116.89,148.413,193.427,10.268,120.796,40.0,,64.694,69.379,726.0,728.087,16.974,18.539,4,idle,0,122,122,0,0
2026-08-27T14:33:29+0800,125.642,66.969,26.402,temp=58.5'C,throttled=0x0,15.0,1.998,122.092,153.837,424.934,0,464.818,59.713,93.267,95.114,116.89,148.413,193.427,10.306,118.553,40.0,,64.694,69.379,726.0,728.087,16.974,18.539,4,idle,0,122,122,0,0
2026-08-27T14:33:30+0800,122.465,67.07,26.402,temp=58.0'C,throttled=0x0,15.0,1.998,122.092,153.837,424.934,0,464.818,59.713,93.267,95.114,116.89,148.413,193.427,10.324,119.769,40.0,,64.694,69.379,726.0,728.087,16.974,18.539,4,idle,0,122,122,0,0
2026-08-27T14:33:31+0800,120.863,67.0,26.402,temp=58.0'C,throttled=0x0,15.0,1.998,122.092,153.837,424.934,0,464.818,59.713,93.267,95.114,116.89,148.413,193.427,10.344,120.796,40.0,,64.694,69.379,726.0,728.087,16.974,18.539,4,idle,0,122,122,0,0
2026-08-27T14:33:32+0800,120.748,67.062,26.402,temp=58.5'C,throttled=0x0,15.0,1.998,122.092,153.837,424.934,0,464.818,59.713,93.267,95.114,116.89,148.413,193.427,10.345,120.796,40.0,,64.694,69.379,726.0,728.087,16.974,18.539,4,idle,0,122,122,0,0
2026-08-27T14:33:33+0800,121.019,67.043,26.402,temp=58.0'C,throttled=0x0,15.0,1.998,122.092,153.837,424.934,0,464.818,59.713,93.267,95.114,116.89,148.413,193.427,10.328,120.796,40.0,,64.694,69.379,726.0,728.087,16.974,18.539,4,idle,0,122,122,0,0
2026-08-27T14:33:34+0800,121.051,67.102,26.402,temp=58.0'C,throttled=0x0,15.0,1.998,122.092,153.837,424.934,0,464.818,59.713,93.267,95.114,116.89,148.413,193.427,10.353,119.769,40.0,,64.694,69.379,726.0,728.087,16.974,18.539,4,idle,0,122,122,0,0
2026-08-27T14:33:35+0800,122.036,68.445,26.402,temp=58.0'C,throttled=0x0,15.0,1.998,122.092,153.837,424.934,0,464.818,59.713,93.267,95.114,116.89,148.413,193.427,10.341,120.796,40.0,,64.694,69.379,726.0,728.087,16.974,18.539,4,idle,0,122,122,0,0
2026-08-27T14:33:36+0800,128.408,69.879,26.402,temp=59.1'C,throttled=0x0,15.0,1.998,122.092,153.837,424.934,0,464.818,59.713,93.267,95.114,116.89,148.413,193.427,10.318,121.211,40.0,,64.694,69.379,726.0,728.087,16.974,18.539,4,idle,0,122,122,0,0
2026-08-27T14:33:37+0800,131.411,69.82,26.402,temp=58.0'C,throttled=0x0,15.0,1.998,122.092,153.837,424.934,0,464.818,59.713,93.267,95.114,116.89,148.413,193.427,10.311,120.796,40.0,,64.694,69.379,726.0,728.087,16.974,18.539,4,idle,0,122,122,0,0
2026-08-27T14:33:38+0800,123.929,66.941,26.402,temp=58.0'C,throttled=0x0,15.0,1.998,122.092,153.837,424.934,0,464.818,59.713,93.267,95.114,116.89,148.413,193.427,10.306,121.211,40.0,,64.694,69.379,726.0,728.087,16.974,18.539,4,idle,0,122,122,0,0
2026-08-27T14:33:39+0800,126.833,67.02,26.402,temp=58.5'C,throttled=0x0,15.0,1.998,122.092,153.837,424.934,0,464.818,59.713,93.267,95.114,116.89,148.413,193.427,10.298,121.211,40.0,,64.694,69.379,726.0,728.087,16.974,18.539,4,idle,0,122,122,0,0
2026-08-27T14:33:40+0800,118.867,67.012,26.402,temp=59.1'C,throttled=0x0,15.0,1.998,122.092,153.837,424.934,0,464.818,59.713,93.267,95.114,116.89,148.413,193.427,10.235,126.814,40.0,,64.694,69.379,726.0,728.087,16.974,18.539,4,playing,0,123,122,0,0
2026-08-27T14:33:41+0800,121.343,67.059,26.402,temp=59.1'C,throttled=0x0,15.0,1.998,122.092,153.837,424.934,0,464.818,59.713,93.267,95.114,116.89,148.413,193.427,10.218,126.814,40.0,,64.694,69.379,726.0,728.087,16.974,18.539,4,playing,0,123,122,0,0
2026-08-27T14:33:42+0800,120.312,66.992,26.402,temp=58.0'C,throttled=0x0,15.0,1.998,122.092,153.837,424.934,0,464.818,59.713,93.267,95.114,116.89,148.413,193.427,10.155,126.814,40.0,,64.694,69.379,726.0,728.087,16.974,18.539,4,playing,0,123,122,0,0
2026-08-27T14:33:43+0800,122.566,67.031,26.402,temp=58.0'C,throttled=0x0,15.0,1.998,122.092,153.837,424.934,0,464.818,59.713,93.267,95.114,116.89,148.413,193.427,10.138,126.814,40.0,,64.694,69.379,726.0,728.087,16.974,18.539,4,playing,0,123,122,0,0
2026-08-27T14:33:44+0800,121.094,67.031,26.402,temp=59.1'C,throttled=0x0,15.0,1.998,122.092,153.837,424.934,0,464.818,59.713,93.267,95.114,116.89,148.413,193.427,10.137,124.749,40.0,,64.694,69.379,726.0,728.087,16.974,18.539,4,playing,0,123,122,0,0
2026-08-27T14:33:45+0800,123.692,67.109,26.402,temp=58.5'C,throttled=0x0,15.0,1.998,122.092,153.837,424.934,0,464.818,59.713,93.267,95.114,116.89,148.413,193.427,10.099,126.814,40.0,,64.694,69.379,726.0,728.087,16.974,18.539,4,playing,0,123,122,0,0
2026-08-27T14:33:46+0800,118.743,66.957,26.402,temp=58.5'C,throttled=0x0,15.0,1.998,122.092,153.837,424.934,0,464.818,59.713,93.267,95.114,116.89,148.413,193.427,10.062,127.326,40.0,,64.694,69.379,726.0,728.087,16.974,18.539,4,playing,0,123,122,0,0
2026-08-27T14:33:47+0800,119.014,66.977,26.402,temp=58.5'C,throttled=0x0,15.0,1.998,122.092,153.837,424.934,0,464.818,59.713,93.267,95.114,116.89,148.413,193.427,10.078,125.946,40.0,,64.694,69.379,726.0,728.087,16.974,18.539,4,idle,0,123,123,0,0
2026-08-27T14:33:48+0800,120.636,67.027,26.402,temp=58.0'C,throttled=0x0,15.0,1.998,122.092,153.837,424.934,0,464.818,59.713,93.267,95.114,116.89,148.413,193.427,10.133,122.123,40.0,,64.694,69.379,726.0,728.087,16.974,18.539,4,idle,0,123,123,0,0
2026-08-27T14:33:49+0800,123.819,67.047,26.402,temp=58.5'C,throttled=0x0,15.0,1.998,122.092,153.837,424.934,0,464.818,59.713,93.267,95.114,116.89,148.413,193.427,10.16,122.123,40.0,,64.694,69.379,726.0,728.087,16.974,18.539,4,idle,0,123,123,0,0
2026-08-27T14:33:50+0800,121.174,67.004,26.402,temp=58.0'C,throttled=0x0,15.0,1.998,122.092,153.837,424.934,0,464.818,59.713,93.267,95.114,116.89,148.413,193.427,10.154,121.258,40.0,,64.694,69.379,726.0,728.087,16.974,18.539,4,idle,0,123,123,0,0
2026-08-27T14:33:51+0800,122.155,67.035,26.402,temp=58.5'C,throttled=0x0,15.0,1.998,122.092,153.837,424.934,0,464.818,59.713,93.267,95.114,116.89,148.413,193.427,10.152,123.145,40.0,,64.694,69.379,726.0,728.087,16.974,18.539,4,idle,0,123,123,0,0
2026-08-27T14:33:52+0800,120.966,67.008,26.402,temp=58.0'C,throttled=0x0,15.0,1.998,122.092,153.837,424.934,0,464.818,59.713,93.267,95.114,116.89,148.413,193.427,10.15,123.145,40.0,,64.694,69.379,726.0,728.087,16.974,18.539,4,idle,0,123,123,0,0
2026-08-27T14:33:53+0800,116.67,67.016,26.402,temp=58.5'C,throttled=0x0,15.0,1.998,122.092,153.837,424.934,0,464.818,59.713,93.267,95.114,116.89,148.413,193.427,10.161,123.539,40.0,,64.694,69.379,726.0,728.087,16.974,18.539,4,idle,0,123,123,0,0
2026-08-27T14:33:54+0800,119.066,67.004,26.402,temp=58.0'C,throttled=0x0,15.0,1.998,122.092,153.837,424.934,0,464.818,59.713,93.267,95.114,116.89,148.413,193.427,10.188,123.145,40.0,,64.694,69.379,726.0,728.087,16.974,18.539,4,idle,0,123,123,0,0
2026-08-27T14:33:55+0800,119.231,66.984,26.402,temp=58.0'C,throttled=0x0,15.0,1.998,122.092,153.837,424.934,0,464.818,59.713,93.267,95.114,116.89,148.413,193.427,10.192,123.145,40.0,,64.694,69.379,726.0,728.087,16.974,18.539,4,idle,0,123,123,0,0
2026-08-27T14:33:56+0800,120.613,66.973,26.402,temp=58.5'C,throttled=0x0,15.0,1.998,122.092,153.837,424.934,0,464.818,59.713,93.267,95.114,116.89,148.413,193.427,10.179,122.168,40.0,,64.694,69.379,726.0,728.087,16.974,18.539,4,idle,0,123,123,0,0
2026-08-27T14:33:57+0800,121.669,67.148,26.402,temp=58.0'C,throttled=0x0,15.0,1.998,122.092,153.837,424.934,0,464.818,59.713,93.267,95.114,116.89,148.413,193.427,10.175,123.145,40.0,,64.694,69.379,726.0,728.087,16.974,18.539,4,idle,0,123,123,0,0
2026-08-27T14:33:59+0800,123.055,68.816,26.402,temp=58.0'C,throttled=0x0,15.0,1.998,122.092,153.837,424.934,0,464.818,59.713,93.267,95.114,116.89,148.413,193.427,10.183,123.145,40.0,,64.694,69.379,726.0,728.087,16.974,18.539,4,idle,0,123,123,0,0
2026-08-27T14:34:00+0800,130.287,69.938,26.402,temp=58.0'C,throttled=0x0,15.0,1.998,122.092,153.837,424.934,0,464.818,59.713,93.267,95.114,116.89,148.413,193.427,10.182,122.43,40.0,,64.694,69.379,726.0,728.087,16.974,18.539,4,idle,0,123,123,0,0
2026-08-27T14:34:01+0800,134.015,69.871,26.402,temp=58.0'C,throttled=0x0,15.0,1.998,122.092,153.837,424.934,0,464.818,59.713,93.267,95.114,116.89,148.413,193.427,10.169,123.145,40.0,,64.694,69.379,726.0,728.087,16.974,18.539,4,idle,0,123,123,0,0
2026-08-27T14:34:02+0800,113.764,67.09,26.402,temp=58.5'C,throttled=0x0,15.0,1.998,122.092,153.837,424.934,0,464.818,59.713,93.267,95.114,116.89,148.413,193.427,10.196,122.43,40.0,,64.694,69.379,726.0,728.087,16.974,18.539,4,playing,0,124,123,0,0
2026-08-27T14:34:03+0800,117.782,67.062,26.402,temp=59.1'C,throttled=0x0,15.0,1.998,122.092,153.837,424.934,0,464.818,59.713,93.267,95.114,116.89,148.413,193.427,10.166,122.43,40.0,,64.694,69.379,726.0,728.087,16.974,18.539,4,playing,0,124,123,0,0
2026-08-27T14:34:04+0800,120.672,67.156,26.402,temp=58.5'C,throttled=0x0,15.0,1.998,122.092,153.837,424.934,0,464.818,59.713,93.267,95.114,116.89,148.413,193.427,10.158,122.43,40.0,,64.694,69.379,726.0,728.087,16.974,18.539,4,playing,0,124,123,0,0
2026-08-27T14:34:05+0800,120.477,67.012,26.402,temp=58.5'C,throttled=0x0,15.0,1.998,122.092,153.837,424.934,0,464.818,59.713,93.267,95.114,116.89,148.413,193.427,10.126,123.145,40.0,,64.694,69.379,726.0,728.087,16.974,18.539,4,playing,0,124,123,0,0
2026-08-27T14:34:06+0800,123.314,67.047,26.402,temp=59.1'C,throttled=0x0,15.0,1.998,122.092,153.837,424.934,0,464.818,59.713,93.267,95.114,116.89,148.413,193.427,10.153,123.145,40.0,,64.694,69.379,726.0,728.087,16.974,18.539,4,idle,0,124,124,0,0
2026-08-27T14:34:07+0800,121.027,67.027,26.402,temp=58.5'C,throttled=0x0,15.0,1.998,122.092,153.837,424.934,0,464.818,59.713,93.267,95.114,116.89,148.413,193.427,10.195,122.43,40.0,,64.694,69.379,726.0,728.087,16.974,18.539,4,idle,0,124,124,0,0
2026-08-27T14:34:08+0800,122.924,67.012,26.402,temp=58.5'C,throttled=0x0,15.0,1.998,122.092,153.837,424.934,0,464.818,59.713,93.267,95.114,116.89,148.413,193.427,10.202,123.539,40.0,,64.694,69.379,726.0,728.087,16.974,18.539,4,idle,0,124,124,0,0
2026-08-27T14:34:09+0800,121.012,67.012,26.402,temp=59.1'C,throttled=0x0,15.0,1.998,122.092,153.837,424.934,0,464.818,59.713,93.267,95.114,116.89,148.413,193.427,10.228,123.539,40.0,,64.694,69.379,726.0,728.087,16.974,18.539,4,idle,0,124,124,0,0
2026-08-27T14:34:10+0800,123.575,66.992,26.402,temp=58.5'C,throttled=0x0,15.0,1.998,122.092,153.837,424.934,0,464.818,59.713,93.267,95.114,116.89,148.413,193.427,10.256,123.539,40.0,,64.694,69.379,726.0,728.087,16.974,18.539,4,idle,0,124,124,0,0
2026-08-27T14:34:11+0800,121.854,67.008,26.402,temp=58.0'C,throttled=0x0,15.0,1.998,122.092,153.837,424.934,0,464.818,59.713,93.267,95.114,116.89,148.413,193.427,10.287,122.168,40.0,,64.694,69.379,726.0,728.087,16.974,18.539,4,idle,0,124,124,0,0
2026-08-27T14:34:12+0800,120.858,67.09,26.402,temp=58.0'C,throttled=0x0,15.0,1.998,122.092,153.837,424.934,0,464.818,59.713,93.267,95.114,116.89,148.413,193.427,10.315,122.168,40.0,,64.694,69.379,726.0,728.087,16.974,18.539,4,idle,0,124,124,0,0
2026-08-27T14:34:13+0800,121.926,67.012,26.402,temp=58.0'C,throttled=0x0,15.0,1.998,122.092,153.837,424.934,0,464.818,59.713,93.267,95.114,116.89,148.413,193.427,10.328,120.294,40.0,,64.694,69.379,726.0,728.087,16.974,18.539,4,idle,0,124,124,0,0
2026-08-27T14:34:14+0800,121.575,67.078,26.402,temp=58.5'C,throttled=0x0,15.0,1.998,122.092,153.837,424.934,0,464.818,59.713,93.267,95.114,116.89,148.413,193.427,10.314,122.168,40.0,,64.694,69.379,726.0,728.087,16.974,18.539,4,idle,0,124,124,0,0
2026-08-27T14:34:15+0800,123.493,67.004,26.402,temp=58.5'C,throttled=0x0,15.0,1.998,122.092,153.837,424.934,0,464.818,59.713,93.267,95.114,116.89,148.413,193.427,10.32,122.168,40.0,,64.694,69.379,726.0,728.087,16.974,18.539,4,idle,0,124,124,0,0
2026-08-27T14:34:16+0800,122.672,67.0,26.402,temp=58.0'C,throttled=0x0,15.0,1.998,122.092,153.837,424.934,0,464.818,59.713,93.267,95.114,116.89,148.413,193.427,10.345,120.294,40.0,,64.694,69.379,726.0,728.087,16.974,18.539,4,idle,0,124,124,0,0
2026-08-27T14:34:17+0800,124.429,67.035,26.402,temp=59.1'C,throttled=0x0,15.0,1.998,122.092,153.837,424.934,0,464.818,59.713,93.267,95.114,116.89,148.413,193.427,10.325,120.294,40.0,,64.694,69.379,726.0,728.087,16.974,18.539,4,idle,0,124,124,0,0
2026-08-27T14:34:18+0800,118.837,67.086,26.402,temp=58.0'C,throttled=0x0,15.0,1.998,122.092,153.837,424.934,0,464.818,59.713,93.267,95.114,116.89,148.413,193.427,10.32,120.294,40.0,,64.694,69.379,726.0,728.087,16.974,18.539,4,idle,0,124,124,0,0
2026-08-27T14:34:19+0800,119.893,67.02,26.402,temp=59.1'C,throttled=0x0,15.0,1.998,122.092,153.837,424.934,0,464.818,59.713,93.267,95.114,116.89,148.413,193.427,10.285,120.294,40.0,,64.694,69.379,726.0,728.087,16.974,18.539,4,idle,0,124,124,0,0
2026-08-27T14:34:20+0800,123.761,67.074,26.402,temp=58.5'C,throttled=0x0,15.0,1.998,122.092,153.837,424.934,0,464.818,59.713,93.267,95.114,116.89,148.413,193.427,10.279,122.038,40.0,,64.694,69.379,726.0,728.087,16.974,18.539,4,idle,0,124,124,0,0
2026-08-27T14:34:21+0800,122.824,67.059,26.402,temp=59.1'C,throttled=0x0,15.0,1.997,122.092,153.837,424.934,0,464.818,59.713,93.267,95.114,116.89,148.413,193.427,10.226,122.168,40.0,,64.694,69.379,726.0,728.087,16.974,18.539,4,playing,0,125,124,0,0
2026-08-27T14:34:22+0800,116.827,67.02,26.402,temp=59.1'C,throttled=0x0,15.0,1.998,122.092,153.837,424.934,0,464.818,59.713,93.267,95.114,116.89,148.413,193.427,10.19,124.408,40.0,,64.694,69.379,726.0,728.087,16.974,18.539,4,playing,0,125,124,0,0
2026-08-27T14:34:23+0800,119.684,67.066,26.402,temp=58.5'C,throttled=0x0,15.0,1.998,122.092,153.837,424.934,0,464.818,59.713,93.267,95.114,116.89,148.413,193.427,10.184,122.43,40.0,,64.694,69.379,726.0,728.087,16.974,18.539,4,playing,0,125,124,0,0
2026-08-27T14:34:24+0800,124.704,68.832,26.402,temp=58.5'C,throttled=0x0,15.0,1.998,122.092,153.837,424.934,0,464.818,59.713,93.267,95.114,116.89,148.413,193.427,10.149,122.43,40.0,,64.694,69.379,726.0,728.087,16.974,18.539,4,playing,0,125,124,0,0
2026-08-27T14:34:25+0800,132.645,70.066,26.402,temp=58.5'C,throttled=0x0,15.0,1.998,122.092,153.837,424.934,0,464.818,59.713,93.267,95.114,116.89,148.413,193.427,10.139,124.408,40.0,,64.694,69.379,726.0,728.087,16.974,18.539,4,playing,0,125,124,0,0
2026-08-27T14:34:26+0800,128.677,67.098,26.402,temp=58.5'C,throttled=0x0,15.0,1.998,122.092,153.837,424.934,0,464.818,59.713,93.267,95.114,116.89,148.413,193.427,10.127,125.049,40.0,,64.694,69.379,726.0,728.087,16.974,18.539,4,idle,0,125,125,0,0
2026-08-27T14:34:27+0800,121.444,67.004,26.402,temp=58.0'C,throttled=0x0,15.0,1.998,122.092,153.837,424.934,0,464.818,59.713,93.267,95.114,116.89,148.413,193.427,10.113,125.717,40.0,,64.694,69.379,726.0,728.087,16.974,18.539,4,idle,0,125,125,0,0
2026-08-27T14:34:28+0800,121.003,67.105,26.402,temp=59.1'C,throttled=0x0,15.0,1.998,122.092,153.837,424.934,0,464.818,59.713,93.267,95.114,116.89,148.413,193.427,10.144,125.717,40.0,,64.694,69.379,726.0,728.087,16.974,18.539,4,idle,0,125,125,0,0
2026-08-27T14:34:29+0800,120.999,67.109,26.402,temp=58.5'C,throttled=0x0,15.0,1.998,122.092,153.837,424.934,0,464.818,59.713,93.267,95.114,116.89,148.413,193.427,10.155,126.001,40.0,,64.694,69.379,726.0,728.087,16.974,18.539,4,idle,0,125,125,0,0
2026-08-27T14:34:30+0800,120.816,67.062,26.402,temp=58.5'C,throttled=0x0,15.0,1.998,122.092,153.837,424.934,0,464.818,59.713,93.267,95.114,116.89,148.413,193.427,10.213,124.408,40.0,,64.694,69.379,726.0,728.087,16.974,18.539,4,idle,0,125,125,0,0
2026-08-27T14:34:31+0800,123.713,67.016,26.402,temp=58.5'C,throttled=0x0,15.0,1.998,122.092,153.837,424.934,0,464.818,59.713,93.267,95.114,116.89,148.413,193.427,10.194,124.408,40.0,,64.694,69.379,726.0,728.087,16.974,18.539,4,idle,0,125,125,0,0
2026-08-27T14:34:32+0800,123.06,67.094,26.402,temp=59.1'C,throttled=0x0,15.0,1.998,122.092,153.837,424.934,0,464.818,59.713,93.267,95.114,116.89,148.413,193.427,10.17,125.717,40.0,,64.694,69.379,726.0,728.087,16.974,18.539,4,idle,0,125,125,0,0
2026-08-27T14:34:33+0800,119.938,67.039,26.402,temp=58.0'C,throttled=0x0,15.0,1.998,122.092,153.837,424.934,0,464.818,59.713,93.267,95.114,116.89,148.413,193.427,10.188,124.408,40.0,,64.694,69.379,726.0,728.087,16.974,18.539,4,idle,0,125,125,0,0
2026-08-27T14:34:34+0800,119.055,67.094,26.402,temp=58.5'C,throttled=0x0,15.1,1.998,122.092,153.837,424.934,0,464.818,59.713,93.267,95.114,116.89,148.413,193.427,10.181,124.408,40.0,,64.694,69.379,726.0,728.087,16.974,18.539,4,idle,0,125,125,0,0
2026-08-27T14:34:35+0800,121.606,66.938,26.402,temp=58.0'C,throttled=0x0,15.1,1.998,122.092,153.837,424.934,0,464.818,59.713,93.267,95.114,116.89,148.413,193.427,10.18,124.408,40.0,,64.694,69.379,726.0,728.087,16.974,18.539,4,idle,0,125,125,0,0
2026-08-27T14:34:36+0800,125.38,66.941,26.402,temp=58.5'C,throttled=0x0,15.1,1.998,122.092,153.837,424.934,0,464.818,59.713,93.267,95.114,116.89,148.413,193.427,10.153,126.001,40.0,,64.694,69.379,726.0,728.087,16.974,18.539,4,idle,0,125,125,0,0
2026-08-27T14:34:37+0800,122.85,67.191,26.402,temp=58.5'C,throttled=0x0,15.1,1.998,122.092,153.837,424.934,0,464.818,59.713,93.267,95.114,116.89,148.413,193.427,10.157,126.001,40.0,,64.694,69.379,726.0,728.087,16.974,18.539,4,idle,0,125,125,0,0
2026-08-27T14:34:38+0800,125.926,67.027,26.402,temp=58.0'C,throttled=0x0,15.1,1.997,122.092,153.837,424.934,0,464.818,59.713,93.267,95.114,116.89,148.413,193.427,10.132,127.8,40.0,,64.694,69.379,726.0,728.087,16.974,18.539,4,idle,0,125,125,0,0
2026-08-27T14:34:39+0800,119.059,67.0,26.402,temp=58.5'C,throttled=0x0,15.0,1.998,122.092,153.837,424.934,0,464.818,59.713,93.267,95.114,116.89,148.413,193.427,10.161,126.001,40.0,,64.694,69.379,726.0,728.087,16.974,18.539,4,idle,0,125,125,0,0
2026-08-27T14:34:40+0800,121.61,67.039,26.402,temp=58.0'C,throttled=0x0,15.0,1.998,122.092,153.837,424.934,0,464.818,59.713,93.267,95.114,116.89,148.413,193.427,10.16,126.001,40.0,,64.694,69.379,726.0,728.087,16.974,18.539,4,idle,0,125,125,0,0
2026-08-27T14:34:41+0800,121.396,67.098,26.402,temp=59.1'C,throttled=0x0,15.0,1.997,122.092,153.837,424.934,0,464.818,59.713,93.267,95.114,116.89,148.413,193.427,10.105,129.248,40.0,,64.694,69.379,726.0,728.087,16.974,18.539,4,playing,0,126,125,0,0
2026-08-27T14:34:42+0800,118.373,67.113,26.402,temp=59.1'C,throttled=0x0,15.0,1.997,122.092,153.837,424.934,0,464.818,59.713,93.267,95.114,116.89,148.413,193.427,10.086,129.248,40.0,,64.694,69.379,726.0,728.087,16.974,18.539,4,playing,0,126,125,0,0
2026-08-27T14:34:43+0800,121.199,67.117,26.402,temp=59.1'C,throttled=0x0,15.0,1.998,122.092,153.837,424.934,0,464.818,59.713,93.267,95.114,116.89,148.413,193.427,10.052,129.248,40.0,,64.694,69.379,726.0,728.087,16.974,18.539,4,playing,0,126,125,0,0
2026-08-27T14:34:45+0800,121.329,67.039,26.402,temp=58.0'C,throttled=0x0,15.0,1.997,122.092,153.837,424.934,0,464.818,59.713,93.267,95.114,116.89,148.413,193.427,10.02,129.248,40.0,,64.694,69.379,726.0,728.087,16.974,18.539,4,playing,0,126,125,0,0
2026-08-27T14:34:46+0800,120.827,66.898,26.402,temp=58.5'C,throttled=0x0,15.0,1.998,122.092,153.837,424.934,0,464.818,59.713,93.267,95.114,116.89,148.413,193.427,10.021,129.248,40.0,,64.694,69.379,726.0,728.087,16.974,18.539,4,playing,0,126,125,0,0
2026-08-27T14:34:47+0800,123.792,66.98,26.402,temp=58.0'C,throttled=0x0,15.0,1.997,122.092,153.837,424.934,0,464.818,59.713,93.267,95.114,116.89,148.413,193.427,10.051,127.8,40.0,,64.694,69.379,726.0,728.087,16.974,18.539,4,playing,0,126,125,0,0
2026-08-27T14:34:48+0800,126.417,70.066,26.402,temp=59.1'C,throttled=0x0,15.0,1.998,122.092,153.837,424.934,0,464.818,59.713,93.267,95.114,116.89,148.413,193.427,10.075,126.868,40.0,,64.694,69.379,726.0,728.087,16.974,18.539,4,idle,0,126,126,0,0
2026-08-27T14:34:49+0800,127.596,69.988,26.402,temp=58.5'C,throttled=0x0,15.0,1.998,122.092,153.837,424.934,0,464.818,59.713,93.267,95.114,116.89,148.413,193.427,10.095,126.868,40.0,,64.694,69.379,726.0,728.087,16.974,18.539,4,idle,0,126,126,0,0
2026-08-27T14:34:50+0800,128.064,67.023,26.402,temp=58.5'C,throttled=0x0,15.0,1.998,122.092,153.837,424.934,0,464.818,59.713,93.267,95.114,116.89,148.413,193.427,10.123,126.001,40.0,,64.694,69.379,726.0,728.087,16.974,18.539,4,idle,0,126,126,0,0
2026-08-27T14:34:51+0800,122.558,66.922,26.402,temp=58.0'C,throttled=0x0,15.0,1.998,122.092,153.837,424.934,0,464.818,59.713,93.267,95.114,116.89,148.413,193.427,10.143,125.639,40.0,,64.694,69.379,726.0,728.087,16.974,18.539,4,idle,0,126,126,0,0
2026-08-27T14:34:52+0800,119.96,66.953,26.402,temp=58.5'C,throttled=0x0,15.0,1.998,122.092,153.837,424.934,0,464.818,59.713,93.267,95.114,116.89,148.413,193.427,10.159,124.681,40.0,,64.694,69.379,726.0,728.087,16.974,18.539,4,idle,0,126,126,0,0
2026-08-27T14:34:53+0800,120.017,67.012,26.402,temp=58.5'C,throttled=0x0,15.0,1.998,122.092,153.837,424.934,0,464.818,59.713,93.267,95.114,116.89,148.413,193.427,10.172,123.649,40.0,,64.694,69.379,726.0,728.087,16.974,18.539,4,idle,0,126,126,0,0
2026-08-27T14:34:54+0800,117.963,67.16,26.402,temp=59.1'C,throttled=0x0,15.0,1.998,122.092,153.837,424.934,0,464.818,59.713,93.267,95.114,116.89,148.413,193.427,10.178,123.649,40.0,,64.694,69.379,726.0,728.087,16.974,18.539,4,idle,0,126,126,0,0
2026-08-27T14:34:55+0800,122.962,66.926,26.402,temp=58.5'C,throttled=0x0,15.0,1.998,122.092,153.837,424.934,0,464.818,59.713,93.267,95.114,116.89,148.413,193.427,10.187,123.129,40.0,,64.694,69.379,726.0,728.087,16.974,18.539,4,idle,0,126,126,0,0
2026-08-27T14:34:56+0800,121.72,67.16,26.402,temp=58.5'C,throttled=0x0,15.0,1.998,122.092,153.837,424.934,0,464.818,59.713,93.267,95.114,116.89,148.413,193.427,10.209,122.847,40.0,,64.694,69.379,726.0,728.087,16.974,18.539,4,idle,0,126,126,0,0
2026-08-27T14:34:57+0800,122.931,67.109,26.402,temp=58.5'C,throttled=0x0,15.0,1.998,122.092,153.837,424.934,0,464.818,59.713,93.267,95.114,116.89,148.413,193.427,10.224,122.177,40.0,,64.694,69.379,726.0,728.087,16.974,18.539,4,idle,0,126,126,0,0
2026-08-27T14:34:58+0800,122.579,67.074,26.402,temp=58.0'C,throttled=0x0,15.0,1.998,122.092,153.837,424.934,0,464.818,59.713,93.267,95.114,116.89,148.413,193.427,10.23,122.177,40.0,,64.694,69.379,726.0,728.087,16.974,18.539,4,idle,0,126,126,0,0
2026-08-27T14:34:59+0800,122.875,67.039,26.402,temp=58.5'C,throttled=0x0,15.0,1.998,122.092,153.837,424.934,0,464.818,59.713,93.267,95.114,116.89,148.413,193.427,10.216,121.609,40.0,,64.694,69.379,726.0,728.087,16.974,18.539,4,idle,0,126,126,0,0
2026-08-27T14:35:00+0800,120.667,67.109,26.402,temp=58.0'C,throttled=0x0,15.0,1.998,122.092,153.837,424.934,0,464.818,59.713,93.267,95.114,116.89,148.413,193.427,10.226,121.609,40.0,,64.694,69.379,726.0,728.087,16.974,18.539,4,idle,0,126,126,0,0
2026-08-27T14:35:01+0800,121.508,67.098,26.402,temp=58.0'C,throttled=0x0,15.0,1.998,122.092,153.837,424.934,0,464.818,59.713,93.267,95.114,116.89,148.413,193.427,10.234,121.068,40.0,,64.694,69.379,726.0,728.087,16.974,18.539,4,idle,0,126,126,0,0
2026-08-27T14:35:02+0800,121.79,67.047,26.402,temp=58.0'C,throttled=0x0,15.0,1.997,122.092,153.837,424.934,0,464.818,59.713,93.267,95.114,116.89,148.413,193.427,10.217,121.068,40.0,,64.694,69.379,726.0,728.087,16.974,18.539,4,idle,0,126,126,0,0
2026-08-27T14:35:03+0800,118.474,67.148,26.402,temp=59.1'C,throttled=0x0,15.0,1.997,122.092,153.837,424.934,0,464.818,59.713,93.267,95.114,116.89,148.413,193.427,10.199,121.068,40.0,,64.694,69.379,726.0,728.087,16.974,18.539,4,playing,0,127,126,0,0
2026-08-27T14:35:04+0800,124.393,66.992,26.402,temp=59.1'C,throttled=0x0,15.0,1.998,122.092,153.837,424.934,0,464.818,59.713,93.267,95.114,116.89,148.413,193.427,10.163,121.336,40.0,,64.694,69.379,726.0,728.087,16.974,18.539,4,playing,0,127,126,0,0
2026-08-27T14:35:05+0800,121.123,66.957,26.402,temp=59.1'C,throttled=0x0,15.0,1.998,122.092,153.837,424.934,0,464.818,59.713,93.267,95.114,116.89,148.413,193.427,10.137,121.556,40.0,,64.694,69.379,726.0,728.087,16.974,18.539,4,playing,0,127,126,0,0
2026-08-27T14:35:06+0800,119.809,67.117,26.402,temp=58.5'C,throttled=0x0,15.0,1.998,122.092,153.837,424.934,0,464.818,59.713,93.267,95.114,116.89,148.413,193.427,10.116,121.556,40.0,,64.694,69.379,726.0,728.087,16.974,18.539,4,playing,0,127,126,0,0
2026-08-27T14:35:07+0800,121.956,67.023,26.402,temp=59.1'C,throttled=0x0,15.0,1.998,122.092,153.837,424.934,0,464.818,59.713,93.267,95.114,116.89,148.413,193.427,10.157,121.03,40.0,,64.694,69.379,726.0,728.087,16.974,18.539,4,playing,0,127,126,0,0
2026-08-27T14:35:08+0800,120.605,67.078,26.402,temp=58.5'C,throttled=0x0,15.0,1.998,122.092,153.837,424.934,0,464.818,59.713,93.267,95.114,116.89,148.413,193.427,10.132,121.068,40.0,,64.694,69.379,726.0,728.087,16.974,18.539,4,playing,0,127,126,0,0
2026-08-27T14:35:09+0800,121.768,67.094,26.402,temp=59.1'C,throttled=0x0,15.0,1.998,122.092,153.837,424.934,0,464.818,59.713,93.267,95.114,116.89,148.413,193.427,10.149,121.03,40.0,,64.694,69.379,726.0,728.087,16.974,18.539,4,playing,0,127,126,0,0
2026-08-27T14:35:10+0800,121.95,67.215,26.402,temp=58.0'C,throttled=0x0,15.0,1.998,122.092,153.837,424.934,0,464.818,59.713,93.267,95.114,116.89,148.413,193.427,10.159,121.03,40.0,,64.694,69.379,726.0,728.087,16.974,18.539,4,playing,0,127,126,0,0
2026-08-27T14:35:11+0800,121.602,67.516,26.402,temp=58.0'C,throttled=0x0,15.0,1.998,122.092,153.837,424.934,0,464.818,59.713,93.267,95.114,116.89,148.413,193.427,10.158,121.336,40.0,,64.694,69.379,726.0,728.087,16.974,18.539,4,idle,0,127,127,0,0
2026-08-27T14:35:12+0800,122.061,67.516,26.402,temp=58.0'C,throttled=0x0,15.0,1.998,122.092,153.837,424.934,0,464.818,59.713,93.267,95.114,116.89,148.413,193.427,10.194,121.068,40.0,,64.694,69.379,726.0,728.087,16.974,18.539,4,idle,0,127,127,0,0
2026-08-27T14:35:13+0800,126.166,70.535,26.402,temp=58.5'C,throttled=0x0,15.0,1.998,122.092,153.837,424.934,0,464.818,59.713,93.267,95.114,116.89,148.413,193.427,10.192,121.336,40.0,,64.694,69.379,726.0,728.087,16.974,18.539,4,idle,0,127,127,0,0
2026-08-27T14:35:14+0800,132.594,70.379,26.402,temp=58.5'C,throttled=0x0,15.0,1.998,122.092,153.837,424.934,0,464.818,59.713,93.267,95.114,116.89,148.413,193.427,10.166,121.336,40.0,,64.694,69.379,726.0,728.087,16.974,18.539,4,idle,0,127,127,0,0
2026-08-27T14:35:15+0800,123.27,67.594,26.402,temp=58.0'C,throttled=0x0,15.0,1.998,122.092,153.837,424.934,0,464.818,59.713,93.267,95.114,116.89,148.413,193.427,10.189,121.336,40.0,,64.694,69.379,726.0,728.087,16.974,18.539,4,idle,0,127,127,0,0
2026-08-27T14:35:16+0800,118.821,67.566,26.402,temp=59.1'C,throttled=0x0,15.0,1.998,122.092,153.837,424.934,0,464.818,59.713,93.267,95.114,116.89,148.413,193.427,10.195,121.336,40.0,,64.694,69.379,726.0,728.087,16.974,18.539,4,idle,0,127,127,0,0
2026-08-27T14:35:17+0800,122.192,67.516,26.402,temp=58.0'C,throttled=0x0,15.0,1.998,122.092,153.837,424.934,0,464.818,59.713,93.267,95.114,116.89,148.413,193.427,10.152,122.048,40.0,,64.694,69.379,726.0,728.087,16.974,18.539,4,idle,0,127,127,0,0
2026-08-27T14:35:18+0800,117.945,67.48,26.402,temp=58.0'C,throttled=0x0,15.0,1.998,122.092,153.837,424.934,0,464.818,59.713,93.267,95.114,116.89,148.413,193.427,10.15,122.048,40.0,,64.694,69.379,726.0,728.087,16.974,18.539,4,idle,0,127,127,0,0
2026-08-27T14:35:19+0800,115.477,67.449,26.402,temp=58.0'C,throttled=0x0,15.0,1.998,122.092,153.837,424.934,0,464.818,59.713,93.267,95.114,116.89,148.413,193.427,10.151,122.048,40.0,,64.694,69.379,726.0,728.087,16.974,18.539,4,idle,0,127,127,0,0
2026-08-27T14:35:20+0800,119.41,67.578,26.402,temp=58.5'C,throttled=0x0,15.0,1.998,122.092,153.837,424.934,0,464.818,59.713,93.267,95.114,116.89,148.413,193.427,10.137,122.048,40.0,,64.694,69.379,726.0,728.087,16.974,18.539,4,idle,0,127,127,0,0
2026-08-27T14:35:21+0800,118.025,67.559,26.402,temp=58.5'C,throttled=0x0,15.0,1.998,122.092,153.837,424.934,0,464.818,59.713,93.267,95.114,116.89,148.413,193.427,10.175,122.048,40.0,,64.694,69.379,726.0,728.087,16.974,18.539,4,idle,0,127,127,0,0
2026-08-27T14:35:22+0800,122.399,67.629,26.402,temp=58.0'C,throttled=0x0,15.0,1.998,122.092,153.837,424.934,0,464.818,59.713,93.267,95.114,116.89,148.413,193.427,10.175,122.608,40.0,,64.694,69.379,726.0,728.087,16.974,18.539,4,idle,0,127,127,0,0
2026-08-27T14:35:23+0800,120.006,67.57,26.402,temp=59.1'C,throttled=0x0,15.0,1.998,122.092,153.837,424.934,0,464.818,59.713,93.267,95.114,116.89,148.413,193.427,10.17,122.653,40.0,,64.694,69.379,726.0,728.087,16.974,18.539,4,idle,0,127,127,0,0
2026-08-27T14:35:24+0800,120.826,67.527,26.402,temp=58.5'C,throttled=0x0,15.0,1.998,122.092,153.837,424.934,0,464.818,59.713,93.267,95.114,116.89,148.413,193.427,10.171,122.653,40.0,,64.694,69.379,726.0,728.087,16.974,18.539,4,idle,0,127,127,0,0
2026-08-27T14:35:25+0800,119.824,67.543,26.402,temp=58.0'C,throttled=0x0,15.0,1.998,122.092,153.837,424.934,0,464.818,59.713,93.267,95.114,116.89,148.413,193.427,10.187,122.653,40.0,,64.694,69.379,726.0,728.087,16.974,18.539,4,idle,0,127,127,0,0
2026-08-27T14:35:26+0800,115.698,67.598,26.402,temp=59.1'C,throttled=0x0,15.0,1.997,122.092,153.837,424.934,0,464.818,59.713,93.267,95.114,116.89,148.413,193.427,10.149,123.243,40.0,,64.694,69.379,726.0,728.087,16.974,18.539,4,playing,0,128,127,0,0
2026-08-27T14:35:27+0800,124.022,67.465,26.402,temp=59.1'C,throttled=0x0,15.0,1.997,122.092,153.837,424.934,0,464.818,59.713,93.267,95.114,116.89,148.413,193.427,10.114,124.245,40.0,,64.694,69.379,726.0,728.087,16.974,18.539,4,playing,0,128,127,0,0
2026-08-27T14:35:28+0800,116.035,67.551,26.402,temp=59.1'C,throttled=0x0,15.0,1.997,122.092,153.837,424.934,0,464.818,59.713,93.267,95.114,116.89,148.413,193.427,10.149,123.243,40.0,,64.694,69.379,726.0,728.087,16.974,18.539,4,playing,0,128,127,0,0
2026-08-27T14:35:29+0800,119.019,67.469,26.402,temp=58.0'C,throttled=0x0,15.0,1.998,122.092,153.837,424.934,0,464.818,59.713,93.267,95.114,116.89,148.413,193.427,10.179,122.653,40.0,,64.694,69.379,726.0,728.087,16.974,18.539,4,playing,0,128,127,0,0
2026-08-27T14:35:30+0800,120.875,67.531,26.402,temp=58.5'C,throttled=0x0,15.0,1.997,122.092,153.837,424.934,0,464.818,59.713,93.267,95.114,116.89,148.413,193.427,10.172,123.243,40.0,,64.694,69.379,726.0,728.087,16.974,18.539,4,playing,0,128,127,0,0
2026-08-27T14:35:32+0800,119.998,67.551,26.402,temp=58.0'C,throttled=0x0,15.0,1.997,122.092,153.837,424.934,0,464.818,59.713,93.267,95.114,116.89,148.413,193.427,10.208,123.243,40.0,,64.694,69.379,726.0,728.087,16.974,18.539,4,idle,0,128,128,0,0
2026-08-27T14:35:33+0800,122.605,67.562,26.402,temp=58.5'C,throttled=0x0,15.0,1.997,122.092,153.837,424.934,0,464.818,59.713,93.267,95.114,116.89,148.413,193.427,10.243,123.243,40.0,,64.694,69.379,726.0,728.087,16.974,18.539,4,idle,0,128,128,0,0
2026-08-27T14:35:34+0800,120.723,67.633,26.402,temp=58.0'C,throttled=0x0,15.0,1.997,122.092,153.837,424.934,0,464.818,59.713,93.267,95.114,116.89,148.413,193.427,10.278,123.243,40.0,,64.694,69.379,726.0,728.087,16.974,18.539,4,idle,0,128,128,0,0
2026-08-27T14:35:35+0800,118.106,67.559,26.402,temp=58.5'C,throttled=0x0,15.0,1.997,122.092,153.837,424.934,0,464.818,59.713,93.267,95.114,116.89,148.413,193.427,10.31,122.048,40.0,,64.694,69.379,726.0,728.087,16.974,18.539,4,idle,0,128,128,0,0
2026-08-27T14:35:36+0800,120.932,67.52,26.402,temp=58.0'C,throttled=0x0,15.0,1.997,122.092,153.837,424.934,0,464.818,59.713,93.267,95.114,116.89,148.413,193.427,10.333,120.396,40.0,,64.694,69.379,726.0,728.087,16.974,18.539,4,idle,0,128,128,0,0
2026-08-27T14:35:37+0800,119.559,67.566,26.402,temp=58.0'C,throttled=0x0,15.0,1.998,122.092,153.837,424.934,0,464.818,59.713,93.267,95.114,116.89,148.413,193.427,10.353,120.396,40.0,,64.694,69.379,726.0,728.087,16.974,18.539,4,idle,0,128,128,0,0
2026-08-27T14:35:38+0800,120.925,67.68,26.402,temp=58.5'C,throttled=0x0,15.0,1.997,122.092,153.837,424.934,0,464.818,59.713,93.267,95.114,116.89,148.413,193.427,10.36,120.2,40.0,,64.694,69.379,726.0,728.087,16.974,18.539,4,idle,0,128,128,0,0
2026-08-27T14:35:39+0800,123.997,69.273,26.402,temp=58.5'C,throttled=0x0,15.0,1.998,122.092,153.837,424.934,0,464.818,59.713,93.267,95.114,116.89,148.413,193.427,10.381,119.452,40.0,,64.694,69.379,726.0,728.087,16.974,18.539,4,idle,0,128,128,0,0
2026-08-27T14:35:40+0800,131.061,70.582,26.402,temp=58.0'C,throttled=0x0,15.0,1.998,122.092,153.837,424.934,0,464.818,59.713,93.267,95.114,116.89,148.413,193.427,10.381,120.2,40.0,,64.694,69.379,726.0,728.087,16.974,18.539,4,idle,0,128,128,0,0
2026-08-27T14:35:41+0800,120.973,67.555,26.402,temp=58.5'C,throttled=0x0,15.0,1.997,122.092,153.837,424.934,0,464.818,59.713,93.267,95.114,116.89,148.413,193.427,10.373,119.452,40.0,,64.694,69.379,726.0,728.087,16.974,18.539,4,idle,0,128,128,0,0
2026-08-27T14:35:42+0800,119.105,67.582,26.402,temp=58.0'C,throttled=0x0,15.0,1.998,122.092,153.837,424.934,0,464.818,59.713,93.267,95.114,116.89,148.413,193.427,10.393,117.768,40.0,,64.694,69.379,726.0,728.087,16.974,18.539,4,idle,0,128,128,0,0
2026-08-27T14:35:43+0800,123.544,67.465,26.402,temp=58.5'C,throttled=0x0,15.0,1.998,122.092,153.837,424.934,0,464.818,59.713,93.267,95.114,116.89,148.413,193.427,10.372,118.339,40.0,,64.694,69.379,726.0,728.087,16.974,18.539,4,idle,0,128,128,0,0
2026-08-27T14:35:44+0800,117.378,67.641,26.402,temp=58.5'C,throttled=0x0,15.0,1.998,122.092,153.837,424.934,0,464.818,59.713,93.267,95.114,116.89,148.413,193.427,10.374,118.339,40.0,,64.694,69.379,726.0,728.087,16.974,18.539,4,idle,0,128,128,0,0
2026-08-27T14:35:45+0800,119.461,67.535,26.402,temp=58.5'C,throttled=0x0,15.0,1.998,122.092,153.837,424.934,0,464.818,59.713,93.267,95.114,116.89,148.413,193.427,10.392,118.339,40.0,,64.694,69.379,726.0,728.087,16.974,18.539,4,idle,0,128,128,0,0
2026-08-27T14:35:46+0800,120.923,67.527,26.402,temp=58.0'C,throttled=0x0,15.0,1.997,122.092,153.837,424.934,0,464.818,59.713,93.267,95.114,116.89,148.413,193.427,10.388,119.452,40.0,,64.694,69.379,726.0,728.087,16.974,18.539,4,idle,0,128,128,0,0
2026-08-27T14:35:47+0800,117.623,67.59,26.402,temp=59.1'C,throttled=0x0,15.0,1.997,122.092,153.837,424.934,0,464.818,59.713,93.267,95.114,116.89,148.413,193.427,10.35,120.2,40.0,,64.694,69.379,726.0,728.087,16.974,18.539,4,playing,0,129,128,0,0
2026-08-27T14:35:48+0800,120.699,67.598,26.402,temp=58.0'C,throttled=0x0,15.0,1.998,122.092,153.837,424.934,0,464.818,59.713,93.267,95.114,116.89,148.413,193.427,10.318,120.642,40.0,,64.694,69.379,726.0,728.087,16.974,18.539,4,playing,0,129,128,0,0
2026-08-27T14:35:49+0800,121.487,67.562,26.402,temp=58.5'C,throttled=0x0,15.0,1.997,122.092,153.837,424.934,0,464.818,59.713,93.267,95.114,116.89,148.413,193.427,10.307,120.2,40.0,,64.694,69.379,726.0,728.087,16.974,18.539,4,playing,0,129,128,0,0
2026-08-27T14:35:50+0800,118.935,67.559,26.402,temp=58.5'C,throttled=0x0,15.0,1.998,122.092,153.837,424.934,0,464.818,59.713,93.267,95.114,116.89,148.413,193.427,10.279,120.642,40.0,,64.694,69.379,726.0,728.087,16.974,18.539,4,playing,0,129,128,0,0
2026-08-27T14:35:51+0800,121.07,67.605,26.402,temp=58.0'C,throttled=0x0,15.0,1.997,122.092,153.837,424.934,0,464.818,59.713,93.267,95.114,116.89,148.413,193.427,10.283,120.642,40.0,,64.694,69.379,726.0,728.087,16.974,18.539,4,playing,0,129,128,0,0
2026-08-27T14:35:52+0800,119.731,67.391,26.402,temp=58.0'C,throttled=0x0,15.0,1.998,122.092,153.837,424.934,0,464.818,59.713,93.267,95.114,116.89,148.413,193.427,10.37,119.452,40.0,,64.694,69.379,726.0,728.087,16.974,18.539,4,idle,0,129,129,0,0
2026-08-27T14:35:53+0800,121.923,67.516,26.402,temp=59.1'C,throttled=0x0,15.0,1.997,122.092,153.837,424.934,0,464.818,59.713,93.267,95.114,116.89,148.413,193.427,10.372,119.452,40.0,,64.694,69.379,726.0,728.087,16.974,18.539,4,idle,0,129,129,0,0
2026-08-27T14:35:54+0800,119.96,67.594,26.402,temp=58.5'C,throttled=0x0,15.0,1.998,122.092,153.837,424.934,0,464.818,59.713,93.267,95.114,116.89,148.413,193.427,10.399,119.452,40.0,,64.694,69.379,726.0,728.087,16.974,18.539,4,idle,0,129,129,0,0
2026-08-27T14:35:55+0800,121.898,67.492,26.402,temp=58.0'C,throttled=0x0,15.0,1.997,122.092,153.837,424.934,0,464.818,59.713,93.267,95.114,116.89,148.413,193.427,10.424,117.685,40.0,,64.694,69.379,726.0,728.087,16.974,18.539,4,idle,0,129,129,0,0
2026-08-27T14:35:56+0800,120.856,67.473,26.402,temp=58.0'C,throttled=0x0,15.0,1.997,122.092,153.837,424.934,0,464.818,59.713,93.267,95.114,116.89,148.413,193.427,10.412,119.452,40.0,,64.694,69.379,726.0,728.087,16.974,18.539,4,idle,0,129,129,0,0
2026-08-27T14:35:57+0800,119.957,67.617,26.402,temp=58.0'C,throttled=0x0,15.0,1.998,122.092,153.837,424.934,0,464.818,59.713,93.267,95.114,116.89,148.413,193.427,10.425,119.452,40.0,,64.694,69.379,726.0,728.087,16.974,18.539,4,idle,0,129,129,0,0
2026-08-27T14:35:58+0800,120.001,67.609,26.402,temp=58.0'C,throttled=0x0,15.0,1.997,122.092,153.837,424.934,0,464.818,59.713,93.267,95.114,116.89,148.413,193.427,10.404,117.908,40.0,,64.694,69.379,726.0,728.087,16.974,18.539,4,idle,0,129,129,0,0
2026-08-27T14:35:59+0800,122.036,67.559,26.402,temp=58.0'C,throttled=0x0,15.0,1.997,122.092,153.837,424.934,0,464.818,59.713,93.267,95.114,116.89,148.413,193.427,10.378,120.2,40.0,,64.694,69.379,726.0,728.087,16.974,18.539,4,idle,0,129,129,0,0
2026-08-27T14:36:00+0800,119.732,67.59,26.402,temp=58.0'C,throttled=0x0,15.0,1.997,122.092,153.837,424.934,0,464.818,59.713,93.267,95.114,116.89,148.413,193.427,10.394,120.2,40.0,,64.694,69.379,726.0,728.087,16.974,18.539,4,idle,0,129,129,0,0
2026-08-27T14:36:01+0800,120.053,67.562,26.402,temp=58.5'C,throttled=0x0,15.0,1.997,122.092,153.837,424.934,0,464.818,59.713,93.267,95.114,116.89,148.413,193.427,10.374,118.794,40.0,,64.694,69.379,726.0,728.087,16.974,18.539,4,idle,0,129,129,0,0
2026-08-27T14:36:02+0800,121.37,67.449,26.402,temp=58.5'C,throttled=0x0,15.0,1.997,122.092,153.837,424.934,0,464.818,59.713,93.267,95.114,116.89,148.413,193.427,10.358,118.794,40.0,,64.694,69.379,726.0,728.087,16.974,18.539,4,idle,0,129,129,0,0
2026-08-27T14:36:03+0800,115.32,69.211,26.402,temp=58.0'C,throttled=0x0,15.0,1.997,122.092,153.837,424.934,0,464.818,59.713,93.267,95.114,116.89,148.413,193.427,10.369,120.443,40.0,,64.694,69.379,726.0,728.087,16.974,18.539,4,idle,0,129,129,0,0
2026-08-27T14:36:04+0800,121.931,70.414,26.402,temp=58.0'C,throttled=0x0,15.0,1.997,122.092,153.837,424.934,0,464.818,59.713,93.267,95.114,116.89,148.413,193.427,10.412,118.671,40.0,,64.694,69.379,726.0,728.087,16.974,18.539,4,idle,0,129,129,0,0
2026-08-27T14:36:05+0800,116.929,70.492,26.402,temp=58.5'C,throttled=0x0,15.0,1.997,122.092,153.837,424.934,0,464.818,59.713,93.267,95.114,116.89,148.413,193.427,10.441,118.671,40.0,,64.694,69.379,726.0,728.087,16.974,18.539,4,idle,0,129,129,0,0
2026-08-27T14:36:06+0800,116.186,67.434,26.402,temp=58.0'C,throttled=0x0,15.0,1.997,122.092,153.837,424.934,0,464.818,59.713,93.267,95.114,116.89,148.413,193.427,10.464,118.671,40.0,,64.694,69.379,726.0,728.087,16.974,18.539,4,playing,0,130,129,0,0
2026-08-27T14:36:07+0800,107.698,67.602,26.402,temp=59.1'C,throttled=0x0,15.0,1.998,122.092,153.837,424.934,0,464.818,59.713,93.267,95.114,116.89,148.413,193.427,10.482,118.004,40.0,,64.694,69.379,726.0,728.087,16.974,18.539,4,playing,0,130,129,0,0
2026-08-27T14:36:08+0800,112.207,67.586,26.402,temp=58.5'C,throttled=0x0,15.0,1.998,122.092,153.837,424.934,0,464.818,59.713,93.267,95.114,116.89,148.413,193.427,10.468,118.671,40.0,,64.694,69.379,726.0,728.087,16.974,18.539,4,playing,0,130,129,0,0
2026-08-27T14:36:09+0800,113.742,67.551,26.402,temp=58.0'C,throttled=0x0,15.0,1.998,122.092,153.837,424.934,0,464.818,59.713,93.267,95.114,116.89,148.413,193.427,10.457,118.671,40.0,,64.694,69.379,726.0,728.087,16.974,18.539,4,playing,0,130,129,0,0
2026-08-27T14:36:10+0800,110.169,67.551,26.402,temp=58.0'C,throttled=0x0,15.0,1.998,122.092,153.837,424.934,0,464.818,59.713,93.267,95.114,116.89,148.413,193.427,10.469,118.004,40.0,,64.694,69.379,726.0,728.087,16.974,18.539,4,playing,0,130,129,0,0
2026-08-27T14:36:11+0800,113.068,67.438,26.402,temp=59.1'C,throttled=0x0,15.0,1.997,122.092,153.837,424.934,0,464.818,59.713,93.267,95.114,116.89,148.413,193.427,10.535,117.543,40.0,,64.694,69.379,726.0,728.087,16.974,18.539,4,playing,0,130,129,0,0
2026-08-27T14:36:12+0800,111.101,67.539,26.402,temp=58.0'C,throttled=0x0,15.0,1.998,122.092,153.837,424.934,0,464.818,59.713,93.267,95.114,116.89,148.413,193.427,10.56,116.349,40.0,,64.694,69.379,726.0,728.087,16.974,18.539,4,playing,0,130,129,0,0
2026-08-27T14:36:13+0800,115.177,67.465,26.402,temp=58.0'C,throttled=0x0,15.0,1.998,122.092,153.837,424.934,0,464.818,59.713,93.267,95.114,116.89,148.413,193.427,10.595,116.172,40.0,,64.694,69.379,726.0,728.087,16.974,18.539,4,idle,0,130,130,0,0
2026-08-27T14:36:14+0800,112.245,67.543,26.402,temp=58.0'C,throttled=0x0,15.0,1.998,122.092,153.837,424.934,0,464.818,59.713,93.267,95.114,116.89,148.413,193.427,10.663,116.172,40.0,,64.694,69.379,726.0,728.087,16.974,18.539,4,idle,0,130,130,0,0
2026-08-27T14:36:15+0800,113.212,67.648,26.402,temp=58.5'C,throttled=0x0,15.0,1.998,122.092,153.837,424.934,0,464.818,59.713,93.267,95.114,116.89,148.413,193.427,10.692,115.665,40.0,,64.694,69.379,726.0,728.087,16.974,18.539,4,idle,0,130,130,0,0
2026-08-27T14:36:16+0800,111.152,67.555,26.402,temp=58.0'C,throttled=0x0,15.0,1.998,122.092,153.837,424.934,0,464.818,59.713,93.267,95.114,116.89,148.413,193.427,10.745,115.665,40.0,,64.694,69.379,726.0,728.087,16.974,18.539,4,idle,0,130,130,0,0
2026-08-27T14:36:17+0800,112.374,67.438,26.402,temp=58.0'C,throttled=0x0,15.0,1.998,122.092,153.837,424.934,0,464.818,59.713,93.267,95.114,116.89,148.413,193.427,10.796,115.665,40.0,,64.694,69.379,726.0,728.087,16.974,18.539,4,idle,0,130,130,0,0
2026-08-27T14:36:18+0800,113.297,67.402,26.402,temp=58.0'C,throttled=0x0,15.0,1.998,122.092,153.837,424.934,0,464.818,59.713,93.267,95.114,116.89,148.413,193.427,10.804,116.172,40.0,,64.694,69.379,726.0,728.087,16.974,18.539,4,idle,0,130,130,0,0
2026-08-27T14:36:20+0800,111.788,67.617,26.402,temp=58.0'C,throttled=0x0,15.0,1.998,122.092,153.837,424.934,0,464.818,59.713,93.267,95.114,116.89,148.413,193.427,10.844,116.063,40.0,,64.694,69.379,726.0,728.087,16.974,18.539,4,idle,0,130,130,0,0
2026-08-27T14:36:21+0800,109.828,67.59,26.402,temp=58.5'C,throttled=0x0,15.0,1.998,122.092,153.837,424.934,0,464.818,59.713,93.267,95.114,116.89,148.413,193.427,10.892,115.356,40.0,,64.694,69.379,726.0,728.087,16.974,18.539,4,idle,0,130,130,0,0
2026-08-27T14:36:22+0800,112.172,67.609,26.402,temp=58.0'C,throttled=0x0,15.0,1.998,122.092,153.837,424.934,0,464.818,59.713,93.267,95.114,116.89,148.413,193.427,10.938,115.074,40.0,,64.694,69.379,726.0,728.087,16.974,18.539,4,idle,0,130,130,0,0
2026-08-27T14:36:23+0800,112.138,67.516,26.402,temp=58.0'C,throttled=0x0,15.0,1.998,122.092,153.837,424.934,0,464.818,59.713,93.267,95.114,116.89,148.413,193.427,11.002,113.886,40.0,,64.694,69.379,726.0,728.087,16.974,18.539,4,idle,0,130,130,0,0
2026-08-27T14:36:24+0800,111.128,67.441,26.402,temp=58.0'C,throttled=0x0,15.0,1.998,122.092,153.837,424.934,0,464.818,59.713,93.267,95.114,116.89,148.413,193.427,11.054,113.462,40.0,,64.694,69.379,726.0,728.087,16.974,18.539,4,idle,0,130,130,0,0
2026-08-27T14:36:25+0800,113.728,67.414,26.402,temp=58.0'C,throttled=0x0,15.0,1.998,122.092,153.837,424.934,0,464.818,59.713,93.267,95.114,116.89,148.413,193.427,11.076,112.8,40.0,,64.694,69.379,726.0,728.087,16.974,18.539,4,idle,0,130,130,0,0
2026-08-27T14:36:26+0800,110.164,67.527,26.402,temp=58.0'C,throttled=0x0,15.0,1.997,122.092,153.837,424.934,0,464.818,59.713,93.267,95.114,116.89,148.413,193.427,11.132,110.39,40.0,,64.694,69.379,726.0,728.087,16.974,18.539,4,idle,0,130,130,0,0
2026-08-27T14:36:27+0800,112.082,67.441,26.402,temp=58.0'C,throttled=0x0,15.0,1.998,122.092,153.837,424.934,0,464.818,59.713,93.267,95.114,116.89,148.413,193.427,11.152,110.39,40.0,,64.694,69.379,726.0,728.087,16.974,18.539,4,idle,0,130,130,0,0
2026-08-27T14:36:28+0800,110.28,67.441,26.402,temp=58.0'C,throttled=0x0,15.0,1.998,122.092,153.837,424.934,0,464.818,59.713,93.267,95.114,116.89,148.413,193.427,11.168,109.149,40.0,,64.694,69.379,726.0,728.087,16.974,18.539,4,idle,0,130,130,0,0
2026-08-27T14:36:29+0800,113.07,67.496,26.402,temp=58.0'C,throttled=0x0,15.0,1.998,122.092,153.837,424.934,0,464.818,59.713,93.267,95.114,116.89,148.413,193.427,11.155,110.39,40.0,,64.694,69.379,726.0,728.087,16.974,18.539,4,playing,0,131,130,0,0
2026-08-27T14:36:30+0800,109.063,67.578,26.402,temp=58.0'C,throttled=0x0,15.0,1.997,122.092,153.837,424.934,0,464.818,59.713,93.267,95.114,116.89,148.413,193.427,11.12,113.462,40.0,,64.694,69.379,726.0,728.087,16.974,18.539,4,playing,0,131,130,0,0
2026-08-27T14:36:31+0800,117.202,70.5,26.402,temp=58.0'C,throttled=0x0,15.0,1.998,122.092,153.837,424.934,0,464.818,59.713,93.267,95.114,116.89,148.413,193.427,11.131,112.8,40.0,,64.694,69.379,726.0,728.087,16.974,18.539,4,playing,0,131,130,0,0
2026-08-27T14:36:32+0800,123.546,70.52,26.402,temp=58.0'C,throttled=0x0,15.0,1.998,122.092,153.837,424.934,0,464.818,59.713,93.267,95.114,116.89,148.413,193.427,11.162,109.149,40.0,,64.694,69.379,726.0,728.087,16.974,18.539,4,playing,0,131,130,0,0
2026-08-27T14:36:33+0800,114.754,67.449,26.402,temp=58.0'C,throttled=0x0,15.0,1.998,122.092,153.837,424.934,0,464.818,59.713,93.267,95.114,116.89,148.413,193.427,11.161,108.578,40.0,,64.694,69.379,726.0,728.087,16.974,18.539,4,playing,0,131,130,0,0
2026-08-27T14:36:34+0800,113.266,67.488,26.402,temp=58.0'C,throttled=0x0,15.0,1.998,122.092,153.837,424.934,0,464.818,59.713,93.267,95.114,116.89,148.413,193.427,11.175,107.551,40.0,,64.694,69.379,726.0,728.087,16.974,18.539,4,playing,0,131,130,0,0
2026-08-27T14:36:35+0800,114.086,67.477,26.402,temp=58.0'C,throttled=0x0,15.0,1.998,122.092,153.837,424.934,0,464.818,59.713,93.267,95.114,116.89,148.413,193.427,11.163,108.015,40.0,,64.694,69.379,726.0,728.087,16.974,18.539,4,playing,0,131,130,0,0
2026-08-27T14:36:36+0800,112.115,67.512,26.402,temp=58.0'C,throttled=0x0,15.0,1.998,122.092,153.837,424.934,0,464.818,59.713,93.267,95.114,116.89,148.413,193.427,11.186,107.551,40.0,,64.694,69.379,726.0,728.087,16.974,18.539,4,idle,0,131,131,0,0
2026-08-27T14:36:37+0800,112.212,67.57,26.402,temp=58.0'C,throttled=0x0,15.0,1.998,122.092,153.837,424.934,0,464.818,59.713,93.267,95.114,116.89,148.413,193.427,11.202,107.551,40.0,,64.694,69.379,726.0,728.087,16.974,18.539,4,idle,0,131,131,0,0
2026-08-27T14:36:38+0800,113.494,67.586,26.402,temp=57.5'C,throttled=0x0,15.0,1.998,122.092,153.837,424.934,0,464.818,59.713,93.267,95.114,116.89,148.413,193.427,11.213,107.551,40.0,,64.694,69.379,726.0,728.087,16.974,18.539,4,idle,0,131,131,0,0
2026-08-27T14:36:39+0800,110.043,67.574,26.402,temp=58.0'C,throttled=0x0,15.0,1.997,122.092,153.837,424.934,0,464.818,59.713,93.267,95.114,116.89,148.413,193.427,11.211,107.814,40.0,,64.694,69.379,726.0,728.087,16.974,18.539,4,idle,0,131,131,0,0
2026-08-27T14:36:40+0800,114.33,67.617,26.402,temp=58.0'C,throttled=0x0,15.0,1.998,122.092,153.837,424.934,0,464.818,59.713,93.267,95.114,116.89,148.413,193.427,11.182,107.814,40.0,,64.694,69.379,726.0,728.087,16.974,18.539,4,idle,0,131,131,0,0
2026-08-27T14:36:41+0800,112.182,67.484,26.402,temp=57.5'C,throttled=0x0,15.0,1.998,122.092,153.837,424.934,0,464.818,59.713,93.267,95.114,116.89,148.413,193.427,11.169,108.015,40.0,,64.694,69.379,726.0,728.087,16.974,18.539,4,idle,0,131,131,0,0
2026-08-27T14:36:42+0800,111.012,67.52,26.402,temp=58.0'C,throttled=0x0,15.0,1.998,122.092,153.837,424.934,0,464.818,59.713,93.267,95.114,116.89,148.413,193.427,11.208,107.814,40.0,,64.694,69.379,726.0,728.087,16.974,18.539,4,idle,0,131,131,0,0
2026-08-27T14:36:43+0800,110.777,67.551,26.402,temp=58.5'C,throttled=0x0,15.0,1.998,122.092,153.837,424.934,0,464.818,59.713,93.267,95.114,116.89,148.413,193.427,11.211,107.814,40.0,,64.694,69.379,726.0,728.087,16.974,18.539,4,idle,0,131,131,0,0
2026-08-27T14:36:44+0800,111.282,67.496,26.402,temp=58.0'C,throttled=0x0,15.0,1.998,122.092,153.837,424.934,0,464.818,59.713,93.267,95.114,116.89,148.413,193.427,11.211,108.015,40.0,,64.694,69.379,726.0,728.087,16.974,18.539,4,idle,0,131,131,0,0
2026-08-27T14:36:45+0800,113.305,67.438,26.402,temp=57.5'C,throttled=0x0,15.0,1.998,122.092,153.837,424.934,0,464.818,59.713,93.267,95.114,116.89,148.413,193.427,11.206,108.578,40.0,,64.694,69.379,726.0,728.087,16.974,18.539,4,idle,0,131,131,0,0
2026-08-27T14:36:46+0800,111.112,67.586,26.402,temp=58.0'C,throttled=0x0,15.0,1.998,122.092,153.837,424.934,0,464.818,59.713,93.267,95.114,116.89,148.413,193.427,11.205,108.578,40.0,,64.694,69.379,726.0,728.087,16.974,18.539,4,idle,0,131,131,0,0
2026-08-27T14:36:47+0800,113.23,67.445,26.402,temp=58.0'C,throttled=0x0,15.0,1.998,122.092,153.837,424.934,0,464.818,59.713,93.267,95.114,116.89,148.413,193.427,11.198,108.578,40.0,,64.694,69.379,726.0,728.087,16.974,18.539,4,idle,0,131,131,0,0
2026-08-27T14:36:48+0800,111.224,67.496,26.402,temp=56.9'C,throttled=0x0,15.0,1.998,122.092,153.837,424.934,0,464.818,59.713,93.267,95.114,116.89,148.413,193.427,11.215,108.015,40.0,,64.694,69.379,726.0,728.087,16.974,18.539,4,idle,0,131,131,0,0
2026-08-27T14:36:49+0800,111.162,67.633,26.402,temp=57.5'C,throttled=0x0,15.0,1.998,122.092,153.837,424.934,0,464.818,59.713,93.267,95.114,116.89,148.413,193.427,11.204,108.015,40.0,,64.694,69.379,726.0,728.087,16.974,18.539,4,idle,0,131,131,0,0
2026-08-27T14:36:50+0800,114.008,67.43,26.402,temp=56.9'C,throttled=0x0,15.0,1.998,122.092,153.837,424.934,0,464.818,59.713,93.267,95.114,116.89,148.413,193.427,11.187,108.578,40.0,,64.694,69.379,726.0,728.087,16.974,18.539,4,idle,0,131,131,0,0
2026-08-27T14:36:51+0800,109.011,67.598,26.402,temp=58.5'C,throttled=0x0,15.0,1.997,122.092,153.837,424.934,0,464.818,59.713,93.267,95.114,116.89,148.413,193.427,11.162,108.922,40.0,,64.694,69.379,726.0,728.087,16.974,18.539,4,playing,0,132,131,0,0
2026-08-27T14:36:52+0800,111.989,67.41,26.402,temp=58.0'C,throttled=0x0,15.0,1.998,122.092,153.837,424.934,0,464.818,59.713,93.267,95.114,116.89,148.413,193.427,11.192,108.015,40.0,,64.694,69.379,726.0,728.087,16.974,18.539,4,playing,0,132,131,0,0
2026-08-27T14:36:53+0800,111.525,67.469,26.402,temp=58.0'C,throttled=0x0,15.0,1.998,122.092,153.837,424.934,0,464.818,59.713,93.267,95.114,116.89,148.413,193.427,11.188,108.804,40.0,,64.694,69.379,726.0,728.087,16.974,18.539,4,playing,0,132,131,0,0
2026-08-27T14:36:54+0800,111.187,67.492,26.402,temp=57.5'C,throttled=0x0,15.0,1.998,122.092,153.837,424.934,0,464.818,59.713,93.267,95.114,116.89,148.413,193.427,11.208,108.578,40.0,,64.694,69.379,726.0,728.087,16.974,18.539,4,playing,0,132,131,0,0
2026-08-27T14:36:55+0800,116.109,67.43,26.402,temp=58.0'C,throttled=0x0,15.0,1.998,122.092,153.837,424.934,0,464.818,59.713,93.267,95.114,116.89,148.413,193.427,11.213,108.804,40.0,,64.694,69.379,726.0,728.087,16.974,18.539,4,idle,0,132,132,0,0
2026-08-27T14:36:56+0800,112.763,67.961,26.402,temp=56.9'C,throttled=0x0,15.0,1.998,122.092,153.837,424.934,0,464.818,59.713,93.267,95.114,116.89,148.413,193.427,11.221,108.804,40.0,,64.694,69.379,726.0,728.087,16.974,18.539,4,idle,0,132,132,0,0
2026-08-27T14:36:57+0800,114.789,69.652,26.402,temp=57.5'C,throttled=0x0,15.0,1.998,122.092,153.837,424.934,0,464.818,59.713,93.267,95.114,116.89,148.413,193.427,11.28,107.83,40.0,,64.694,69.379,726.0,728.087,16.974,18.539,4,idle,0,132,132,0,0
2026-08-27T14:36:58+0800,123.892,70.551,26.402,temp=57.5'C,throttled=0x0,15.0,1.998,122.092,153.837,424.934,0,464.818,59.713,93.267,95.114,116.89,148.413,193.427,11.296,107.83,40.0,,64.694,69.379,726.0,728.087,16.974,18.539,4,idle,0,132,132,0,0
2026-08-27T14:36:59+0800,117.258,67.578,26.402,temp=57.5'C,throttled=0x0,15.0,1.998,122.092,153.837,424.934,0,464.818,59.713,93.267,95.114,116.89,148.413,193.427,11.265,108.804,40.0,,64.694,69.379,726.0,728.087,16.974,18.539,4,idle,0,132,132,0,0
2026-08-27T14:37:00+0800,111.785,67.434,26.402,temp=57.5'C,throttled=0x0,15.0,1.998,122.092,153.837,424.934,0,464.818,59.713,93.267,95.114,116.89,148.413,193.427,11.265,108.804,40.0,,64.694,69.379,726.0,728.087,16.974,18.539,4,idle,0,132,132,0,0
2026-08-27T14:37:01+0800,109.752,67.695,26.402,temp=58.0'C,throttled=0x0,15.0,1.998,122.092,153.837,424.934,0,464.818,59.713,93.267,95.114,116.89,148.413,193.427,11.262,109.052,40.0,,64.694,69.379,726.0,728.087,16.974,18.539,4,idle,0,132,132,0,0
2026-08-27T14:37:02+0800,69.892,67.539,26.402,temp=56.9'C,throttled=0x0,15.0,1.998,122.092,153.837,424.934,0,464.818,59.713,93.267,95.114,116.89,148.413,193.427,11.272,109.052,40.0,,64.694,69.379,726.0,728.087,16.974,18.539,4,idle,0,132,132,0,0
2026-08-27T14:37:03+0800,44.377,67.426,26.402,temp=56.9'C,throttled=0x0,15.0,1.998,122.092,153.837,424.934,0,464.818,59.713,93.267,95.114,116.89,148.413,193.427,11.272,109.052,40.0,,64.694,69.379,726.0,728.087,16.974,18.539,4,idle,0,132,132,0,0
2026-08-27T14:37:04+0800,42.287,67.523,26.402,temp=55.8'C,throttled=0x0,15.0,1.998,122.092,153.837,424.934,0,464.818,59.713,93.267,95.114,116.89,148.413,193.427,11.272,109.052,40.0,,64.694,69.379,726.0,728.087,16.974,18.539,4,idle,0,132,132,0,0
2026-08-27T14:44:35+0800,74.583,62.219,30.641,temp=56.4'C,throttled=0x0,15.0,1.998,122.682,153.262,211.869,0,458.97,51.751,92.656,93.879,116.592,158.46,213.212,9.813,127.058,40.0,,56.493,69.379,723.653,728.087,13.549,18.539,5,idle,0,141,141,0,0
2026-08-27T14:44:36+0800,124.64,62.133,30.641,temp=56.9'C,throttled=0x0,15.0,1.998,122.694,153.178,226.984,0,458.97,51.751,92.656,93.879,116.592,158.46,213.212,9.808,128.75,40.0,,56.493,69.379,723.653,728.087,13.549,18.539,5,idle,0,141,141,0,0
2026-08-27T14:44:37+0800,121.774,62.125,30.641,temp=56.9'C,throttled=0x0,15.0,1.998,122.694,153.178,243.294,0,448.518,51.751,92.656,93.879,116.592,158.46,213.212,9.812,128.75,40.0,,56.493,69.379,723.653,728.087,13.549,18.539,5,idle,0,141,141,0,0
2026-08-27T14:44:38+0800,120.987,62.207,30.641,temp=56.9'C,throttled=0x0,15.0,1.998,122.694,153.178,230.737,0,441.745,51.73,92.656,93.879,116.592,158.46,213.212,9.814,128.75,40.0,,56.493,69.379,723.653,728.087,13.549,18.539,5,idle,0,141,141,0,0
2026-08-27T14:44:39+0800,123.723,62.211,30.641,temp=56.9'C,throttled=0x0,15.0,1.998,122.814,153.178,250.45,0,441.62,51.751,92.656,93.879,116.592,158.46,213.212,9.803,128.75,40.0,,56.493,69.379,723.653,728.087,13.549,18.539,5,idle,0,141,141,0,0
2026-08-27T14:44:40+0800,122.947,62.094,30.641,temp=56.9'C,throttled=0x0,15.0,1.998,123.114,153.178,327.066,0,441.62,51.751,92.656,93.879,116.592,158.46,213.212,9.828,127.272,40.0,,56.493,69.379,723.653,728.087,13.549,18.539,5,idle,0,141,141,0,0
2026-08-27T14:44:41+0800,123.975,62.16,30.641,temp=57.5'C,throttled=0x0,15.0,1.998,123.114,153.178,375.459,0,437.554,51.751,92.656,93.879,116.592,158.46,213.212,9.839,127.272,40.0,,56.493,69.379,723.653,728.087,13.549,18.539,5,idle,0,141,141,0,0
2026-08-27T14:44:42+0800,121.456,62.113,30.641,temp=56.9'C,throttled=0x0,15.0,1.998,123.608,153.178,369.483,0,437.554,51.751,92.656,93.879,116.592,158.46,213.212,9.861,127.272,40.0,,56.493,69.379,723.653,728.087,13.549,18.539,5,idle,0,141,141,0,0
2026-08-27T14:44:43+0800,123.716,63.828,30.641,temp=57.5'C,throttled=0x0,15.0,1.998,123.818,153.178,349.129,0,441.62,51.751,92.656,93.879,116.592,158.46,213.212,9.825,128.75,40.0,,56.493,69.379,723.653,728.087,13.549,18.539,5,playing,0,142,141,0,0
2026-08-27T14:44:45+0800,129.878,65.09,30.641,temp=57.5'C,throttled=0x0,15.0,1.998,124.045,153.178,356.966,0,441.745,51.78,92.656,93.884,116.592,158.46,213.212,9.798,127.272,40.0,,56.493,69.379,723.653,728.087,13.549,18.539,5,playing,0,142,141,0,0
2026-08-27T14:44:46+0800,127.585,62.293,30.641,temp=56.9'C,throttled=0x0,15.0,1.998,124.045,153.178,399.039,0,441.62,51.95,92.656,93.914,116.592,158.46,213.212,9.779,128.75,40.0,,56.493,69.379,723.653,728.087,13.549,18.539,5,playing,0,142,141,0,0
2026-08-27T14:44:47+0800,122.952,62.219,30.641,temp=56.9'C,throttled=0x0,15.0,1.998,124.045,153.178,469.027,0,444.662,51.95,92.656,93.914,116.592,158.46,213.212,9.745,129.822,40.0,,56.493,69.379,723.653,728.087,13.549,18.539,5,idle,0,142,142,0,0
2026-08-27T14:44:48+0800,123.794,62.145,30.641,temp=57.5'C,throttled=0x0,15.0,1.998,124.045,153.178,436.823,0,451.488,51.95,92.656,93.914,116.592,158.46,213.212,9.758,129.822,40.0,,56.493,69.379,723.653,728.087,13.549,18.539,5,idle,0,142,142,0,0
2026-08-27T14:44:49+0800,122.477,62.203,30.641,temp=56.9'C,throttled=0x0,15.0,1.998,124.045,153.178,45.555,0,451.488,51.95,92.656,93.921,116.592,158.46,213.212,9.768,127.272,40.0,,56.493,69.379,723.653,728.087,13.549,18.539,5,idle,0,142,142,0,0
2026-08-27T14:44:50+0800,122.061,62.137,30.641,temp=56.9'C,throttled=0x0,15.0,1.998,124.045,153.178,30.588,0,443.139,51.95,92.656,93.921,116.592,158.46,213.212,9.782,127.272,40.0,,56.493,69.379,723.653,728.087,13.549,18.539,5,idle,0,142,142,0,0
2026-08-27T14:44:51+0800,125.916,62.117,30.641,temp=57.5'C,throttled=0x0,15.0,1.998,124.045,153.178,9.074,0,441.62,51.78,92.656,93.921,116.592,158.46,213.212,9.726,129.822,40.0,,56.493,69.379,723.653,728.087,13.549,18.539,5,idle,0,142,142,0,0
2026-08-27T14:44:52+0800,126.428,62.328,30.641,temp=56.9'C,throttled=0x0,15.0,1.998,124.045,153.178,4.354,0,441.62,51.751,90.409,93.921,116.592,158.46,213.212,9.7,129.822,40.0,,56.493,69.379,723.653,728.087,13.549,18.539,5,idle,0,142,142,0,0
2026-08-27T14:44:53+0800,126.129,62.312,30.641,temp=56.9'C,throttled=0x0,15.0,1.998,124.045,153.178,91.275,0,441.62,51.73,89.966,93.921,118.419,158.46,213.212,9.648,131.129,40.0,,56.493,69.379,723.653,728.087,13.549,18.539,5,idle,0,142,142,0,0
2026-08-27T14:44:54+0800,127.5,62.074,30.641,temp=56.9'C,throttled=0x0,15.0,1.998,124.045,153.178,74.475,0,443.139,51.73,89.966,93.921,118.941,158.46,213.212,9.592,133.152,40.0,,56.493,69.379,723.653,728.087,13.549,18.539,5,idle,0,142,142,0,0
2026-08-27T14:44:55+0800,122.809,62.223,30.641,temp=56.9'C,throttled=0x0,15.0,1.998,124.045,153.178,83.286,0,451.488,51.73,89.966,94.012,118.419,158.46,213.212,9.601,132.606,40.0,,56.493,69.379,723.653,728.087,13.549,18.539,5,idle,0,142,142,0,0
2026-08-27T14:44:56+0800,121.933,62.219,30.641,temp=57.5'C,throttled=0x0,15.0,1.998,124.045,153.178,108.901,0,451.488,51.472,89.966,93.921,115.598,158.46,213.212,9.597,132.606,40.0,,56.493,69.379,723.653,728.087,13.549,18.539,5,idle,0,142,142,0,0
2026-08-27T14:44:57+0800,125.347,62.258,30.641,temp=56.9'C,throttled=0x0,15.0,1.998,124.045,153.178,185.303,0,451.488,51.361,89.966,93.889,115.598,158.46,213.212,9.601,132.606,40.0,,56.493,69.379,723.653,728.087,13.549,18.539,5,idle,0,142,142,0,0
2026-08-27T14:44:58+0800,124.767,62.098,30.641,temp=57.5'C,throttled=0x0,15.0,1.998,124.045,153.217,183.35,0,453.693,51.472,89.444,93.886,115.598,158.46,213.212,9.6,132.606,40.0,,56.493,69.379,723.653,728.087,13.549,18.539,5,idle,0,142,142,0,0
2026-08-27T14:44:59+0800,123.524,62.156,30.641,temp=56.9'C,throttled=0x0,15.0,1.998,123.915,153.217,175.558,0,469.027,51.472,89.444,93.886,115.598,158.46,213.212,9.61,132.606,40.0,,56.493,69.379,723.653,728.087,13.549,18.539,5,idle,0,142,142,0,0
2026-08-27T14:45:00+0800,120.848,62.25,30.641,temp=56.9'C,throttled=0x0,15.0,1.998,123.915,153.178,178.63,0,472.732,51.653,89.444,93.914,115.598,158.46,213.212,9.608,132.606,40.0,,56.493,69.379,723.653,728.087,13.549,18.539,5,idle,0,142,142,0,0
2026-08-27T14:45:01+0800,122.477,62.121,30.641,temp=56.9'C,throttled=0x0,15.0,1.998,123.915,152.926,253.721,0,473.368,51.653,89.157,93.914,115.598,158.46,213.212,9.611,132.606,40.0,,56.493,69.379,723.653,728.087,13.549,18.539,5,idle,0,142,142,0,0
2026-08-27T14:45:02+0800,120.514,62.133,30.641,temp=58.0'C,throttled=0x0,15.0,1.998,124.045,152.926,205.2,0,473.368,51.472,89.157,93.914,118.419,158.46,213.212,9.54,133.243,40.0,,56.493,69.379,723.653,728.087,13.549,18.539,5,playing,0,143,142,0,0
2026-08-27T14:45:03+0800,123.265,62.238,30.641,temp=58.0'C,throttled=0x0,15.0,1.998,124.045,152.876,284.351,0,474.913,51.472,89.157,93.914,118.419,158.46,213.212,9.524,133.152,40.0,,56.493,69.379,723.653,728.087,13.549,18.539,5,playing,0,143,142,0,0
2026-08-27T14:45:04+0800,121.829,62.234,30.641,temp=56.9'C,throttled=0x0,15.0,1.998,124.045,152.926,338.646,0,474.913,51.361,89.157,93.921,118.419,158.46,213.212,9.508,133.116,40.0,,56.493,69.379,723.653,728.087,13.549,18.539,5,playing,0,143,142,0,0
2026-08-27T14:45:05+0800,122.617,62.152,30.641,temp=56.9'C,throttled=0x0,15.0,1.998,124.045,152.926,298.978,0,475.699,51.472,89.444,94.018,118.419,158.46,213.212,9.485,133.116,40.0,,56.493,69.379,723.653,728.087,13.549,18.539,5,playing,0,143,142,0,0
2026-08-27T14:45:06+0800,121.785,62.102,30.641,temp=58.0'C,throttled=0x0,15.0,1.998,124.045,153.178,371.422,0,475.699,51.472,89.444,94.041,118.419,158.46,213.212,9.466,133.116,40.0,,56.493,69.379,723.653,728.087,13.549,18.539,5,playing,0,143,142,0,0
2026-08-27T14:45:07+0800,126.343,63.973,30.641,temp=56.9'C,throttled=0x0,15.0,1.998,124.108,153.217,395.298,0,477.788,51.653,89.966,94.041,118.419,158.46,213.212,9.458,133.116,40.0,,56.493,69.379,723.653,728.087,13.549,18.539,5,idle,0,143,143,0,0
2026-08-27T14:45:08+0800,131.573,65.258,30.641,temp=57.5'C,throttled=0x0,15.0,1.998,124.108,154.717,399.032,0,477.788,51.361,89.966,94.02,118.419,158.46,213.212,9.452,133.152,40.0,,56.493,69.379,723.653,728.087,13.549,18.539,5,idle,0,143,143,0,0
2026-08-27T14:45:09+0800,130.017,62.23,30.641,temp=56.9'C,throttled=0x0,15.0,1.998,124.045,154.717,434.471,0,477.788,51.056,89.966,94.062,118.419,158.46,213.212,9.453,133.152,40.0,,56.493,69.379,723.653,728.087,13.549,18.539,5,idle,0,143,143,0,0
2026-08-27T14:45:10+0800,121.015,62.184,30.641,temp=57.5'C,throttled=0x0,15.0,1.999,124.045,154.717,437.362,0,474.913,51.361,89.966,94.097,118.419,158.46,213.212,9.464,133.152,40.0,,56.493,69.379,723.653,728.087,13.549,18.539,5,idle,0,143,143,0,0
2026-08-27T14:45:11+0800,124.633,62.234,30.641,temp=57.5'C,throttled=0x0,15.0,1.998,124.045,154.717,465.783,0,473.368,51.361,89.966,94.062,118.419,158.46,213.212,9.508,133.116,40.0,,56.493,69.379,723.653,728.087,13.549,18.539,5,idle,0,143,143,0,0
2026-08-27T14:45:12+0800,122.029,62.18,30.641,temp=56.9'C,throttled=0x0,15.0,1.998,124.045,154.717,500.891,0,474.913,51.472,89.966,94.097,118.419,158.46,213.212,9.514,130.569,40.0,,56.493,69.379,723.653,728.087,13.549,18.539,5,idle,0,143,143,0,0
2026-08-27T14:45:13+0800,121.95,62.207,30.641,temp=56.9'C,throttled=0x0,15.0,1.998,124.045,154.717,491.286,0,477.788,51.472,89.966,94.1,118.419,158.46,213.212,9.53,129.719,40.0,,56.493,69.379,723.653,728.087,13.549,18.539,5,idle,0,143,143,0,0
2026-08-27T14:45:14+0800,123.903,62.215,30.641,temp=56.9'C,throttled=0x0,15.0,1.998,124.045,154.717,3.475,0,477.788,51.361,90.485,94.1,118.419,158.46,213.212,9.529,130.569,40.0,,56.493,69.379,723.653,728.087,13.549,18.539,5,idle,0,143,143,0,0
2026-08-27T14:45:15+0800,122.77,62.227,30.641,temp=58.0'C,throttled=0x0,15.0,1.998,124.045,154.717,92.84,0,477.788,50.298,89.966,94.1,118.419,158.46,213.212,9.522,130.569,40.0,,56.493,69.379,723.653,728.087,13.549,18.539,5,idle,0,143,143,0,0
2026-08-27T14:45:16+0800,123.673,62.207,30.641,temp=57.5'C,throttled=0x0,15.0,1.998,124.045,154.717,98.814,0,477.788,50.298,89.966,94.1,118.419,158.46,213.212,9.517,130.569,40.0,,56.493,69.379,723.653,728.087,13.549,18.539,5,idle,0,143,143,0,0
2026-08-27T14:45:17+0800,125.774,62.195,30.641,temp=57.5'C,throttled=0x0,15.0,1.998,124.045,154.717,104.674,0,479.2,49.821,89.966,94.469,118.419,158.46,213.212,9.557,130.569,40.0,,56.493,69.379,723.653,728.087,13.549,18.539,5,idle,0,143,143,0,0
2026-08-27T14:45:18+0800,119.025,62.098,30.641,temp=58.0'C,throttled=0x0,15.0,1.998,124.045,154.717,101.036,0,479.2,49.673,89.966,94.1,118.419,158.46,213.212,9.661,129.675,40.0,,56.493,69.379,723.653,728.087,13.549,18.539,5,idle,0,143,143,0,0
2026-08-27T14:45:19+0800,117.024,62.25,30.641,temp=56.4'C,throttled=0x0,15.0,1.998,124.045,154.717,150.371,0,477.788,49.821,89.966,94.062,118.419,158.46,213.212,9.776,126.841,40.0,,56.493,69.379,723.653,728.087,13.549,18.539,5,idle,0,143,143,0,0
2026-08-27T14:45:20+0800,121.81,62.215,30.641,temp=56.9'C,throttled=0x0,15.0,1.998,124.045,154.717,137.25,0,477.788,50.298,89.444,94.041,118.419,158.46,213.212,9.813,125.637,40.0,,56.493,69.379,723.653,728.087,13.549,18.539,5,idle,0,143,143,0,0
2026-08-27T14:45:21+0800,116.719,62.078,30.641,temp=57.5'C,throttled=0x0,15.0,1.998,124.045,154.717,134.55,0,475.699,51.056,89.444,94.097,118.419,158.46,213.212,9.828,125.637,40.0,,56.493,69.379,723.653,728.087,13.549,18.539,5,playing,0,144,143,0,0
2026-08-27T14:45:22+0800,112.931,62.184,30.641,temp=58.0'C,throttled=0x0,15.0,1.998,124.318,154.717,207.79,0,477.788,51.361,89.966,94.241,118.419,158.46,213.212,9.789,129.447,40.0,,56.493,69.379,723.653,728.087,13.549,18.539,5,playing,0,144,143,0,0
2026-08-27T14:45:23+0800,119.993,62.238,30.641,temp=56.9'C,throttled=0x0,15.0,1.998,124.045,153.217,168.429,0,475.699,51.056,89.966,94.469,118.419,158.46,213.212,9.774,126.841,40.0,,56.493,69.379,723.653,728.087,13.549,18.539,5,playing,0,144,143,0,0
2026-08-27T14:45:24+0800,117.8,62.262,30.641,temp=56.9'C,throttled=0x0,15.0,1.999,124.318,153.217,283.85,0,471.299,50.298,89.966,94.533,118.419,158.46,213.212,9.764,126.841,40.0,,56.493,69.379,723.653,728.087,13.549,18.539,5,playing,0,144,143,0,0
2026-08-27T14:45:25+0800,116.701,62.227,30.641,temp=57.5'C,throttled=0x0,15.0,1.998,124.318,153.217,246.864,0,468.639,49.821,89.966,94.533,118.419,158.46,213.212,9.781,128.573,40.0,,56.493,69.379,723.653,728.087,13.549,18.539,5,idle,0,144,144,0,0
2026-08-27T14:45:26+0800,115.189,62.176,30.641,temp=56.9'C,throttled=0x0,15.0,1.999,124.318,153.217,249.155,0,466.727,49.673,89.966,94.533,118.419,158.46,213.212,9.811,128.573,40.0,,56.493,69.379,723.653,728.087,13.549,18.539,5,idle,0,144,144,0,0
2026-08-27T14:45:27+0800,117.119,62.215,30.641,temp=57.5'C,throttled=0x0,15.0,1.998,124.318,153.217,290.327,0,468.639,50.298,89.966,94.533,118.419,158.46,213.212,9.862,126.841,40.0,,56.493,69.379,723.653,728.087,13.549,18.539,5,idle,0,144,144,0,0
2026-08-27T14:45:28+0800,119.883,62.227,30.641,temp=56.9'C,throttled=0x0,15.0,1.999,124.318,153.217,277.716,0,466.727,51.056,90.485,94.533,118.419,158.46,213.212,9.915,125.224,40.0,,56.493,69.379,723.653,728.087,13.549,18.539,5,idle,0,144,144,0,0
2026-08-27T14:45:29+0800,119.985,62.277,30.641,temp=56.9'C,throttled=0x0,15.0,1.998,124.318,153.217,337.643,0,471.299,51.056,90.485,94.652,118.419,158.46,213.212,9.953,124.942,40.0,,56.493,69.379,723.653,728.087,13.549,18.539,5,idle,0,144,144,0,0
2026-08-27T14:45:30+0800,117.949,62.141,30.641,temp=58.0'C,throttled=0x0,15.0,1.998,124.318,153.217,329.828,0,467.143,51.056,90.485,94.652,118.419,158.46,213.212,9.982,124.942,40.0,,56.493,69.379,723.653,728.087,13.549,18.539,5,idle,0,144,144,0,0
2026-08-27T14:45:31+0800,113.923,62.316,30.641,temp=56.9'C,throttled=0x0,15.0,1.998,124.318,153.217,363.748,0,467.143,49.673,90.485,94.533,118.419,158.46,213.212,10.033,124.849,40.0,,56.493,69.379,723.653,728.087,13.549,18.539,5,idle,0,144,144,0,0
2026-08-27T14:45:32+0800,114.005,62.168,30.641,temp=56.9'C,throttled=0x0,15.0,1.998,124.045,153.217,395.448,0,467.143,49.673,90.485,94.533,118.419,158.46,213.212,10.087,123.92,40.0,,56.493,69.379,723.653,728.087,13.549,18.539,5,idle,0,144,144,0,0
2026-08-27T14:45:34+0800,115.158,64.207,30.641,temp=57.5'C,throttled=0x0,15.0,1.999,123.915,153.217,403.751,0,471.299,51.056,90.485,94.533,118.419,158.46,213.212,10.124,121.568,40.0,,56.493,69.379,723.653,728.087,13.549,18.539,5,idle,0,144,144,0,0
2026-08-27T14:45:35+0800,124.682,65.141,30.641,temp=56.9'C,throttled=0x0,15.0,1.998,123.818,153.217,448.551,0,471.546,51.056,90.485,94.533,118.419,158.46,213.212,10.154,120.833,40.0,,56.493,69.379,723.653,728.087,13.549,18.539,5,idle,0,144,144,0,0
2026-08-27T14:45:36+0800,115.75,62.215,30.641,temp=56.9'C,throttled=0x0,15.0,1.998,123.741,153.217,481.249,0,474.391,51.056,90.485,94.241,118.419,158.46,213.212,10.179,120.833,40.0,,56.493,69.379,723.653,728.087,13.549,18.539,5,idle,0,144,144,0,0
2026-08-27T14:45:37+0800,119.673,62.156,30.641,temp=56.9'C,throttled=0x0,15.0,1.998,123.741,153.217,456.111,0,474.391,51.361,90.485,94.1,118.419,158.46,213.212,10.188,120.833,40.0,,56.493,69.379,723.653,728.087,13.549,18.539,5,idle,0,144,144,0,0
2026-08-27T14:45:38+0800,123.978,62.195,30.641,temp=56.9'C,throttled=0x0,15.0,1.998,123.741,153.217,471.147,0,471.546,51.472,90.485,94.062,118.419,158.46,213.212,10.193,120.833,40.0,,56.493,69.379,723.653,728.087,13.549,18.539,5,idle,0,144,144,0,0
2026-08-27T14:45:39+0800,119.012,62.344,30.641,temp=57.5'C,throttled=0x0,15.0,1.998,123.741,153.217,472.974,0,471.546,51.653,90.485,94.062,118.419,158.46,213.212,10.192,120.833,40.0,,56.493,69.379,723.653,728.087,13.549,18.539,5,idle,0,144,144,0,0
2026-08-27T14:45:40+0800,122.867,62.312,30.641,temp=56.9'C,throttled=0x0,15.0,1.998,123.741,153.217,63.559,0,471.546,52.162,90.485,94.097,118.419,158.46,213.212,10.204,120.687,40.0,,56.493,69.379,723.653,728.087,13.549,18.539,5,playing,0,145,144,0,0
2026-08-27T14:45:41+0800,114.878,62.258,30.641,temp=58.0'C,throttled=0x0,15.0,1.998,123.741,153.178,80.86,0,471.546,52.173,90.485,94.1,118.419,158.46,213.212,10.148,120.833,40.0,,56.493,69.379,723.653,728.087,13.549,18.539,5,playing,0,145,144,0,0
2026-08-27T14:45:42+0800,121.002,62.246,30.641,temp=58.0'C,throttled=0x0,15.0,1.998,123.741,153.178,35.826,0,471.546,52.173,90.485,94.241,118.419,158.46,213.212,10.129,120.833,40.0,,56.493,69.379,723.653,728.087,13.549,18.539,5,playing,0,145,144,0,0
2026-08-27T14:45:43+0800,122.591,62.102,30.641,temp=57.5'C,throttled=0x0,15.0,1.999,123.741,152.926,60.29,0,471.299,52.162,90.485,94.533,118.419,158.46,213.212,10.13,120.833,40.0,,56.493,69.379,723.653,728.087,13.549,18.539,5,playing,0,145,144,0,0
2026-08-27T14:45:44+0800,120.632,62.262,30.641,temp=58.0'C,throttled=0x0,15.0,1.998,123.608,151.571,81.364,0,471.652,52.162,90.485,94.533,118.419,158.46,213.212,10.106,120.687,40.0,,56.493,69.379,723.653,728.087,13.549,18.539,5,playing,0,145,144,0,0
2026-08-27T14:45:45+0800,121.722,62.262,30.641,temp=56.9'C,throttled=0x0,15.0,1.998,123.608,151.571,104.937,0,471.652,52.162,90.485,94.533,118.419,158.46,213.212,10.084,120.833,40.0,,56.493,69.379,723.653,728.087,13.549,18.539,5,playing,0,145,144,0,0
2026-08-27T14:45:46+0800,121.829,62.207,30.641,temp=58.0'C,throttled=0x0,15.0,1.998,123.608,152.926,119.931,0,471.652,51.555,90.485,94.533,118.419,158.46,213.212,10.072,121.109,40.0,,56.493,69.379,723.653,728.087,13.549,18.539,5,playing,0,145,144,0,0
2026-08-27T14:45:47+0800,119.578,62.293,30.641,temp=58.0'C,throttled=0x0,15.0,1.998,123.608,152.926,156.555,0,471.652,51.555,90.485,94.454,118.419,158.46,213.212,10.061,122.137,40.0,,56.493,69.379,723.653,728.087,13.549,18.539,5,playing,0,145,144,0,0
2026-08-27T14:45:48+0800,124.876,62.348,30.641,temp=58.0'C,throttled=0x0,15.0,1.998,123.608,151.571,137.882,0,471.546,51.472,90.485,94.454,118.419,158.46,213.212,10.092,121.047,40.0,,56.493,69.379,723.653,728.087,13.549,18.539,5,idle,0,145,145,0,0
2026-08-27T14:45:49+0800,121.252,62.289,30.641,temp=58.0'C,throttled=0x0,15.0,1.998,123.396,151.571,243.912,0,471.147,51.78,90.485,94.454,118.419,158.46,213.212,10.123,120.677,40.0,,56.493,69.379,723.653,728.087,13.549,18.539,5,idle,0,145,145,0,0
2026-08-27T14:45:50+0800,114.839,62.441,30.641,temp=58.0'C,throttled=0x0,15.0,1.998,123.608,151.571,282.556,0,471.147,51.361,90.485,94.454,118.419,158.46,213.212,10.156,119.173,40.0,,56.493,69.379,723.653,728.087,13.549,18.539,5,idle,0,145,145,0,0
2026-08-27T14:45:51+0800,122.912,62.422,30.641,temp=57.5'C,throttled=0x0,15.0,1.998,123.608,151.571,255.399,0,471.147,51.056,90.485,94.57,118.419,158.46,213.212,10.092,120.677,40.0,,56.493,69.379,723.653,728.087,13.549,18.539,5,idle,0,145,145,0,0
2026-08-27T14:45:52+0800,126.832,62.32,30.641,temp=58.0'C,throttled=0x0,15.0,1.998,123.741,151.571,245.872,0,469.874,50.298,90.485,94.652,118.419,158.46,213.212,9.994,122.137,40.0,,56.493,69.379,723.653,728.087,13.549,18.539,5,idle,0,145,145,0,0
2026-08-27T14:45:53+0800,127.837,62.258,30.641,temp=57.5'C,throttled=0x0,15.0,1.998,123.741,151.571,249.106,0,469.874,50.298,90.485,94.739,118.944,158.46,213.212,9.889,124.681,40.0,,56.493,69.379,723.653,728.087,13.549,18.539,5,idle,0,145,145,0,0
2026-08-27T14:45:54+0800,125.696,62.301,30.641,temp=58.0'C,throttled=0x0,15.0,1.999,123.741,151.571,247.525,0,467.143,50.298,90.485,94.795,119.085,158.46,213.212,9.819,126.664,40.0,,56.493,69.379,723.653,728.087,13.549,18.539,5,idle,0,145,145,0,0
2026-08-27T14:45:55+0800,119.558,62.402,30.641,temp=57.5'C,throttled=0x0,15.0,1.998,123.741,151.63,344.573,0,464.059,51.361,90.485,94.739,119.085,158.46,213.212,9.807,126.664,40.0,,56.493,69.379,723.653,728.087,13.549,18.539,5,idle,0,145,145,0,0
2026-08-27T14:45:56+0800,119.744,62.387,30.641,temp=58.0'C,throttled=0x0,15.0,1.998,123.741,151.63,329.844,0,462.722,51.361,89.966,94.652,118.944,158.46,213.212,9.806,126.664,40.0,,56.493,69.379,723.653,728.087,13.549,18.539,5,idle,0,145,145,0,0
2026-08-27T14:45:57+0800,122.785,62.465,30.641,temp=57.5'C,throttled=0x0,15.0,1.998,123.741,152.381,333.009,0,462.722,51.056,89.444,94.57,118.419,158.46,213.212,9.794,128.628,40.0,,56.493,69.379,723.653,728.087,13.549,18.539,5,idle,0,145,145,0,0
2026-08-27T14:45:58+0800,128.174,65.348,30.641,temp=58.0'C,throttled=0x0,15.0,1.998,123.741,153.178,429.56,0,462.047,50.298,89.41,94.533,116.99,158.46,213.212,9.768,128.628,40.0,,56.493,69.379,723.653,728.087,13.549,18.539,5,idle,0,145,145,0,0
2026-08-27T14:45:59+0800,127.439,65.395,30.641,temp=57.5'C,throttled=0x0,15.0,1.998,123.741,153.178,417.911,0,461.181,50.298,89.41,94.454,116.99,158.46,213.212,9.744,128.75,40.0,,56.493,69.379,723.653,728.087,13.549,18.539,5,idle,0,145,145,0,0
2026-08-27T14:46:00+0800,120.017,62.324,30.641,temp=57.5'C,throttled=0x0,15.0,1.999,123.396,153.178,465.504,0,462.047,49.673,89.173,94.1,116.99,158.46,213.212,9.743,128.75,40.0,,56.493,69.379,723.653,728.087,13.549,18.539,5,idle,0,145,145,0,0
2026-08-27T14:46:01+0800,114.166,62.344,30.641,temp=57.5'C,throttled=0x0,15.0,1.998,122.814,153.178,492.721,0,462.047,50.298,89.173,94.1,116.99,158.46,213.212,9.746,128.628,40.0,,56.493,69.379,723.653,728.087,13.549,18.539,5,idle,0,145,145,0,0
2026-08-27T14:46:02+0800,116.877,62.289,30.641,temp=57.5'C,throttled=0x0,15.0,1.998,122.814,153.178,503.915,0,462.047,50.298,89.157,94.097,116.99,158.46,213.212,9.751,128.628,40.0,,56.493,69.379,723.653,728.087,13.549,18.539,5,playing,0,146,145,0,0
2026-08-27T14:46:03+0800,111.708,62.434,30.641,temp=58.0'C,throttled=0x0,15.0,1.998,122.814,153.217,423.401,0,461.181,50.298,89.173,94.241,116.99,158.46,213.212,9.73,128.75,40.0,,56.493,69.379,723.653,728.087,13.549,18.539,5,playing,0,146,145,0,0
2026-08-27T14:46:04+0800,114.431,62.344,30.641,temp=58.0'C,throttled=0x0,15.0,1.998,122.814,153.217,72.404,0,461.657,50.298,89.173,94.241,116.99,158.46,213.212,9.728,131.06,40.0,,56.493,69.379,723.653,728.087,13.549,18.539,5,playing,0,146,145,0,0
2026-08-27T14:46:05+0800,114.977,62.352,30.641,temp=58.0'C,throttled=0x0,15.0,1.999,122.814,153.217,52.3,0,458.356,50.298,89.173,94.454,116.99,158.46,213.212,9.731,131.06,40.0,,56.493,69.379,723.653,728.087,13.549,18.539,5,playing,0,146,145,0,0
2026-08-27T14:46:06+0800,113.208,62.254,30.641,temp=56.9'C,throttled=0x0,15.0,1.998,122.814,153.178,108.656,0,453.471,49.371,89.173,94.241,116.99,158.46,213.212,9.758,131.06,40.0,,56.493,69.379,723.653,728.087,13.549,18.539,5,playing,0,146,145,0,0
2026-08-27T14:46:07+0800,114.124,62.316,30.641,temp=58.0'C,throttled=0x0,15.0,1.998,122.814,153.178,92.326,0,453.471,49.152,89.173,94.1,116.99,158.46,213.212,9.806,128.628,40.0,,56.493,69.379,723.653,728.087,13.549,18.539,5,playing,0,146,145,0,0
2026-08-27T14:46:08+0800,114.232,62.34,30.641,temp=58.0'C,throttled=0x0,15.0,1.998,122.814,153.178,73.229,0,461.181,49.152,89.173,94.1,116.99,158.46,213.212,9.829,128.312,40.0,,56.493,69.379,723.653,728.087,13.549,18.539,5,playing,0,146,145,0,0
2026-08-27T14:46:09+0800,113.7,62.344,30.641,temp=58.0'C,throttled=0x0,15.0,1.998,122.814,153.178,459.848,0,461.181,49.152,89.173,94.1,116.99,158.46,213.212,9.852,128.312,40.0,,56.493,69.379,723.653,728.087,13.549,18.539,5,playing,0,146,145,0,0
2026-08-27T14:46:10+0800,115.036,62.473,30.641,temp=58.0'C,throttled=0x0,15.0,1.998,122.814,153.178,459.848,0,461.181,49.152,89.173,94.1,116.99,158.46,213.212,9.865,128.312,40.0,,56.493,69.379,723.653,728.087,13.549,18.539,5,idle,0,146,146,0,0
2026-08-27T14:46:11+0800,119.132,62.434,30.641,temp=58.0'C,throttled=0x0,15.0,1.998,122.814,153.178,142.674,0,459.848,49.152,89.173,94.241,116.99,158.99,213.212,9.864,128.312,40.0,,56.493,69.379,723.653,728.087,13.549,18.539,5,idle,0,146,146,0,0
2026-08-27T14:46:12+0800,114.413,62.348,30.641,temp=57.5'C,throttled=0x0,15.0,1.999,122.814,153.178,461.649,0,461.181,49.152,89.173,94.241,116.99,158.99,213.212,9.887,128.312,40.0,,56.493,69.379,723.653,728.087,13.549,18.539,5,idle,0,146,146,0,0
2026-08-27T14:46:13+0800,115.173,62.527,30.641,temp=58.0'C,throttled=0x0,15.0,1.998,122.814,153.178,461.649,0,461.181,49.152,89.173,94.241,116.99,158.99,213.212,9.937,128.312,40.0,,56.493,69.379,723.653,728.087,13.549,18.539,5,idle,0,146,146,0,0
2026-08-27T14:46:14+0800,113.772,62.473,30.641,temp=57.5'C,throttled=0x0,15.0,1.999,122.814,153.178,461.649,0,461.181,49.152,89.173,94.241,116.99,158.99,213.212,9.977,128.312,40.0,,56.493,69.379,723.653,728.087,13.549,18.539,5,idle,0,146,146,0,0
2026-08-27T14:46:15+0800,112.192,62.512,30.641,temp=57.5'C,throttled=0x0,15.0,1.999,122.814,153.178,461.649,0,461.181,49.152,89.173,94.241,116.99,158.99,213.212,10.014,128.312,40.0,,56.493,69.379,723.653,728.087,13.549,18.539,5,idle,0,146,146,0,0
2026-08-27T14:46:16+0800,113.976,62.434,30.641,temp=56.9'C,throttled=0x0,15.0,1.998,122.814,153.178,461.649,0,461.181,49.152,89.173,94.241,116.99,158.99,213.212,10.135,126.471,40.0,,56.493,69.379,723.653,728.087,13.549,18.539,5,idle,0,146,146,0,0
2026-08-27T14:46:17+0800,112.518,62.363,30.641,temp=56.9'C,throttled=0x0,15.0,1.998,122.814,153.178,461.649,0,461.181,49.152,89.173,94.241,116.99,158.99,213.212,10.26,122.981,40.0,,26.563,69.379,723.653,728.087,13.549,18.539,6,idle,0,146,146,0,0
2026-08-27T14:46:18+0800,114.297,62.414,30.641,temp=58.0'C,throttled=0x0,15.0,1.998,122.814,153.178,461.649,0,461.181,49.152,89.173,94.241,116.99,158.99,213.212,10.368,119.889,40.0,,26.563,69.379,723.653,728.087,13.237,18.539,6,playing,0,147,146,0,0
2026-08-27T14:46:19+0800,109.644,62.41,30.641,temp=57.5'C,throttled=0x0,15.0,1.998,122.814,153.178,461.649,0,461.181,49.152,89.173,94.241,116.99,158.99,213.212,10.387,119.845,40.0,,26.563,69.379,723.653,728.087,13.237,18.539,6,playing,0,147,146,0,0
2026-08-27T14:46:20+0800,113.253,62.422,30.641,temp=57.5'C,throttled=0x0,15.0,1.998,122.814,153.178,461.649,0,461.181,49.152,89.173,94.241,116.99,158.99,213.212,10.408,119.845,40.0,,26.563,69.379,723.653,728.087,13.237,18.539,6,idle,0,147,147,0,0
2026-08-27T14:46:22+0800,115.121,62.422,30.641,temp=56.9'C,throttled=0x0,15.0,1.998,122.814,153.178,461.649,0,461.181,49.152,89.173,94.241,116.99,158.99,213.212,10.444,118.527,40.0,,26.563,69.379,723.653,728.087,13.237,18.539,6,idle,0,147,147,0,0
2026-08-27T14:46:23+0800,113.223,62.406,30.641,temp=58.0'C,throttled=0x0,15.0,1.998,122.814,153.178,461.649,0,461.181,49.152,89.173,94.241,116.99,158.99,213.212,10.511,116.971,40.0,,26.563,69.379,723.653,728.087,13.237,18.539,6,idle,0,147,147,0,0
2026-08-27T14:46:24+0800,110.643,62.348,30.641,temp=57.5'C,throttled=0x0,15.0,1.998,122.814,153.178,461.649,0,461.181,49.152,89.173,94.241,116.99,158.99,213.212,10.559,114.535,40.0,,26.563,69.379,723.653,728.087,13.237,18.539,6,idle,0,147,147,0,0
2026-08-27T14:46:25+0800,115.439,64.281,30.641,temp=56.9'C,throttled=0x0,15.0,1.998,122.814,153.178,461.649,0,461.181,49.152,89.173,94.241,116.99,158.99,213.212,10.58,114.535,40.0,,26.563,69.379,723.653,728.087,13.237,18.539,6,idle,0,147,147,0,0
2026-08-27T14:46:26+0800,121.654,65.395,30.641,temp=56.9'C,throttled=0x0,15.0,1.998,122.814,153.178,461.649,0,461.181,49.152,89.173,94.241,116.99,158.99,213.212,10.604,114.535,40.0,,26.563,69.379,723.653,728.087,13.237,18.539,6,idle,0,147,147,0,0
2026-08-27T14:46:27+0800,117.999,62.371,30.641,temp=56.9'C,throttled=0x0,15.0,1.998,122.814,153.178,461.649,0,461.181,49.152,89.173,94.241,116.99,158.99,213.212,10.655,114.535,40.0,,26.563,69.379,723.653,728.087,13.237,18.539,6,idle,0,147,147,0,0
2026-08-27T14:46:28+0800,111.19,62.395,30.641,temp=57.5'C,throttled=0x0,15.0,1.998,122.814,153.178,461.649,0,461.181,49.152,89.173,94.241,116.99,158.99,213.212,10.746,114.173,40.0,,26.563,69.379,723.653,728.087,13.237,18.539,6,idle,0,147,147,0,0
2026-08-27T14:46:29+0800,114.089,62.398,30.641,temp=56.9'C,throttled=0x0,15.0,1.998,122.814,153.178,461.649,0,461.181,49.152,89.173,94.241,116.99,158.99,213.212,10.768,114.526,40.0,,26.563,69.379,723.653,728.087,13.237,18.539,6,idle,0,147,147,0,0
2026-08-27T14:46:30+0800,113.198,62.504,30.641,temp=57.5'C,throttled=0x0,15.0,1.998,122.814,153.178,461.649,0,461.181,49.152,89.173,94.241,116.99,158.99,213.212,10.827,113.745,40.0,,26.563,69.379,723.653,728.087,13.237,18.539,6,idle,0,147,147,0,0
2026-08-27T14:46:31+0800,111.927,62.359,30.641,temp=58.0'C,throttled=0x0,15.0,1.998,122.814,153.178,461.649,0,461.181,49.152,89.173,94.241,116.99,158.99,213.212,10.876,112.846,40.0,,26.563,69.379,723.653,728.087,13.237,18.539,6,idle,0,147,147,0,0
2026-08-27T14:46:32+0800,111.232,62.367,30.641,temp=56.9'C,throttled=0x0,15.0,1.998,122.814,153.178,461.649,0,461.181,49.152,89.173,94.241,116.99,158.99,213.212,10.934,112.642,40.0,,26.563,69.379,723.653,728.087,13.237,18.539,6,idle,0,147,147,0,0
2026-08-27T14:46:33+0800,110.331,62.363,30.641,temp=57.5'C,throttled=0x0,15.0,1.998,122.814,153.178,461.649,0,461.181,49.152,89.173,94.241,116.99,158.99,213.212,10.995,112.475,40.0,,26.563,69.379,723.653,728.087,13.237,18.539,6,idle,0,147,147,0,0
2026-08-27T14:46:34+0800,115.082,62.43,30.641,temp=56.9'C,throttled=0x0,15.0,1.998,122.814,153.178,461.649,0,461.181,49.152,89.173,94.241,116.99,158.99,213.212,11.022,112.025,40.0,,26.563,69.379,723.653,728.087,13.237,18.539,6,idle,0,147,147,0,0
2026-08-27T14:46:35+0800,112.207,62.375,30.641,temp=57.5'C,throttled=0x0,15.0,1.998,122.814,153.178,461.649,0,461.181,49.152,89.173,94.241,116.99,158.99,213.212,11.131,110.948,40.0,,26.563,69.379,723.653,728.087,13.237,18.539,6,idle,0,147,147,0,0
2026-08-27T14:46:36+0800,109.846,62.48,30.641,temp=58.0'C,throttled=0x0,15.0,1.998,122.814,153.178,461.649,0,461.181,49.152,89.173,94.241,116.99,158.99,213.212,11.124,110.948,40.0,,26.563,69.379,723.653,728.087,13.237,18.539,6,playing,0,148,147,0,0
2026-08-27T14:46:37+0800,111.001,62.359,30.641,temp=58.0'C,throttled=0x0,15.0,1.998,122.814,153.178,461.649,0,461.181,49.152,89.173,94.241,116.99,158.99,213.212,11.112,110.948,40.0,,26.563,69.379,723.653,728.087,13.237,18.539,6,playing,0,148,147,0,0
2026-08-27T14:46:38+0800,114.08,62.32,30.641,temp=57.5'C,throttled=0x0,15.0,1.998,122.814,153.178,461.649,0,461.181,49.152,89.173,94.241,116.99,158.99,213.212,11.088,111.287,40.0,,26.563,69.379,723.653,728.087,13.237,18.539,6,playing,0,148,147,0,0
2026-08-27T14:46:39+0800,111.249,62.512,30.641,temp=57.5'C,throttled=0x0,15.0,1.998,122.814,153.178,461.649,0,461.181,49.152,89.173,94.241,116.99,158.99,213.212,11.059,111.287,40.0,,26.563,69.379,723.653,728.087,13.237,18.539,6,idle,0,148,148,0,0
2026-08-27T14:46:40+0800,112.087,62.477,30.641,temp=56.9'C,throttled=0x0,15.0,1.998,122.814,153.178,461.649,0,461.181,49.152,89.173,94.241,116.99,158.99,213.212,11.056,111.287,40.0,,26.563,69.379,723.653,728.087,13.237,18.539,6,idle,0,148,148,0,0
2026-08-27T14:46:41+0800,112.411,62.492,30.641,temp=56.9'C,throttled=0x0,15.0,1.998,122.814,153.178,461.649,0,461.181,49.152,89.173,94.241,116.99,158.99,213.212,11.105,110.615,40.0,,26.563,69.379,723.653,728.087,13.237,18.539,6,idle,0,148,148,0,0
2026-08-27T14:46:42+0800,110.025,62.426,30.641,temp=57.5'C,throttled=0x0,15.0,1.998,122.814,153.178,461.649,0,461.181,49.152,89.173,94.241,116.99,158.99,213.212,11.191,108.57,40.0,,26.563,69.379,723.653,728.087,13.237,18.539,6,idle,0,148,148,0,0
2026-08-27T14:46:43+0800,111.466,62.438,30.641,temp=56.9'C,throttled=0x0,15.0,1.998,122.814,153.178,461.649,0,461.181,49.152,89.173,94.241,116.99,158.99,213.212,11.255,108.126,40.0,,26.563,69.379,723.653,728.087,13.237,18.539,6,idle,0,148,148,0,0
2026-08-27T14:46:44+0800,113.192,62.449,30.641,temp=56.4'C,throttled=0x0,15.0,1.998,122.814,153.178,461.649,0,461.181,49.152,89.173,94.241,116.99,158.99,213.212,11.25,108.126,40.0,,26.563,69.379,723.653,728.087,13.237,18.539,6,idle,0,148,148,0,0
2026-08-27T14:46:45+0800,112.099,62.496,30.641,temp=56.4'C,throttled=0x0,15.0,1.998,122.814,153.178,461.649,0,461.181,49.152,89.173,94.241,116.99,158.99,213.212,11.277,108.126,40.0,,26.563,69.379,723.653,728.087,13.237,18.539,6,idle,0,148,148,0,0
2026-08-27T14:46:46+0800,110.063,62.398,30.641,temp=56.4'C,throttled=0x0,15.0,1.998,122.814,153.178,461.649,0,461.181,49.152,89.173,94.241,116.99,158.99,213.212,11.263,108.126,40.0,,26.563,69.379,723.653,728.087,13.237,18.539,6,idle,0,148,148,0,0
2026-08-27T14:46:47+0800,111.149,62.441,30.641,temp=56.9'C,throttled=0x0,15.0,1.998,122.814,153.178,461.649,0,461.181,49.152,89.173,94.241,116.99,158.99,213.212,11.269,108.126,40.0,,26.563,69.379,723.653,728.087,13.237,18.539,6,idle,0,148,148,0,0
2026-08-27T14:46:48+0800,112.168,62.496,30.641,temp=56.9'C,throttled=0x0,15.0,1.998,122.814,153.178,461.649,0,461.181,49.152,89.173,94.241,116.99,158.99,213.212,11.266,108.126,40.0,,26.563,69.379,723.653,728.087,13.237,18.539,6,idle,0,148,148,0,0
2026-08-27T14:46:49+0800,113.14,62.48,30.641,temp=56.9'C,throttled=0x0,15.0,1.998,122.814,153.178,461.649,0,461.181,49.152,89.173,94.241,116.99,158.99,213.212,11.262,108.126,40.0,,26.563,69.379,723.653,728.087,13.237,18.539,6,idle,0,148,148,0,0
2026-08-27T14:46:50+0800,111.998,62.379,30.641,temp=56.9'C,throttled=0x0,15.0,1.998,122.814,153.178,461.649,0,461.181,49.152,89.173,94.241,116.99,158.99,213.212,11.258,108.126,40.0,,26.563,69.379,723.653,728.087,13.237,18.539,6,idle,0,148,148,0,0
2026-08-27T14:46:51+0800,113.966,63.172,30.641,temp=56.9'C,throttled=0x0,15.0,1.998,122.814,153.178,461.649,0,461.181,49.152,89.173,94.241,116.99,158.99,213.212,11.266,107.16,40.0,,26.563,69.379,723.653,728.087,13.237,18.539,6,idle,0,148,148,0,0
2026-08-27T14:46:52+0800,119.409,65.547,30.641,temp=56.9'C,throttled=0x0,15.0,1.998,122.814,153.178,461.649,0,461.181,49.152,89.173,94.241,116.99,158.99,213.212,11.286,107.16,40.0,,26.563,69.379,723.653,728.087,13.237,18.539,6,idle,0,148,148,0,0
2026-08-27T14:46:53+0800,119.7,65.527,30.641,temp=57.5'C,throttled=0x0,15.0,1.998,122.814,153.178,461.649,0,461.181,49.152,89.173,94.241,116.99,158.99,213.212,11.281,107.231,40.0,,26.563,69.379,723.653,728.087,13.237,18.539,6,idle,0,148,148,0,0
2026-08-27T14:46:54+0800,114.471,62.496,30.641,temp=56.9'C,throttled=0x0,15.0,1.998,122.814,153.178,461.649,0,461.181,49.152,89.173,94.241,116.99,158.99,213.212,11.258,107.231,40.0,,26.563,69.379,723.653,728.087,13.237,18.539,6,playing,0,149,148,0,0
2026-08-27T14:46:55+0800,110.367,62.418,30.641,temp=57.5'C,throttled=0x0,15.0,1.998,122.814,153.178,461.649,0,461.181,49.152,89.173,94.241,116.99,158.99,213.212,11.185,108.57,40.0,,26.563,69.379,723.653,728.087,13.237,18.539,6,playing,0,149,148,0,0
2026-08-27T14:46:56+0800,113.077,62.441,30.641,temp=56.9'C,throttled=0x0,15.0,1.998,122.814,153.178,461.649,0,461.181,49.152,89.173,94.241,116.99,158.99,213.212,11.15,109.145,40.0,,26.563,69.379,723.653,728.087,13.237,18.539,6,playing,0,149,148,0,0
2026-08-27T14:46:57+0800,113.097,62.359,30.641,temp=56.9'C,throttled=0x0,15.0,1.998,122.814,153.178,461.649,0,461.181,49.152,89.173,94.241,116.99,158.99,213.212,11.137,108.57,40.0,,26.563,69.379,723.653,728.087,13.237,18.539,6,playing,0,149,148,0,0
2026-08-27T14:46:58+0800,113.01,62.395,30.641,temp=56.9'C,throttled=0x0,15.0,1.998,122.814,153.178,461.649,0,461.181,49.152,89.173,94.241,116.99,158.99,213.212,11.099,109.145,40.0,,26.563,69.379,723.653,728.087,13.237,18.539,6,playing,0,149,148,0,0
2026-08-27T14:46:59+0800,116.107,62.422,30.641,temp=56.4'C,throttled=0x0,15.0,1.998,122.814,153.178,461.649,0,461.181,49.152,89.173,94.241,116.99,158.99,213.212,11.126,108.57,40.0,,26.563,69.379,723.653,728.087,13.237,18.539,6,playing,0,149,148,0,0
2026-08-27T14:47:00+0800,113.8,62.402,30.641,temp=56.9'C,throttled=0x0,15.0,1.998,122.814,153.178,461.649,0,461.181,49.152,89.173,94.241,116.99,158.99,213.212,11.123,108.57,40.0,,26.563,69.379,723.653,728.087,13.237,18.539,6,playing,0,149,148,0,0
2026-08-27T14:47:01+0800,113.155,62.469,30.641,temp=56.9'C,throttled=0x0,15.0,1.998,122.814,153.178,461.649,0,461.181,49.152,89.173,94.241,116.99,158.99,213.212,11.109,109.249,40.0,,26.563,69.379,723.653,728.087,13.237,18.539,6,playing,0,149,148,0,0
2026-08-27T14:47:02+0800,112.886,62.586,30.641,temp=56.9'C,throttled=0x0,15.0,1.998,122.814,153.178,461.649,0,461.181,49.152,89.173,94.241,116.99,158.99,213.212,11.1,109.854,40.0,,26.563,69.379,723.653,728.087,13.237,18.539,6,playing,0,149,148,0,0
2026-08-27T14:47:03+0800,113.215,62.984,30.641,temp=56.4'C,throttled=0x0,15.0,1.998,122.814,153.178,461.649,0,461.181,49.152,89.173,94.241,116.99,158.99,213.212,11.068,110.529,40.0,,26.563,69.379,723.653,728.087,13.237,18.539,6,playing,0,149,148,0,0
2026-08-27T14:47:04+0800,110.894,63.523,30.641,temp=56.4'C,throttled=0x0,15.0,1.998,122.814,153.178,461.649,0,461.181,49.152,89.173,94.241,116.99,158.99,213.212,11.018,110.609,40.0,,26.563,69.379,723.653,728.087,13.237,18.539,6,playing,0,149,148,0,0
2026-08-27T14:47:05+0800,112.829,60.156,30.641,temp=57.5'C,throttled=0x0,15.0,1.998,122.814,153.178,461.649,0,461.181,49.152,89.173,94.241,116.99,158.99,213.212,10.976,111.083,40.0,,26.563,69.379,723.653,728.087,13.237,18.539,6,idle,0,149,149,0,0
2026-08-27T14:47:06+0800,114.201,60.262,30.641,temp=56.9'C,throttled=0x0,15.0,1.998,122.814,153.178,461.649,0,461.181,49.152,89.173,94.241,116.99,158.99,213.212,10.955,111.083,40.0,,26.563,69.379,723.653,728.087,13.237,18.539,6,idle,0,149,149,0,0
2026-08-27T14:47:07+0800,111.999,60.117,30.641,temp=56.9'C,throttled=0x0,15.0,1.998,122.814,153.178,461.649,0,461.181,49.152,89.173,94.241,116.99,158.99,213.212,10.995,110.609,40.0,,26.563,69.379,723.653,728.087,13.237,18.539,6,idle,0,149,149,0,0
2026-08-27T14:47:08+0800,110.45,60.215,30.641,temp=56.4'C,throttled=0x0,15.0,1.998,122.814,153.178,461.649,0,461.181,49.152,89.173,94.241,116.99,158.99,213.212,11.006,110.609,40.0,,26.563,69.379,723.653,728.087,13.237,18.539,6,idle,0,149,149,0,0
2026-08-27T14:47:09+0800,113.084,60.129,30.641,temp=56.9'C,throttled=0x0,15.0,1.998,122.814,153.178,461.649,0,461.181,49.152,89.173,94.241,116.99,158.99,213.212,10.997,110.609,40.0,,26.563,69.379,723.653,728.087,13.237,18.539,6,idle,0,149,149,0,0
2026-08-27T14:47:10+0800,112.527,60.191,30.641,temp=56.9'C,throttled=0x0,15.0,1.998,122.814,153.178,461.649,0,461.181,49.152,89.173,94.241,116.99,158.99,213.212,11.006,110.609,40.0,,26.563,69.379,723.653,728.087,13.237,18.539,6,idle,0,149,149,0,0
2026-08-27T14:47:12+0800,111.479,60.047,30.641,temp=56.4'C,throttled=0x0,15.0,1.998,122.814,153.178,461.649,0,461.181,49.152,89.173,94.241,116.99,158.99,213.212,11.014,110.609,40.0,,26.563,69.379,723.653,728.087,13.237,18.539,6,idle,0,149,149,0,0
2026-08-27T14:47:13+0800,111.926,60.145,30.641,temp=56.9'C,throttled=0x0,15.0,1.998,122.814,153.178,461.649,0,461.181,49.152,89.173,94.241,116.99,158.99,213.212,11.007,110.609,40.0,,26.563,69.379,723.653,728.087,13.237,18.539,6,idle,0,149,149,0,0
2026-08-27T14:47:14+0800,111.194,60.012,30.641,temp=56.4'C,throttled=0x0,15.0,1.998,122.814,153.178,461.649,0,461.181,49.152,89.173,94.241,116.99,158.99,213.212,11.022,110.609,40.0,,26.563,69.379,723.653,728.087,13.237,18.539,6,idle,0,149,149,0,0
2026-08-27T14:47:15+0800,114.032,60.141,30.641,temp=56.4'C,throttled=0x0,15.0,1.998,122.814,153.178,461.649,0,461.181,49.152,89.173,94.241,116.99,158.99,213.212,11.034,110.529,40.0,,26.563,69.379,723.653,728.087,13.237,18.539,6,idle,0,149,149,0,0
2026-08-27T14:47:16+0800,113.936,60.152,30.641,temp=56.4'C,throttled=0x0,15.0,1.998,122.814,153.178,461.649,0,461.181,49.152,89.173,94.241,116.99,158.99,213.212,11.007,110.529,40.0,,26.563,69.379,723.653,728.087,13.237,18.539,6,idle,0,149,149,0,0
2026-08-27T14:47:17+0800,113.109,60.012,30.641,temp=55.8'C,throttled=0x0,15.0,1.998,122.814,153.178,461.649,0,461.181,49.152,89.173,94.241,116.99,158.99,213.212,11.011,110.529,40.0,,26.563,69.379,723.653,728.087,13.237,18.539,6,idle,0,149,149,0,0
2026-08-27T14:47:18+0800,114.23,60.918,30.641,temp=56.4'C,throttled=0x0,15.0,1.998,122.814,153.178,461.649,0,461.181,49.152,89.173,94.241,116.99,158.99,213.212,11.078,109.249,40.0,,26.563,69.379,723.653,728.087,13.237,18.539,6,idle,0,149,149,0,0
2026-08-27T14:47:19+0800,120.375,63.137,30.641,temp=56.9'C,throttled=0x0,15.0,1.998,122.814,153.178,461.649,0,461.181,49.152,89.173,94.241,116.99,158.99,213.212,11.113,108.915,40.0,,26.563,69.379,723.653,728.087,13.237,18.539,6,idle,0,149,149,0,0
2026-08-27T14:47:20+0800,118.274,63.008,30.641,temp=56.9'C,throttled=0x0,15.0,1.998,122.814,153.178,461.649,0,461.181,49.152,89.173,94.241,116.99,158.99,213.212,11.166,108.462,40.0,,26.563,69.379,723.653,728.087,13.237,18.539,6,idle,0,149,149,0,0
2026-08-27T14:47:21+0800,115.459,60.18,30.641,temp=56.9'C,throttled=0x0,15.0,1.998,122.814,153.178,461.649,0,461.181,49.152,89.173,94.241,116.99,158.99,213.212,11.186,108.462,40.0,,26.563,69.379,723.653,728.087,13.237,18.539,6,playing,0,150,149,0,0
2026-08-27T14:47:22+0800,111.1,60.215,30.641,temp=56.9'C,throttled=0x0,15.0,1.998,122.814,153.178,461.649,0,461.181,49.152,89.173,94.241,116.99,158.99,213.212,11.13,109.249,40.0,,26.563,69.379,723.653,728.087,13.237,18.539,6,playing,0,150,149,0,0
2026-08-27T14:47:23+0800,112.607,60.348,30.641,temp=56.9'C,throttled=0x0,15.0,1.998,122.814,153.178,461.649,0,461.181,49.152,89.173,94.241,116.99,158.99,213.212,11.135,109.249,40.0,,26.563,69.379,723.653,728.087,13.237,18.539,6,playing,0,150,149,0,0
