timestamp,cpu_percent,rss_mib,swap_mib,temperature,throttled,capture_fps,tracker_effective_fps,capture_to_snapshot_p50_ms,capture_to_snapshot_p95_ms,snapshot_age_ms,snapshot_stale_drops,snapshot_to_policy_commit_p50_ms,snapshot_to_policy_commit_p95_ms,policy_commit_to_first_eye_frame_p50_ms,policy_commit_to_first_eye_frame_p95_ms,face_to_eye_first_frame_p50_ms,face_to_eye_first_frame_p95_ms,eye_effective_fps,eye_frame_p95_ms,sample_interval_ms,error
2026-08-17T14:02:52+0800,,104.566,16.586,temp=49.4'C,throttled=0x0,,,,,,,,,,,,,,,,<urlopen error [Errno 111] Connection refused>
2026-08-17T14:02:54+0800,67.805,106.25,15.77,temp=49.4'C,throttled=0x0,0,,,,,0,,,,,,,14.922,68.617,40.0,
2026-08-17T14:02:55+0800,57.138,108.184,15.711,temp=49.9'C,throttled=0x0,0.2,,,,,0,,,,,,,14.739,79.115,40.0,
2026-08-17T14:02:56+0800,69.991,105.82,15.414,temp=51.0'C,throttled=0x0,0.2,,,,,0,,,,,,,14.479,80.62,40.0,
2026-08-17T14:02:57+0800,123.538,117.75,15.395,temp=51.5'C,throttled=0x0,0.2,12.469,1743.801,1743.801,1.734,0,1.734,1.734,85.063,85.063,87.087,87.087,14.146,83.663,40.0,
2026-08-17T14:02:58+0800,103.46,108.383,15.395,temp=51.5'C,throttled=0x0,0.2,2.513,1743.801,1743.801,1.734,0,1.734,1.734,85.063,85.063,87.087,87.087,13.955,85.102,40.0,
2026-08-17T14:02:59+0800,101.428,108.375,15.395,temp=51.5'C,throttled=0x0,0.2,2.324,126.98,1743.801,484.488,0,1.734,1.734,85.063,85.063,87.087,88.013,13.81,86.047,40.0,
2026-08-17T14:03:00+0800,101.439,108.445,15.395,temp=51.5'C,throttled=0x0,15.0,2.236,123.402,1743.801,29.915,0,1.734,1.734,85.063,85.063,87.087,88.013,13.756,86.047,40.0,
2026-08-17T14:03:01+0800,103.51,108.438,15.395,temp=51.5'C,throttled=0x0,15.0,2.18,123.402,1743.801,50.515,0,1.734,1.734,85.063,85.063,87.087,88.013,13.732,86.047,40.0,
2026-08-17T14:03:02+0800,105.103,108.492,15.395,temp=52.1'C,throttled=0x0,15.0,2.151,123.402,1743.801,431.962,0,1.734,1.734,85.063,85.063,87.087,88.013,13.638,85.742,40.0,
2026-08-17T14:03:03+0800,100.52,108.305,15.395,temp=51.5'C,throttled=0x0,15.0,2.126,123.402,1743.801,431.962,0,1.734,1.734,85.063,85.063,87.087,88.013,13.62,86.047,40.0,
2026-08-17T14:03:04+0800,103.369,108.309,15.395,temp=51.5'C,throttled=0x0,15.0,2.111,123.402,1743.801,71.027,0,1.734,1.734,85.063,85.063,88.013,121.404,13.606,86.139,40.0,
2026-08-17T14:03:05+0800,101.435,108.305,15.395,temp=51.5'C,throttled=0x0,15.0,2.099,104.04,1743.801,482.139,0,1.734,1.734,85.063,85.063,88.013,121.404,13.571,86.345,40.0,
2026-08-17T14:03:06+0800,103.13,108.309,15.395,temp=52.1'C,throttled=0x0,15.0,2.088,104.04,1743.801,482.139,0,1.734,1.734,85.063,85.063,88.013,121.404,13.565,86.966,40.0,
2026-08-17T14:03:07+0800,103.506,108.332,15.395,temp=51.5'C,throttled=0x0,15.0,2.079,104.04,1743.801,482.139,0,1.734,1.734,85.063,85.063,88.013,121.404,13.536,90.12,40.0,
2026-08-17T14:03:08+0800,104.469,108.379,15.395,temp=51.5'C,throttled=0x0,15.0,2.071,106.437,1743.801,471.196,0,1.734,1.734,85.063,85.063,95.024,121.404,13.513,88.529,40.0,
2026-08-17T14:03:09+0800,103.523,108.605,15.395,temp=51.5'C,throttled=0x0,15.0,2.064,106.437,144.606,167.485,0,1.734,1.734,85.063,85.063,88.013,121.404,13.509,88.529,40.0,
2026-08-17T14:03:10+0800,103.359,108.414,15.395,temp=52.1'C,throttled=0x0,15.0,2.061,110.728,144.606,146.421,0,1.734,1.734,85.063,85.063,88.013,121.404,13.504,90.12,40.0,
2026-08-17T14:03:11+0800,102.406,108.441,15.395,temp=52.1'C,throttled=0x0,15.0,2.056,110.728,144.606,192.211,0,1.734,1.734,85.063,85.063,88.013,121.404,13.492,89.358,40.0,
2026-08-17T14:03:12+0800,109.357,108.535,15.395,temp=52.1'C,throttled=0x0,15.0,2.052,123.402,148.226,166.102,0,1.734,1.734,85.063,85.063,88.013,121.404,13.481,89.358,40.0,
2026-08-17T14:03:13+0800,103.558,108.648,15.395,temp=51.5'C,throttled=0x0,15.0,2.049,123.402,148.226,210.851,0,1.734,1.734,85.063,85.063,88.013,121.404,13.418,89.358,40.0,
2026-08-17T14:03:14+0800,104.43,108.566,15.395,temp=51.5'C,throttled=0x0,15.0,2.047,123.402,148.226,181.421,0,1.734,1.734,85.063,85.063,88.013,121.404,13.358,89.358,40.0,
2026-08-17T14:03:15+0800,101.415,108.508,15.395,temp=51.5'C,throttled=0x0,15.0,2.044,126.98,148.226,239.678,0,1.734,1.734,85.063,85.063,88.013,121.404,13.316,90.238,40.0,
2026-08-17T14:03:16+0800,103.561,108.551,15.395,temp=51.5'C,throttled=0x0,15.0,2.041,115.625,148.226,271.935,0,1.734,1.734,85.063,85.063,88.013,121.404,13.348,89.358,40.0,
2026-08-17T14:03:17+0800,104.402,108.559,15.395,temp=51.5'C,throttled=0x0,15.0,2.04,115.625,148.226,264.5,0,1.734,1.734,85.063,85.063,88.013,121.404,13.333,90.12,40.0,
2026-08-17T14:03:18+0800,103.49,108.512,15.395,temp=51.5'C,throttled=0x0,15.0,2.038,113.453,148.226,249.766,0,1.734,1.734,85.063,85.063,88.013,121.404,13.336,90.12,40.0,
2026-08-17T14:03:19+0800,102.459,108.438,15.395,temp=52.1'C,throttled=0x0,15.0,2.036,114.251,144.606,288.489,0,1.734,1.734,85.063,85.063,88.013,121.404,13.333,90.12,40.0,
2026-08-17T14:03:20+0800,101.223,108.516,15.395,temp=51.5'C,throttled=0x0,15.0,2.034,113.453,144.606,325.336,0,1.734,1.734,85.063,85.063,88.013,121.404,13.326,90.12,40.0,
2026-08-17T14:03:21+0800,102.553,108.531,15.395,temp=52.6'C,throttled=0x0,15.0,2.033,114.251,144.606,306.703,0,1.734,1.734,85.063,85.063,88.013,121.404,13.343,90.12,40.0,
2026-08-17T14:03:22+0800,103.394,108.633,15.395,temp=52.1'C,throttled=0x0,15.0,2.032,113.453,144.606,296.462,0,1.734,1.734,85.063,85.063,88.013,121.404,13.329,90.118,40.0,
2026-08-17T14:03:23+0800,101.454,108.531,15.395,temp=52.1'C,throttled=0x0,15.0,2.03,114.251,144.606,329.737,0,1.734,1.734,85.063,85.063,88.013,121.404,13.331,89.358,40.0,
2026-08-17T14:03:24+0800,103.219,108.547,15.395,temp=52.1'C,throttled=0x0,15.0,2.029,113.453,144.606,381.606,0,1.734,1.734,85.063,85.063,88.013,121.404,13.333,89.099,40.0,
2026-08-17T14:03:25+0800,102.574,108.492,15.395,temp=52.6'C,throttled=0x0,15.0,2.028,114.251,144.606,353.032,0,1.734,1.734,85.063,85.063,88.013,121.404,13.331,89.099,40.0,
2026-08-17T14:03:26+0800,102.368,108.812,15.395,temp=52.1'C,throttled=0x0,15.0,2.027,113.453,144.606,391.586,0,1.734,1.734,85.063,85.063,88.013,121.404,13.344,88.543,40.0,
2026-08-17T14:03:27+0800,110.06,111.812,15.395,temp=52.6'C,throttled=0x0,15.0,2.026,114.251,144.606,392.809,0,1.734,1.734,85.063,85.063,88.013,121.404,13.336,88.543,40.0,
2026-08-17T14:03:28+0800,109.119,111.734,15.395,temp=52.1'C,throttled=0x0,15.0,2.025,113.453,144.606,432.77,0,1.734,1.734,85.063,85.063,88.013,121.404,13.336,88.543,40.0,
2026-08-17T14:03:29+0800,103.703,108.52,15.395,temp=52.6'C,throttled=0x0,15.0,2.024,114.251,144.027,488.01,0,1.734,1.734,85.063,85.063,95.024,121.404,13.323,88.716,40.0,
2026-08-17T14:03:30+0800,103.443,108.531,15.395,temp=52.6'C,throttled=0x0,15.0,2.023,113.453,144.027,482.623,0,1.734,1.734,85.063,85.063,95.024,121.404,13.314,89.099,40.0,
2026-08-17T14:03:31+0800,102.499,108.539,15.395,temp=52.1'C,throttled=0x0,15.0,2.023,113.453,144.027,443.011,0,1.734,1.734,85.063,85.063,95.024,121.404,13.321,89.099,40.0,
2026-08-17T14:03:32+0800,103.502,108.543,15.395,temp=52.1'C,throttled=0x0,15.0,2.022,113.453,144.027,7.629,0,1.734,1.734,85.063,85.063,97.632,135.151,13.309,89.531,40.0,
2026-08-17T14:03:33+0800,103.368,108.578,15.395,temp=51.5'C,throttled=0x0,15.0,2.021,113.453,144.027,41.172,0,1.734,1.734,85.063,85.063,97.632,135.151,13.311,89.843,40.0,
2026-08-17T14:03:34+0800,103.551,108.609,15.395,temp=52.6'C,throttled=0x0,15.0,2.021,113.453,144.027,34.597,0,1.734,1.734,85.063,85.063,97.632,135.151,13.308,89.531,40.0,
2026-08-17T14:03:35+0800,102.57,108.52,15.395,temp=52.6'C,throttled=0x0,15.0,2.02,113.453,144.027,65.677,0,1.734,1.734,85.063,85.063,97.632,135.151,13.31,89.531,40.0,
2026-08-17T14:03:36+0800,102.537,108.512,15.395,temp=52.1'C,throttled=0x0,15.0,2.019,113.453,144.027,45.661,0,1.734,1.734,85.063,85.063,97.632,135.151,13.314,89.843,40.0,
2026-08-17T14:03:37+0800,107.306,108.512,15.395,temp=52.6'C,throttled=0x0,15.0,2.019,114.251,144.027,110.574,0,1.734,1.734,85.063,85.063,97.632,135.151,13.314,89.884,40.0,
2026-08-17T14:03:38+0800,103.53,108.625,15.395,temp=51.5'C,throttled=0x0,15.0,2.018,114.251,144.027,70.182,0,1.734,1.734,85.063,85.063,97.632,135.151,13.315,89.884,40.0,
2026-08-17T14:03:39+0800,103.165,108.473,15.395,temp=51.5'C,throttled=0x0,15.0,2.018,114.251,142.187,106.67,0,1.734,1.734,85.063,85.063,97.632,135.151,13.316,89.884,40.0,
2026-08-17T14:03:40+0800,101.537,108.59,15.395,temp=52.6'C,throttled=0x0,15.0,2.018,114.251,142.187,174.203,0,1.734,1.734,85.063,85.063,97.632,135.151,13.321,89.843,40.0,
2026-08-17T14:03:41+0800,104.051,108.547,15.395,temp=52.6'C,throttled=0x0,15.0,2.017,114.251,142.187,147.72,0,1.734,1.734,85.063,85.063,97.632,135.151,13.323,89.884,40.0,
2026-08-17T14:03:42+0800,102.519,108.625,15.395,temp=52.6'C,throttled=0x0,15.0,2.017,114.251,142.187,478.5,0,1.734,1.734,85.063,85.063,97.632,135.151,13.317,90.076,40.0,
2026-08-17T14:03:43+0800,105.485,108.562,15.395,temp=52.6'C,throttled=0x0,15.0,2.016,113.811,142.708,188.97,0,1.734,1.734,85.063,85.063,95.024,135.151,13.312,90.076,40.0,
2026-08-17T14:03:44+0800,102.479,108.699,15.395,temp=52.1'C,throttled=0x0,15.0,2.016,114.251,142.708,233.947,0,1.734,1.734,85.063,85.063,95.024,135.151,13.313,89.843,40.0,
2026-08-17T14:03:45+0800,102.215,108.496,15.395,temp=52.6'C,throttled=0x0,15.0,2.016,113.811,142.708,203.21,0,1.734,1.734,85.063,85.063,95.024,135.151,13.311,89.843,40.0,
2026-08-17T14:03:46+0800,102.498,108.496,15.395,temp=52.6'C,throttled=0x0,15.0,2.015,114.251,144.027,256.067,0,1.734,1.734,85.063,85.063,95.024,135.151,13.323,90.209,40.0,
2026-08-17T14:03:47+0800,105.459,108.473,15.395,temp=52.6'C,throttled=0x0,15.0,2.015,113.811,144.027,259.937,0,1.734,1.734,85.063,85.063,95.024,135.151,13.296,90.209,40.0,
2026-08-17T14:03:48+0800,102.48,108.527,15.391,temp=52.6'C,throttled=0x0,15.0,2.015,114.251,144.027,233.984,0,1.734,1.734,85.063,85.063,95.024,135.151,13.293,90.209,40.0,
2026-08-17T14:03:49+0800,100.543,108.586,15.391,temp=52.1'C,throttled=0x0,15.0,2.014,113.811,144.027,270.638,0,1.734,1.734,85.063,85.063,95.024,135.151,13.319,89.413,40.0,
2026-08-17T14:03:50+0800,104.36,108.602,15.391,temp=52.6'C,throttled=0x0,15.0,2.014,114.78,144.027,250.42,0,1.734,1.734,85.063,85.063,95.024,135.151,13.3,90.209,40.0,
2026-08-17T14:03:51+0800,101.571,108.523,15.391,temp=52.1'C,throttled=0x0,15.0,2.014,114.251,144.027,297.34,0,1.734,1.734,85.063,85.063,95.024,135.151,13.312,90.209,40.0,
2026-08-17T14:03:53+0800,103.503,108.566,15.391,temp=52.6'C,throttled=0x0,15.0,2.014,114.78,144.027,289.721,0,1.734,1.734,85.063,85.063,95.024,135.151,13.297,90.209,40.0,
2026-08-17T14:03:54+0800,104.507,108.574,15.391,temp=52.6'C,throttled=0x0,15.0,2.013,114.251,144.027,330.948,0,1.734,1.734,85.063,85.063,95.024,135.151,13.306,90.209,40.0,
2026-08-17T14:03:55+0800,102.457,108.613,15.391,temp=52.1'C,throttled=0x0,15.0,2.013,114.78,144.027,321.484,0,1.734,1.734,85.063,85.063,95.024,135.151,13.288,90.877,40.0,
2026-08-17T14:03:56+0800,100.485,108.57,15.379,temp=52.1'C,throttled=0x0,15.0,2.013,114.251,144.027,359.302,0,1.734,1.734,85.063,85.063,95.024,135.151,13.296,89.925,40.0,
2026-08-17T14:03:57+0800,102.51,108.523,15.379,temp=52.1'C,throttled=0x0,15.0,2.013,114.78,144.027,338.1,0,1.734,1.734,85.063,85.063,95.024,135.151,13.301,89.925,40.0,
2026-08-17T14:03:58+0800,104.432,108.449,15.379,temp=52.6'C,throttled=0x0,15.0,2.012,114.251,144.027,340.926,0,1.734,1.734,85.063,85.063,95.024,135.151,13.272,90.065,40.0,
2026-08-17T14:03:59+0800,104.359,110.516,15.379,temp=52.6'C,throttled=0x0,15.0,2.012,114.78,144.027,439.398,0,1.734,1.734,85.063,85.063,95.024,135.151,13.273,90.082,40.0,
2026-08-17T14:04:00+0800,109.864,111.789,15.379,temp=52.1'C,throttled=0x0,15.0,2.012,114.78,144.027,437.293,0,1.734,1.734,85.063,85.063,88.013,135.151,13.282,90.605,40.0,
2026-08-17T14:04:01+0800,110.074,108.645,15.379,temp=52.6'C,throttled=0x0,15.0,2.012,114.78,142.708,397.337,0,1.734,1.734,85.063,85.063,88.013,135.151,13.284,90.605,40.0,
2026-08-17T14:04:02+0800,103.474,108.535,15.379,temp=52.6'C,throttled=0x0,15.0,2.011,114.78,142.708,470.004,0,1.734,1.734,85.063,85.063,88.013,135.151,13.275,90.934,40.0,
2026-08-17T14:04:03+0800,107.409,108.598,15.379,temp=53.2'C,throttled=0x0,15.0,2.011,114.78,142.708,446.138,0,1.734,1.734,85.063,85.063,88.013,135.151,13.279,91.1,40.0,
2026-08-17T14:04:04+0800,104.453,108.598,15.379,temp=52.6'C,throttled=0x0,15.0,2.011,114.78,142.708,3.627,0,1.734,1.734,85.063,85.063,88.013,135.151,13.273,91.1,40.0,
2026-08-17T14:04:05+0800,104.45,108.551,15.379,temp=52.6'C,throttled=0x0,15.0,2.011,114.78,142.708,1.565,0,1.734,1.734,85.063,85.063,88.013,135.151,13.251,91.285,40.0,
2026-08-17T14:04:06+0800,103.506,108.52,15.379,temp=53.2'C,throttled=0x0,15.0,2.01,114.78,142.708,42.442,0,1.734,1.734,85.063,85.063,88.013,135.151,13.259,91.285,40.0,
2026-08-17T14:04:07+0800,100.52,108.594,15.379,temp=53.2'C,throttled=0x0,15.0,2.01,114.78,142.708,13.242,0,1.734,1.734,85.063,85.063,88.013,135.151,13.287,91.252,40.0,
2026-08-17T14:04:08+0800,103.247,108.598,15.379,temp=52.6'C,throttled=0x0,15.0,2.01,114.78,142.708,88.556,0,1.734,1.734,85.063,85.063,88.013,135.151,13.265,91.285,40.0,
2026-08-17T14:04:09+0800,102.51,108.578,15.379,temp=52.6'C,throttled=0x0,15.0,2.01,114.78,142.708,61.289,0,1.734,1.734,85.063,85.063,88.013,135.151,13.257,91.48,40.0,
2026-08-17T14:04:10+0800,103.454,108.574,15.379,temp=52.6'C,throttled=0x0,15.0,2.01,114.78,142.708,102.084,0,1.734,1.734,85.063,85.063,88.013,135.151,13.272,91.252,40.0,
2026-08-17T14:04:11+0800,103.482,108.535,15.379,temp=52.6'C,throttled=0x0,15.0,2.01,114.78,142.708,72.647,0,1.734,1.734,85.063,85.063,88.013,135.151,13.271,91.252,40.0,
2026-08-17T14:04:12+0800,104.471,108.559,15.379,temp=52.6'C,throttled=0x0,15.0,2.01,114.78,142.708,135.047,0,1.734,1.734,85.063,85.063,88.013,135.151,13.27,91.252,40.0,
2026-08-17T14:04:13+0800,102.227,108.59,15.379,temp=52.6'C,throttled=0x0,15.0,2.01,114.78,142.708,131.767,0,1.734,1.734,85.063,85.063,88.013,135.151,13.258,91.48,40.0,
2026-08-17T14:04:14+0800,102.223,108.566,15.379,temp=53.2'C,throttled=0x0,15.0,2.009,114.78,144.027,178.099,0,1.734,1.734,85.063,85.063,88.013,135.151,13.26,91.216,40.0,
2026-08-17T14:04:15+0800,102.472,108.418,15.379,temp=52.6'C,throttled=0x0,15.0,2.009,114.78,144.606,150.722,0,1.734,1.734,85.063,85.063,88.013,135.151,13.256,91.48,40.0,
2026-08-17T14:04:16+0800,102.574,108.609,15.379,temp=52.6'C,throttled=0x0,15.0,2.009,114.78,145.937,196.821,0,1.734,1.734,85.063,85.063,88.013,135.151,13.272,91.48,40.0,
2026-08-17T14:04:17+0800,103.466,108.516,15.379,temp=52.6'C,throttled=0x0,15.0,2.009,114.78,146.033,191.774,0,1.734,1.734,85.063,85.063,88.013,135.151,13.271,91.216,40.0,
2026-08-17T14:04:18+0800,104.267,108.457,15.379,temp=52.6'C,throttled=0x0,15.0,2.009,114.251,146.033,184.327,0,1.734,1.734,85.063,85.063,88.013,135.151,13.253,91.216,40.0,
2026-08-17T14:04:19+0800,101.514,108.578,15.379,temp=52.6'C,throttled=0x0,15.0,2.009,113.811,146.033,228.337,0,1.734,1.734,85.063,85.063,88.013,135.151,13.256,91.216,40.0,
2026-08-17T14:04:20+0800,103.473,108.48,15.379,temp=53.2'C,throttled=0x0,15.0,2.009,113.811,146.033,212.116,0,1.734,1.734,85.063,85.063,88.013,135.151,13.247,91.216,40.0,
2026-08-17T14:04:21+0800,102.163,108.578,15.379,temp=52.6'C,throttled=0x0,15.0,2.008,113.811,145.937,246.501,0,1.734,1.734,85.063,85.063,88.013,135.151,13.271,91.051,40.0,
2026-08-17T14:04:22+0800,101.493,108.535,15.379,temp=53.2'C,throttled=0x0,15.0,2.008,113.811,145.937,292.951,0,1.734,1.734,85.063,85.063,88.013,135.151,13.293,89.739,40.0,
2026-08-17T14:04:23+0800,106.436,108.656,15.379,temp=52.1'C,throttled=0x0,15.0,2.008,113.811,145.937,273.084,0,1.734,1.734,85.063,85.063,88.013,135.151,13.263,91.45,40.0,
2026-08-17T14:04:24+0800,103.141,108.672,15.379,temp=52.6'C,throttled=0x0,15.0,2.008,113.786,145.937,328.221,0,1.734,1.734,85.063,85.063,88.013,135.151,13.29,89.739,40.0,
2026-08-17T14:04:25+0800,102.486,108.59,15.379,temp=52.6'C,throttled=0x0,15.0,2.008,113.786,145.937,296.469,0,1.734,1.734,85.063,85.063,88.013,135.151,13.291,91.216,40.0,
2026-08-17T14:04:26+0800,103.478,108.477,15.379,temp=52.6'C,throttled=0x0,15.0,2.008,113.786,145.937,347.107,0,1.734,1.734,85.063,85.063,88.013,135.151,13.283,91.216,40.0,
2026-08-17T14:04:27+0800,101.484,108.59,15.379,temp=52.6'C,throttled=0x0,15.0,2.008,113.786,145.937,329.257,0,1.734,1.734,85.063,85.063,88.013,135.151,13.299,89.739,40.0,
2026-08-17T14:04:28+0800,102.448,108.621,15.379,temp=52.6'C,throttled=0x0,15.0,2.008,113.786,145.937,388.274,0,1.734,1.734,85.063,85.063,88.013,135.151,13.291,90.742,40.0,
2026-08-17T14:04:29+0800,101.527,108.559,15.379,temp=52.6'C,throttled=0x0,15.0,2.008,113.786,145.937,353.619,0,1.734,1.734,85.063,85.063,88.013,135.151,13.293,90.096,40.0,
2026-08-17T14:04:30+0800,104.874,110.418,15.379,temp=53.2'C,throttled=0x0,15.0,2.008,113.786,145.937,400.712,0,1.734,1.734,85.063,85.063,88.013,135.151,13.287,89.739,40.0,
2026-08-17T14:04:31+0800,111.561,111.914,15.379,temp=53.7'C,throttled=0x0,15.0,2.007,113.786,145.937,444.077,0,1.734,1.734,85.063,85.063,88.013,135.151,13.302,89.739,40.0,
2026-08-17T14:04:32+0800,108.356,108.598,15.379,temp=52.6'C,throttled=0x0,15.0,2.007,113.786,144.606,427.424,0,1.734,1.734,85.063,85.063,88.013,135.151,13.309,89.739,40.0,
2026-08-17T14:04:33+0800,104.423,108.527,15.379,temp=53.2'C,throttled=0x0,15.0,2.007,113.811,144.606,423.186,0,1.734,1.734,85.063,85.063,88.013,135.151,13.299,89.739,40.0,
2026-08-17T14:04:34+0800,101.51,108.594,15.379,temp=52.6'C,throttled=0x0,15.0,2.007,113.786,144.606,485.4,0,1.734,1.734,85.063,85.063,88.013,135.151,13.289,89.739,40.0,
2026-08-17T14:04:35+0800,101.498,108.613,15.379,temp=53.2'C,throttled=0x0,15.0,2.007,113.811,144.606,33.087,0,1.734,1.734,85.063,85.063,88.013,135.151,13.29,90.096,40.0,
2026-08-17T14:04:36+0800,103.552,108.539,15.379,temp=53.2'C,throttled=0x0,15.0,2.007,113.786,144.606,10.867,0,1.734,1.734,85.063,85.063,88.013,135.151,13.297,90.538,40.0,
2026-08-17T14:04:37+0800,103.282,108.562,15.379,temp=52.6'C,throttled=0x0,15.0,2.007,113.811,144.606,52.266,0,1.734,1.734,85.063,85.063,88.013,135.151,13.311,90.538,40.0,
2026-08-17T14:04:38+0800,101.519,108.555,15.379,temp=52.6'C,throttled=0x0,15.0,2.007,113.786,144.606,44.044,0,1.734,1.734,85.063,85.063,88.013,135.151,13.301,90.229,40.0,
2026-08-17T14:04:39+0800,104.458,108.555,15.379,temp=53.2'C,throttled=0x0,15.0,2.007,113.811,144.606,40.148,0,1.734,1.734,85.063,85.063,88.013,135.151,13.289,90.229,40.0,
2026-08-17T14:04:40+0800,103.506,108.531,15.379,temp=53.2'C,throttled=0x0,15.0,2.007,113.786,144.606,70.135,0,1.734,1.734,85.063,85.063,88.013,135.151,13.29,90.229,40.0,
2026-08-17T14:04:41+0800,104.004,108.602,15.379,temp=52.6'C,throttled=0x0,15.0,2.007,113.811,144.027,116.456,0,1.734,1.734,85.063,85.063,88.013,135.151,13.289,90.096,40.0,
2026-08-17T14:04:42+0800,103.316,108.5,15.379,temp=52.6'C,throttled=0x0,15.0,2.007,113.786,144.027,96.178,0,1.734,1.734,85.063,85.063,88.013,135.151,13.305,90.004,40.0,
2026-08-17T14:04:43+0800,103.497,108.555,15.379,temp=52.6'C,throttled=0x0,15.0,2.006,113.811,144.027,87.834,0,1.734,1.734,85.063,85.063,88.013,135.151,13.287,90.096,40.0,
2026-08-17T14:04:44+0800,102.362,108.621,15.379,temp=53.2'C,throttled=0x0,15.0,2.006,113.786,144.027,127.728,0,1.734,1.734,85.063,85.063,88.013,135.151,13.289,90.004,40.0,
2026-08-17T14:04:45+0800,101.467,108.535,15.379,temp=52.6'C,throttled=0x0,15.0,2.006,113.811,144.027,183.653,0,1.734,1.734,85.063,85.063,88.013,135.151,13.294,90.096,40.0,
2026-08-17T14:04:46+0800,102.442,108.559,15.379,temp=52.6'C,throttled=0x0,15.0,2.006,113.786,144.606,150.805,0,1.734,1.734,85.063,85.063,88.013,135.151,13.289,90.229,40.0,
2026-08-17T14:04:47+0800,100.51,108.598,15.379,temp=52.6'C,throttled=0x0,15.0,2.006,113.811,144.606,198.752,0,1.734,1.734,85.063,85.063,88.013,135.151,13.309,90.004,40.0,
2026-08-17T14:04:48+0800,108.501,108.57,15.379,temp=52.6'C,throttled=0x0,15.0,2.006,113.786,144.606,167.532,0,1.734,1.734,85.063,85.063,88.013,135.151,13.286,90.229,40.0,
2026-08-17T14:04:49+0800,101.487,108.551,15.379,temp=52.6'C,throttled=0x0,15.0,2.006,113.811,144.606,231.407,0,1.734,1.734,85.063,85.063,88.013,135.151,13.296,90.229,40.0,
2026-08-17T14:04:50+0800,102.396,108.504,15.379,temp=52.1'C,throttled=0x0,15.0,2.006,113.786,144.606,209.052,0,1.734,1.734,85.063,85.063,88.013,135.151,13.282,90.33,40.0,
2026-08-17T14:04:51+0800,103.571,108.535,15.379,temp=53.2'C,throttled=0x0,15.0,2.006,113.811,144.027,256.548,0,1.734,1.734,85.063,85.063,88.013,135.151,13.289,90.33,40.0,
2026-08-17T14:04:52+0800,102.449,108.648,15.379,temp=52.6'C,throttled=0x0,15.0,2.006,113.786,144.027,227.045,0,1.734,1.734,85.063,85.063,88.013,135.151,13.312,90.229,40.0,
2026-08-17T14:04:54+0800,104.487,108.605,15.379,temp=52.6'C,throttled=0x0,15.0,2.006,113.811,144.027,229.559,0,1.734,1.734,85.063,85.063,88.013,135.151,13.286,90.229,40.0,
2026-08-17T14:04:55+0800,101.126,108.672,15.379,temp=53.2'C,throttled=0x0,15.0,2.006,113.786,144.027,301.465,0,1.734,1.734,85.063,85.063,88.013,135.151,13.269,90.33,40.0,
2026-08-17T14:04:56+0800,102.487,108.527,15.379,temp=53.2'C,throttled=0x0,15.0,2.006,113.811,144.027,261.694,0,1.734,1.734,85.063,85.063,88.013,135.151,13.283,89.995,40.0,
2026-08-17T14:04:57+0800,103.507,108.469,15.379,temp=53.2'C,throttled=0x0,15.0,2.005,113.786,144.027,299.294,0,1.734,1.734,85.063,85.063,88.013,135.151,13.283,90.004,40.0,
2026-08-17T14:04:58+0800,102.534,108.656,15.379,temp=52.6'C,throttled=0x0,15.0,2.005,113.811,144.027,288.315,0,1.734,1.734,85.063,85.063,88.013,135.151,13.282,90.33,40.0,
2026-08-17T14:04:59+0800,103.47,108.539,15.379,temp=52.6'C,throttled=0x0,15.0,2.005,113.786,144.027,337.898,0,1.734,1.734,85.063,85.063,88.013,135.151,13.295,89.995,40.0,
2026-08-17T14:05:00+0800,103.528,108.656,15.379,temp=52.6'C,throttled=0x0,15.0,2.005,113.811,144.027,316.336,0,1.734,1.734,85.063,85.063,88.013,135.151,13.283,90.33,40.0,
2026-08-17T14:05:01+0800,101.553,108.633,15.379,temp=52.6'C,throttled=0x0,15.0,2.005,113.811,144.027,417.513,0,1.734,1.734,85.063,85.063,88.013,135.151,13.282,90.366,40.0,
2026-08-17T14:05:02+0800,103.478,108.492,15.379,temp=52.6'C,throttled=0x0,15.0,2.005,113.811,144.027,472.969,0,1.734,1.734,85.063,85.063,95.024,135.151,13.291,90.33,40.0,
2026-08-17T14:05:03+0800,104.306,108.492,15.379,temp=52.6'C,throttled=0x0,15.0,2.005,114.251,144.027,385.421,0,1.734,1.734,85.063,85.063,97.632,131.53,13.299,90.33,40.0,
2026-08-17T14:05:04+0800,106.223,110.469,15.379,temp=53.7'C,throttled=0x0,15.0,2.005,114.251,144.606,404.752,0,1.734,1.734,85.063,85.063,97.632,131.53,13.282,90.952,40.0,
2026-08-17T14:05:05+0800,108.731,111.684,15.379,temp=53.2'C,throttled=0x0,15.0,1.998,113.811,144.606,408.238,0,1.734,1.734,85.063,85.063,97.632,131.53,13.295,90.366,40.0,
2026-08-17T14:05:06+0800,113.012,111.719,15.379,temp=52.6'C,throttled=0x0,15.0,1.999,114.251,145.021,440.461,0,1.734,1.734,85.063,85.063,97.632,131.53,13.278,90.952,40.0,
2026-08-17T14:05:07+0800,101.527,108.707,15.379,temp=53.2'C,throttled=0x0,15.0,1.999,113.786,145.021,437.323,0,1.734,1.734,85.063,85.063,97.632,131.53,13.287,90.952,40.0,
2026-08-17T14:05:08+0800,104.307,108.574,15.379,temp=53.7'C,throttled=0x0,15.0,1.998,113.811,145.021,478.295,0,1.734,1.734,85.063,85.063,97.632,131.53,13.304,89.995,40.0,
2026-08-17T14:05:09+0800,107.276,108.574,15.379,temp=53.2'C,throttled=0x0,15.0,1.998,113.786,145.021,471.561,0,1.734,1.734,85.063,85.063,97.632,131.53,13.289,89.647,40.0,
2026-08-17T14:05:10+0800,102.418,108.613,15.379,temp=53.2'C,throttled=0x0,15.0,1.998,113.811,145.021,33.568,0,1.734,1.734,85.063,85.063,97.632,131.53,13.281,89.849,40.0,
2026-08-17T14:05:11+0800,103.159,108.598,15.379,temp=53.2'C,throttled=0x0,15.0,1.998,113.786,145.021,72.997,0,1.734,1.734,85.063,85.063,97.632,131.53,13.295,89.849,40.0,
2026-08-17T14:05:12+0800,102.421,108.523,15.379,temp=53.2'C,throttled=0x0,15.0,1.998,113.811,145.021,45.787,0,1.734,1.734,85.063,85.063,97.632,131.53,13.289,89.981,40.0,
2026-08-17T14:05:13+0800,103.484,108.516,15.379,temp=52.6'C,throttled=0x0,15.0,1.998,113.811,145.021,426.632,0,1.734,1.734,85.063,85.063,97.632,131.53,13.315,89.981,40.0,
2026-08-17T14:05:14+0800,104.496,108.605,15.379,temp=52.6'C,throttled=0x0,15.0,1.998,113.811,145.021,426.632,0,1.734,1.734,85.063,85.063,97.632,131.53,13.328,89.849,40.0,
2026-08-17T14:05:15+0800,105.447,108.465,15.379,temp=52.6'C,throttled=0x0,15.0,1.998,113.811,145.021,117.903,0,1.734,1.734,85.063,85.063,97.632,131.53,13.313,90.92,40.0,
2026-08-17T14:05:16+0800,101.476,108.562,15.379,temp=52.6'C,throttled=0x0,15.0,1.998,113.811,145.021,407.458,0,1.734,1.734,85.063,85.063,97.632,131.53,13.318,90.92,40.0,
2026-08-17T14:05:17+0800,103.436,108.59,15.379,temp=53.7'C,throttled=0x0,15.0,1.998,113.811,145.021,407.458,0,1.734,1.734,85.063,85.063,97.632,131.53,13.327,89.981,40.0,
2026-08-17T14:05:18+0800,104.386,108.512,15.379,temp=52.6'C,throttled=0x0,15.0,1.998,113.811,145.021,407.458,0,1.734,1.734,85.063,85.063,97.632,131.53,13.319,89.981,40.0,
2026-08-17T14:05:19+0800,102.468,108.562,15.379,temp=52.6'C,throttled=0x0,15.0,1.999,113.811,145.021,407.458,0,1.734,1.734,85.063,85.063,97.632,131.53,13.337,89.808,40.0,
2026-08-17T14:05:20+0800,103.551,108.547,15.379,temp=53.2'C,throttled=0x0,15.0,1.999,114.251,144.606,492.626,0,1.734,1.734,85.063,85.063,102.911,131.53,13.339,89.808,40.0,
2026-08-17T14:05:21+0800,103.447,108.594,15.379,temp=52.6'C,throttled=0x0,15.0,1.998,114.251,144.606,492.626,0,1.734,1.734,85.063,85.063,102.911,131.53,13.323,89.808,40.0,
2026-08-17T14:05:22+0800,100.49,108.652,15.379,temp=52.6'C,throttled=0x0,15.0,1.998,114.251,144.606,492.626,0,1.734,1.734,85.063,85.063,102.911,131.53,13.338,89.808,40.0,
2026-08-17T14:05:23+0800,103.407,108.625,15.379,temp=53.2'C,throttled=0x0,15.0,1.998,113.811,144.606,200.223,0,1.734,1.734,85.063,85.063,102.911,131.53,13.354,89.808,40.0,
2026-08-17T14:05:24+0800,102.355,108.555,15.379,temp=53.2'C,throttled=0x0,15.0,1.998,113.786,144.606,185.057,0,1.734,1.734,85.063,85.063,102.911,131.53,13.342,89.808,40.0,
2026-08-17T14:05:25+0800,103.301,108.477,15.379,temp=52.6'C,throttled=0x0,15.0,1.998,113.811,144.606,466.054,0,1.734,1.734,85.063,85.063,102.911,131.53,13.328,89.808,40.0,
2026-08-17T14:05:26+0800,102.207,108.586,15.379,temp=52.6'C,throttled=0x0,15.0,1.999,113.811,144.606,466.054,0,1.734,1.734,85.063,85.063,102.911,131.53,13.327,89.808,40.0,
2026-08-17T14:05:27+0800,104.402,108.605,15.379,temp=53.7'C,throttled=0x0,15.0,1.998,113.811,144.606,466.054,0,1.734,1.734,85.063,85.063,102.911,131.53,13.314,89.981,40.0,
2026-08-17T14:05:28+0800,102.508,108.547,15.379,temp=52.6'C,throttled=0x0,15.0,1.999,113.811,144.606,466.054,0,1.734,1.734,85.063,85.063,102.911,131.53,13.33,89.849,40.0,
2026-08-17T14:05:29+0800,101.319,108.594,15.379,temp=53.7'C,throttled=0x0,15.0,1.999,113.811,144.606,466.054,0,1.734,1.734,85.063,85.063,102.911,131.53,13.33,90.331,40.0,
2026-08-17T14:05:30+0800,107.364,108.719,15.379,temp=53.2'C,throttled=0x0,15.0,1.999,113.811,144.606,297.255,0,1.734,1.734,85.063,85.063,102.911,131.53,13.31,90.447,40.0,
2026-08-17T14:05:31+0800,103.447,108.723,15.379,temp=53.2'C,throttled=0x0,15.0,1.998,113.786,144.027,355.037,0,1.734,1.734,85.063,85.063,112.861,135.151,13.305,91.188,40.0,
2026-08-17T14:05:32+0800,101.494,108.57,15.379,temp=53.2'C,throttled=0x0,15.0,1.998,113.786,144.027,430.307,0,1.734,1.734,85.063,85.063,112.861,135.151,13.301,91.363,40.0,
2026-08-17T14:05:33+0800,103.167,108.613,15.379,temp=53.2'C,throttled=0x0,15.0,1.998,113.786,144.027,430.307,0,1.734,1.734,85.063,85.063,112.861,135.151,13.287,92.01,40.0,
2026-08-17T14:05:34+0800,102.409,108.691,15.379,temp=53.2'C,throttled=0x0,15.0,1.998,113.811,144.606,498.433,0,1.734,1.734,85.063,85.063,112.861,135.151,13.297,91.363,40.0,
2026-08-17T14:05:35+0800,107.995,111.91,15.379,temp=52.6'C,throttled=0x0,15.0,1.998,113.811,144.606,498.433,0,1.734,1.734,85.063,85.063,112.861,135.151,13.292,91.363,40.0,
2026-08-17T14:05:36+0800,111.33,111.938,15.379,temp=53.7'C,throttled=0x0,15.0,1.999,113.811,144.606,498.433,0,1.734,1.734,85.063,85.063,112.861,135.151,13.278,92.01,40.0,
2026-08-17T14:05:37+0800,107.182,108.773,15.379,temp=53.2'C,throttled=0x0,15.0,1.998,113.811,144.606,498.433,0,1.734,1.734,85.063,85.063,112.861,135.151,13.282,92.491,40.0,
2026-08-17T14:05:38+0800,102.378,108.84,15.379,temp=53.7'C,throttled=0x0,15.0,1.998,113.811,145.021,5.253,0,1.734,1.734,85.063,85.063,112.861,135.151,13.282,92.595,40.0,
2026-08-17T14:05:39+0800,102.318,108.805,15.379,temp=53.2'C,throttled=0x0,15.0,1.998,113.811,145.021,438.943,0,1.734,1.734,85.063,85.063,102.911,135.151,13.27,92.595,40.0,
2026-08-17T14:05:40+0800,103.164,108.707,15.379,temp=53.2'C,throttled=0x0,15.0,1.999,113.811,145.021,438.943,0,1.734,1.734,85.063,85.063,102.911,135.151,13.276,92.491,40.0,
2026-08-17T14:05:41+0800,100.571,108.879,15.379,temp=53.7'C,throttled=0x0,15.0,1.999,113.811,145.021,438.943,0,1.734,1.734,85.063,85.063,102.911,135.151,13.27,92.01,40.0,
2026-08-17T14:05:42+0800,103.531,108.797,15.379,temp=53.7'C,throttled=0x0,15.0,1.998,113.811,145.021,438.943,0,1.734,1.734,85.063,85.063,102.911,135.151,13.267,92.491,40.0,
2026-08-17T14:05:43+0800,102.519,108.953,15.379,temp=53.7'C,throttled=0x0,15.0,1.998,113.811,145.021,438.943,0,1.734,1.734,85.063,85.063,102.911,135.151,13.284,92.01,40.0,
2026-08-17T14:05:44+0800,103.463,108.848,15.379,temp=53.2'C,throttled=0x0,15.0,1.999,113.811,145.021,438.943,0,1.734,1.734,85.063,85.063,102.911,135.151,13.297,92.01,40.0,
2026-08-17T14:05:45+0800,104.32,108.895,15.379,temp=53.2'C,throttled=0x0,15.0,1.998,113.811,145.021,438.943,0,1.734,1.734,85.063,85.063,102.911,135.151,13.271,92.01,40.0,
2026-08-17T14:05:46+0800,103.506,108.832,15.379,temp=53.7'C,throttled=0x0,15.0,1.998,113.811,145.021,438.943,0,1.734,1.734,85.063,85.063,102.911,135.151,13.292,91.281,40.0,
2026-08-17T14:05:47+0800,99.548,108.969,15.379,temp=53.2'C,throttled=0x0,15.0,1.998,113.811,145.021,438.943,0,1.734,1.734,85.063,85.063,102.911,135.151,13.292,90.896,40.0,
2026-08-17T14:05:48+0800,103.407,108.883,15.379,temp=53.2'C,throttled=0x0,15.0,1.998,113.811,145.021,438.943,0,1.734,1.734,85.063,85.063,102.911,135.151,13.281,91.281,40.0,
2026-08-17T14:05:49+0800,102.432,108.871,15.379,temp=53.7'C,throttled=0x0,15.0,1.999,113.811,145.021,438.943,0,1.734,1.734,85.063,85.063,102.911,135.151,13.32,90.434,40.0,
2026-08-17T14:05:50+0800,105.367,108.824,15.379,temp=52.6'C,throttled=0x0,15.0,1.999,113.811,145.021,438.943,0,1.734,1.734,85.063,85.063,102.911,135.151,13.289,90.434,40.0,
2026-08-17T14:05:51+0800,103.418,108.906,15.379,temp=52.6'C,throttled=0x0,15.0,1.998,113.811,145.021,438.943,0,1.734,1.734,85.063,85.063,102.911,135.151,13.282,89.908,40.0,
2026-08-17T14:05:52+0800,102.523,108.922,15.379,temp=53.7'C,throttled=0x0,15.0,1.998,113.811,145.021,438.943,0,1.734,1.734,85.063,85.063,102.911,135.151,13.306,89.908,40.0,
2026-08-17T14:05:53+0800,100.401,108.922,15.379,temp=53.7'C,throttled=0x0,15.0,1.998,113.811,145.021,438.943,0,1.734,1.734,85.063,85.063,102.911,135.151,13.291,90.434,40.0,
2026-08-17T14:05:55+0800,103.475,109.055,15.379,temp=53.7'C,throttled=0x0,15.0,1.998,113.811,145.021,438.943,0,1.734,1.734,85.063,85.063,102.911,135.151,13.31,89.908,40.0,
2026-08-17T14:05:56+0800,104.485,109.008,15.379,temp=52.6'C,throttled=0x0,15.0,1.999,114.251,145.021,420.673,0,1.734,1.734,85.063,85.063,112.861,135.628,13.302,89.908,40.0,
2026-08-17T14:05:57+0800,103.454,109.094,15.379,temp=53.7'C,throttled=0x0,15.0,1.998,114.251,145.021,267.552,0,1.734,1.734,85.063,85.063,112.861,135.628,13.305,89.908,40.0,
2026-08-17T14:05:58+0800,100.759,109.125,15.379,temp=53.2'C,throttled=0x0,15.0,1.999,114.251,145.021,434.976,0,1.734,1.734,85.063,85.063,112.861,135.628,13.297,89.908,40.0,
2026-08-17T14:05:59+0800,102.555,109.09,15.379,temp=53.7'C,throttled=0x0,15.0,1.999,114.251,145.021,434.976,0,1.734,1.734,85.063,85.063,112.861,135.628,13.305,89.908,40.0,
2026-08-17T14:06:00+0800,100.56,109.027,15.379,temp=52.6'C,throttled=0x0,15.0,1.999,114.364,145.021,461.448,0,1.734,1.734,85.063,85.063,105.743,135.628,13.317,89.871,40.0,
2026-08-17T14:06:01+0800,103.413,108.965,15.379,temp=53.7'C,throttled=0x0,15.0,1.998,114.364,145.021,461.448,0,1.734,1.734,85.063,85.063,105.743,135.628,13.309,89.871,40.0,
2026-08-17T14:06:02+0800,101.435,109.094,15.379,temp=52.6'C,throttled=0x0,15.0,1.998,114.364,145.021,461.448,0,1.734,1.734,85.063,85.063,105.743,135.628,13.3,89.871,40.0,
2026-08-17T14:06:03+0800,103.47,109.09,15.379,temp=53.2'C,throttled=0x0,15.0,1.998,114.251,145.021,335.462,0,1.734,1.734,85.063,85.063,105.743,135.628,13.301,89.871,40.0,
2026-08-17T14:06:04+0800,104.015,109.055,15.379,temp=53.7'C,throttled=0x0,15.0,1.998,114.364,145.397,373.694,0,1.734,1.734,85.063,85.063,105.743,135.628,13.3,89.908,40.0,
2026-08-17T14:06:05+0800,103.737,109.098,15.379,temp=53.7'C,throttled=0x0,15.0,1.998,114.364,145.397,355.012,0,1.734,1.734,85.063,85.063,105.743,135.628,13.314,90.434,40.0,
2026-08-17T14:06:06+0800,101.869,110.504,15.379,temp=53.7'C,throttled=0x0,15.0,1.998,114.364,145.397,428.398,0,1.734,1.734,85.063,85.063,105.743,135.628,13.292,90.719,40.0,
2026-08-17T14:06:07+0800,110.857,112.355,15.379,temp=53.2'C,throttled=0x0,15.0,1.999,114.364,145.397,400.933,0,1.734,1.734,85.063,85.063,105.743,135.628,13.289,90.924,40.0,
2026-08-17T14:06:08+0800,110.617,112.254,15.379,temp=52.6'C,throttled=0x0,15.0,1.999,114.251,145.397,459.433,0,1.734,1.734,85.063,85.063,105.743,135.628,13.289,90.924,40.0,
2026-08-17T14:06:09+0800,102.452,109.105,15.379,temp=53.2'C,throttled=0x0,15.0,1.998,113.786,145.743,426.066,0,1.734,1.734,85.063,85.063,105.743,135.628,13.291,91.336,40.0,
2026-08-17T14:06:10+0800,102.421,108.957,15.379,temp=53.7'C,throttled=0x0,15.0,1.999,112.944,145.743,474.715,0,1.734,1.734,85.063,85.063,105.743,135.628,13.308,91.336,40.0,
2026-08-17T14:06:11+0800,102.523,109.086,15.379,temp=53.7'C,throttled=0x0,15.0,1.999,113.453,145.743,454.188,0,1.734,1.734,85.063,85.063,105.743,135.628,13.307,91.336,40.0,
2026-08-17T14:06:12+0800,102.102,109.137,15.379,temp=53.2'C,throttled=0x0,15.0,1.998,113.786,145.743,45.057,0,1.734,1.734,85.063,85.063,105.743,135.628,13.279,91.336,40.0,
2026-08-17T14:06:13+0800,103.472,109.086,15.379,temp=53.2'C,throttled=0x0,15.0,1.998,113.811,145.743,16.868,0,1.734,1.734,85.063,85.063,105.743,135.628,13.284,91.189,40.0,
2026-08-17T14:06:14+0800,101.508,108.984,15.379,temp=52.6'C,throttled=0x0,15.0,1.998,113.811,145.743,47.995,0,1.734,1.734,85.063,85.063,105.743,135.628,13.299,90.719,40.0,
2026-08-17T14:06:15+0800,103.475,109.242,15.379,temp=53.7'C,throttled=0x0,15.0,1.998,113.811,145.743,96.967,0,1.734,1.734,85.063,85.063,105.743,135.628,13.307,90.663,40.0,
2026-08-17T14:06:16+0800,106.308,108.93,15.379,temp=53.2'C,throttled=0x0,15.0,1.998,113.811,145.743,78.8,0,1.734,1.734,85.063,85.063,105.743,135.628,13.296,90.719,40.0,
2026-08-17T14:06:17+0800,103.415,109.117,15.379,temp=53.7'C,throttled=0x0,15.0,1.998,113.811,145.743,64.02,0,1.734,1.734,85.063,85.063,105.743,135.628,13.3,90.663,40.0,
2026-08-17T14:06:18+0800,102.252,109.094,15.379,temp=53.2'C,throttled=0x0,15.0,1.998,113.811,145.743,95.665,0,1.734,1.734,85.063,85.063,105.743,135.628,13.301,90.663,40.0,
2026-08-17T14:06:19+0800,103.547,109.02,15.379,temp=53.7'C,throttled=0x0,15.0,1.999,113.811,145.743,149.613,0,1.734,1.734,85.063,85.063,105.743,135.628,13.294,90.719,40.0,
2026-08-17T14:06:20+0800,100.48,109.02,15.379,temp=53.2'C,throttled=0x0,15.0,1.999,113.811,145.743,121.346,0,1.734,1.734,85.063,85.063,105.743,135.628,13.298,90.663,40.0,
2026-08-17T14:06:21+0800,108.427,109.043,15.379,temp=53.2'C,throttled=0x0,15.0,1.998,113.811,145.743,112.119,0,1.734,1.734,85.063,85.063,105.743,135.628,13.291,90.719,40.0,
2026-08-17T14:06:22+0800,102.511,109.09,15.379,temp=53.2'C,throttled=0x0,15.0,1.998,113.811,145.743,150.14,0,1.734,1.734,85.063,85.063,105.743,135.628,13.299,90.663,40.0,
2026-08-17T14:06:23+0800,99.594,109.039,15.379,temp=52.6'C,throttled=0x0,15.0,1.998,113.811,145.743,193.862,0,1.734,1.734,85.063,85.063,105.743,135.628,13.31,88.956,40.0,
2026-08-17T14:06:24+0800,102.418,109.07,15.379,temp=53.2'C,throttled=0x0,15.0,1.998,113.811,145.743,166.967,0,1.734,1.734,85.063,85.063,105.743,135.628,13.31,89.472,40.0,
2026-08-17T14:06:25+0800,104.121,108.977,15.379,temp=53.7'C,throttled=0x0,15.0,1.998,113.811,145.743,198.293,0,1.734,1.734,85.063,85.063,105.743,135.628,13.34,88.199,40.0,
2026-08-17T14:06:26+0800,102.519,109.113,15.379,temp=53.2'C,throttled=0x0,15.0,1.998,114.364,145.743,184.713,0,1.734,1.734,85.063,85.063,105.743,135.628,13.323,88.199,40.0,
2026-08-17T14:06:27+0800,101.547,109.117,15.379,temp=53.2'C,throttled=0x0,15.0,1.998,114.364,145.743,236.009,0,1.734,1.734,85.063,85.063,105.743,135.628,13.333,88.199,40.0,
2026-08-17T14:06:28+0800,104.363,109.039,15.379,temp=53.2'C,throttled=0x0,15.0,1.998,114.364,145.743,273.015,0,1.734,1.734,85.063,85.063,105.743,135.628,13.332,88.143,40.0,
2026-08-17T14:06:29+0800,102.447,109.074,15.379,temp=53.7'C,throttled=0x0,15.0,1.998,114.364,145.743,249.547,0,1.734,1.734,85.063,85.063,105.743,135.628,13.329,88.199,40.0,
2026-08-17T14:06:30+0800,103.496,109.031,15.379,temp=53.7'C,throttled=0x0,15.0,1.999,114.364,145.743,304.166,0,1.734,1.734,85.063,85.063,105.743,135.628,13.331,88.199,40.0,
2026-08-17T14:06:31+0800,102.538,108.992,15.379,temp=53.2'C,throttled=0x0,15.0,1.998,113.811,145.743,287.018,0,1.734,1.734,85.063,85.063,105.743,135.628,13.345,88.199,40.0,
2026-08-17T14:06:32+0800,103.418,109.195,15.379,temp=53.2'C,throttled=0x0,15.0,1.998,113.811,145.743,329.134,0,1.734,1.734,85.063,85.063,105.743,135.628,13.343,88.199,40.0,
2026-08-17T14:06:33+0800,100.252,109.094,15.379,temp=53.2'C,throttled=0x0,15.0,1.998,113.811,145.743,313.634,0,1.734,1.734,85.063,85.063,105.743,135.628,13.337,88.21,40.0,
2026-08-17T14:06:34+0800,104.449,109.074,15.379,temp=53.7'C,throttled=0x0,15.0,1.998,113.811,145.743,349.855,0,1.734,1.734,85.063,85.063,105.743,135.628,13.34,88.891,40.0,
2026-08-17T14:06:35+0800,100.574,109.086,15.379,temp=53.2'C,throttled=0x0,15.0,1.998,113.811,145.743,387.581,0,1.734,1.734,85.063,85.063,105.743,135.628,13.352,88.891,40.0,
2026-08-17T14:06:36+0800,103.474,109.07,15.379,temp=53.2'C,throttled=0x0,15.0,1.998,113.786,145.937,378.801,0,1.734,1.734,85.063,85.063,105.743,135.628,13.347,88.891,40.0,
2026-08-17T14:06:37+0800,102.257,109.098,15.379,temp=52.6'C,throttled=0x0,15.0,1.998,114.364,145.937,343.598,0,1.734,1.734,85.063,85.063,105.743,135.628,13.341,88.891,40.0,
2026-08-17T14:06:38+0800,106.603,112.375,15.379,temp=53.7'C,throttled=0x0,15.0,1.998,114.364,145.937,393.484,0,1.734,1.734,85.063,85.063,105.743,135.628,13.342,88.891,40.0,
2026-08-17T14:06:39+0800,113.67,112.277,15.379,temp=53.2'C,throttled=0x0,15.0,1.998,114.364,145.937,374.19,0,1.734,1.734,85.063,85.063,105.743,135.628,13.331,89.192,40.0,
2026-08-17T14:06:40+0800,108.184,109.031,15.379,temp=53.2'C,throttled=0x0,15.0,1.998,113.786,145.743,435.653,0,1.734,1.734,85.063,85.063,105.743,135.628,13.343,89.192,40.0,
2026-08-17T14:06:41+0800,105.469,109.039,15.379,temp=53.2'C,throttled=0x0,15.0,1.998,113.786,145.743,496.107,0,1.734,1.734,85.063,85.063,105.743,135.628,13.318,89.659,40.0,
2026-08-17T14:06:42+0800,101.532,109.016,15.379,temp=53.7'C,throttled=0x0,15.0,1.998,112.944,145.743,505.664,0,1.734,1.734,85.063,85.063,105.743,135.628,13.299,89.659,40.0,
2026-08-17T14:06:43+0800,102.005,109.125,15.379,temp=53.7'C,throttled=0x0,15.0,1.998,112.944,145.743,42.986,0,1.734,1.734,85.063,85.063,105.743,135.628,13.304,89.192,40.0,
2026-08-17T14:06:44+0800,102.45,109.109,15.379,temp=53.2'C,throttled=0x0,15.0,1.998,112.908,145.397,12.58,0,1.734,1.734,85.063,85.063,105.743,135.628,13.3,89.659,40.0,
2026-08-17T14:06:45+0800,102.506,109.176,15.379,temp=53.7'C,throttled=0x0,15.0,1.998,112.908,145.397,65.79,0,1.734,1.734,85.063,85.063,105.743,135.628,13.304,89.696,40.0,
2026-08-17T14:06:46+0800,104.487,108.957,15.379,temp=53.7'C,throttled=0x0,15.0,1.998,112.908,145.397,38.917,0,1.734,1.734,85.063,85.063,105.743,135.628,13.305,89.192,40.0,
2026-08-17T14:06:47+0800,101.415,109.18,15.379,temp=53.2'C,throttled=0x0,15.0,1.998,112.908,145.397,80.216,0,1.734,1.734,85.063,85.063,105.743,135.628,13.305,89.192,40.0,
2026-08-17T14:06:48+0800,103.262,109.094,15.379,temp=53.2'C,throttled=0x0,15.0,1.998,112.908,145.397,76.138,0,1.734,1.734,85.063,85.063,105.743,135.628,13.285,89.643,40.0,
2026-08-17T14:06:49+0800,103.513,109.082,15.379,temp=53.2'C,throttled=0x0,15.0,1.998,112.908,145.397,120.952,0,1.734,1.734,85.063,85.063,105.743,135.628,13.297,89.111,40.0,
2026-08-17T14:06:50+0800,103.526,109.164,15.379,temp=53.2'C,throttled=0x0,15.0,1.998,112.908,145.397,84.409,0,1.734,1.734,85.063,85.063,105.743,135.628,13.31,89.727,40.0,
2026-08-17T14:06:51+0800,102.398,109.125,15.379,temp=53.2'C,throttled=0x0,15.0,1.998,112.908,145.397,93.902,0,1.734,1.734,85.063,85.063,105.743,135.628,13.276,90.0,40.0,
2026-08-17T14:06:52+0800,102.436,109.203,15.379,temp=53.7'C,throttled=0x0,15.0,1.998,112.908,145.397,142.358,0,1.734,1.734,85.063,85.063,105.743,135.628,13.286,90.0,40.0,
2026-08-17T14:06:53+0800,102.346,109.008,15.379,temp=53.7'C,throttled=0x0,15.0,1.998,112.908,145.397,181.164,0,1.734,1.734,85.063,85.063,105.743,135.628,13.284,90.127,40.0,
2026-08-17T14:06:55+0800,104.516,109.156,15.379,temp=53.2'C,throttled=0x0,15.0,1.998,112.908,145.397,164.855,0,1.734,1.734,85.063,85.063,105.743,135.628,13.265,90.127,40.0,
2026-08-17T14:06:56+0800,104.374,109.172,15.379,temp=53.2'C,throttled=0x0,15.0,1.998,112.908,145.397,203.402,0,1.734,1.734,85.063,85.063,105.743,135.628,13.292,90.127,40.0,
2026-08-17T14:06:57+0800,102.496,109.051,15.379,temp=53.7'C,throttled=0x0,15.0,1.998,112.908,145.397,194.986,0,1.734,1.734,85.063,85.063,105.743,135.628,13.27,90.127,40.0,
2026-08-17T14:06:58+0800,104.417,109.086,15.379,temp=53.7'C,throttled=0x0,15.0,1.998,112.908,145.397,185.91,0,1.734,1.734,85.063,85.063,105.743,135.628,13.255,90.127,40.0,
2026-08-17T14:06:59+0800,102.516,109.141,15.379,temp=53.7'C,throttled=0x0,15.0,1.998,112.908,145.397,244.508,0,1.734,1.734,85.063,85.063,105.743,135.628,13.281,89.862,40.0,
2026-08-17T14:07:00+0800,102.494,109.066,15.379,temp=53.2'C,throttled=0x0,15.0,1.999,112.908,145.397,285.403,0,1.734,1.734,85.063,85.063,105.743,135.628,13.289,89.862,40.0,
2026-08-17T14:07:01+0800,103.312,109.164,15.379,temp=53.2'C,throttled=0x0,15.0,1.999,112.908,145.397,247.132,0,1.734,1.734,85.063,85.063,105.743,135.628,13.297,89.643,40.0,
2026-08-17T14:07:02+0800,104.556,109.102,15.379,temp=53.2'C,throttled=0x0,15.0,1.998,112.908,145.397,300.791,0,1.734,1.734,85.063,85.063,105.743,135.628,13.302,89.727,40.0,
2026-08-17T14:07:03+0800,103.393,109.137,15.379,temp=53.2'C,throttled=0x0,15.0,1.999,112.908,145.397,267.149,0,1.734,1.734,85.063,85.063,105.743,135.628,13.305,89.727,40.0,
2026-08-17T14:07:04+0800,101.496,109.133,15.379,temp=53.2'C,throttled=0x0,15.0,1.999,112.908,145.397,306.592,0,1.734,1.734,85.063,85.063,105.743,135.628,13.309,89.643,40.0,
2026-08-17T14:07:05+0800,103.172,109.188,15.379,temp=53.7'C,throttled=0x0,15.0,1.999,112.908,145.243,355.927,0,1.734,1.734,85.063,85.063,105.743,135.628,13.313,88.971,40.0,
2026-08-17T14:07:06+0800,102.485,109.168,15.379,temp=53.7'C,throttled=0x0,15.0,1.999,112.591,145.243,332.665,0,1.734,1.734,85.063,85.063,105.743,135.628,13.316,88.971,40.0,
2026-08-17T14:07:07+0800,105.092,109.195,15.379,temp=53.2'C,throttled=0x0,15.0,1.999,112.591,145.029,375.03,0,1.734,1.734,85.063,85.063,105.743,135.628,13.308,89.862,40.0,
2026-08-17T14:07:08+0800,102.495,109.102,15.379,temp=53.7'C,throttled=0x0,15.0,1.999,112.591,145.021,367.292,0,1.734,1.734,85.063,85.063,105.743,135.628,13.318,90.0,40.0,
2026-08-17T14:07:09+0800,102.808,109.074,15.379,temp=53.2'C,throttled=0x0,15.0,1.999,112.591,144.151,412.609,0,1.734,1.734,85.063,85.063,105.743,135.628,13.315,90.0,40.0,
2026-08-17T14:07:10+0800,108.803,112.336,15.379,temp=53.7'C,throttled=0x0,15.0,1.999,112.944,144.151,373.572,0,1.734,1.734,85.063,85.063,105.743,135.628,13.313,89.862,40.0,
2026-08-17T14:07:11+0800,111.871,112.387,15.379,temp=53.2'C,throttled=0x0,15.0,1.999,113.786,145.021,408.488,0,1.734,1.734,85.063,85.063,105.743,135.628,13.351,88.898,40.0,
2026-08-17T14:07:12+0800,107.617,109.109,15.379,temp=53.7'C,throttled=0x0,15.0,1.999,113.786,145.029,416.7,0,1.734,1.734,85.063,85.063,105.743,135.628,13.323,88.898,40.0,
2026-08-17T14:07:13+0800,104.495,109.102,15.379,temp=53.7'C,throttled=0x0,15.0,1.999,113.786,145.029,467.684,0,1.734,1.734,85.063,85.063,105.743,135.628,13.315,88.898,40.0,
2026-08-17T14:07:14+0800,101.413,109.113,15.379,temp=53.7'C,throttled=0x0,15.0,1.999,113.761,145.029,16.204,0,1.734,1.734,85.063,85.063,105.743,135.628,13.328,88.898,40.0,
2026-08-17T14:07:15+0800,103.462,109.129,15.379,temp=53.2'C,throttled=0x0,15.0,1.999,113.761,145.029,486.393,0,1.734,1.734,85.063,85.063,105.743,135.628,13.324,89.197,40.0,
2026-08-17T14:07:16+0800,103.462,109.129,15.379,temp=53.7'C,throttled=0x0,15.0,1.999,113.761,145.029,25.472,0,1.734,1.734,85.063,85.063,105.743,135.628,13.338,89.26,40.0,
2026-08-17T14:07:17+0800,103.436,109.203,15.379,temp=53.7'C,throttled=0x0,15.0,1.999,113.761,145.029,16.46,0,1.734,1.734,85.063,85.063,105.743,135.628,13.341,89.197,40.0,
2026-08-17T14:07:18+0800,103.508,109.109,15.379,temp=53.2'C,throttled=0x0,15.0,1.999,113.761,145.029,65.83,0,1.734,1.734,85.063,85.063,105.743,135.628,13.344,89.197,40.0,
2026-08-17T14:07:19+0800,103.536,109.172,15.379,temp=53.7'C,throttled=0x0,15.0,1.999,113.761,145.029,95.634,0,1.734,1.734,85.063,85.063,105.743,135.628,13.347,88.898,40.0,
2026-08-17T14:07:20+0800,101.593,109.105,15.379,temp=53.7'C,throttled=0x0,15.0,1.999,113.761,145.029,72.797,0,1.734,1.734,85.063,85.063,105.743,135.628,13.342,89.197,40.0,
2026-08-17T14:07:21+0800,104.506,109.16,15.379,temp=53.7'C,throttled=0x0,15.0,1.999,113.761,145.029,132.552,0,1.734,1.734,85.063,85.063,105.743,135.628,13.345,88.898,40.0,
2026-08-17T14:07:22+0800,102.384,109.098,15.379,temp=52.6'C,throttled=0x0,15.0,1.999,113.761,145.029,131.01,0,1.734,1.734,85.063,85.063,105.743,135.628,13.317,89.26,40.0,
2026-08-17T14:07:23+0800,102.437,109.062,15.379,temp=53.7'C,throttled=0x0,15.0,1.999,113.761,145.029,102.444,0,1.734,1.734,85.063,85.063,105.743,135.628,13.313,89.605,40.0,
2026-08-17T14:07:24+0800,102.377,109.117,15.379,temp=53.2'C,throttled=0x0,15.0,1.999,113.761,145.029,147.761,0,1.734,1.734,85.063,85.063,105.743,135.628,13.317,90.17,40.0,
2026-08-17T14:07:25+0800,104.121,109.109,15.379,temp=53.7'C,throttled=0x0,15.0,1.999,113.761,145.029,156.997,0,1.734,1.734,85.063,85.063,105.743,135.628,13.29,90.83,40.0,
2026-08-17T14:07:26+0800,101.503,109.207,15.379,temp=53.7'C,throttled=0x0,15.0,1.999,113.761,145.029,208.71,0,1.734,1.734,85.063,85.063,105.743,135.628,13.302,90.434,40.0,
2026-08-17T14:07:27+0800,104.466,109.062,15.379,temp=53.7'C,throttled=0x0,15.0,1.999,113.761,145.029,183.856,0,1.734,1.734,85.063,85.063,105.743,135.628,13.295,90.83,40.0,
2026-08-17T14:07:28+0800,103.265,109.211,15.379,temp=53.7'C,throttled=0x0,15.0,1.999,113.761,145.029,177.737,0,1.734,1.734,85.063,85.063,105.743,135.628,13.278,90.953,40.0,
2026-08-17T14:07:29+0800,102.415,109.066,15.379,temp=53.7'C,throttled=0x0,15.0,1.999,113.761,145.029,216.576,0,1.734,1.734,85.063,85.063,105.743,135.628,13.29,90.83,40.0,
2026-08-17T14:07:30+0800,100.575,109.055,15.379,temp=53.2'C,throttled=0x0,15.0,1.999,113.761,145.029,257.591,0,1.734,1.734,85.063,85.063,105.743,135.628,13.289,90.83,40.0,
2026-08-17T14:07:31+0800,101.549,109.031,15.379,temp=53.2'C,throttled=0x0,15.0,1.999,113.761,145.029,228.652,0,1.734,1.734,85.063,85.063,105.743,135.628,13.315,90.83,40.0,
2026-08-17T14:07:32+0800,106.32,109.188,15.379,temp=53.2'C,throttled=0x0,15.0,1.999,113.761,145.029,232.963,0,1.734,1.734,85.063,85.063,105.743,135.628,13.278,91.588,40.0,
2026-08-17T14:07:33+0800,103.48,109.086,15.379,temp=53.7'C,throttled=0x0,15.0,1.999,113.761,145.029,284.739,0,1.734,1.734,85.063,85.063,105.743,135.628,13.278,91.6,40.0,
2026-08-17T14:07:34+0800,100.525,108.953,15.379,temp=53.7'C,throttled=0x0,15.0,1.999,113.761,145.029,335.507,0,1.734,1.734,85.063,85.063,105.743,135.628,13.281,91.588,40.0,
2026-08-17T14:07:35+0800,103.427,109.164,15.379,temp=53.7'C,throttled=0x0,15.0,1.999,113.761,145.029,315.332,0,1.734,1.734,85.063,85.063,105.743,135.628,13.267,91.904,40.0,
2026-08-17T14:07:36+0800,102.289,109.07,15.379,temp=53.2'C,throttled=0x0,15.0,1.999,113.761,145.029,346.813,0,1.734,1.734,85.063,85.063,105.743,135.628,13.283,91.904,40.0,
2026-08-17T14:07:37+0800,104.466,109.082,15.379,temp=53.7'C,throttled=0x0,15.0,1.999,113.761,145.029,330.008,0,1.734,1.734,85.063,85.063,105.743,135.628,13.282,91.904,40.0,
2026-08-17T14:07:38+0800,103.518,109.102,15.379,temp=53.2'C,throttled=0x0,15.0,1.999,113.761,145.029,383.429,0,1.734,1.734,85.063,85.063,105.743,135.628,13.271,91.904,40.0,
2026-08-17T14:07:39+0800,103.453,109.031,15.379,temp=53.2'C,throttled=0x0,15.0,1.999,113.761,145.029,354.654,0,1.734,1.734,85.063,85.063,105.743,135.628,13.268,91.904,40.0,
2026-08-17T14:07:40+0800,101.46,109.145,15.379,temp=53.2'C,throttled=0x0,15.0,1.999,113.761,145.029,393.485,0,1.734,1.734,85.063,85.063,105.743,135.628,13.287,91.923,40.0,
2026-08-17T14:07:41+0800,104.792,110.926,15.379,temp=53.2'C,throttled=0x0,15.0,1.999,113.761,145.029,435.947,0,1.734,1.734,85.063,85.063,105.743,135.628,13.303,91.923,40.0,
2026-08-17T14:07:42+0800,113.419,112.262,15.379,temp=53.2'C,throttled=0x0,15.0,1.999,113.761,145.243,451.0,0,1.734,1.734,85.063,85.063,105.743,135.628,13.271,91.923,40.0,
2026-08-17T14:07:43+0800,110.764,112.172,15.379,temp=53.7'C,throttled=0x0,15.0,1.999,113.761,145.397,412.174,0,1.734,1.734,85.063,85.063,105.743,135.628,13.277,91.764,40.0,
2026-08-17T14:07:44+0800,103.499,108.996,15.379,temp=53.7'C,throttled=0x0,15.0,1.999,113.761,145.743,478.245,0,1.734,1.734,85.063,85.063,105.743,135.628,13.295,91.588,40.0,
2026-08-17T14:07:45+0800,101.448,109.062,15.379,temp=53.7'C,throttled=0x0,15.0,1.999,113.761,145.743,454.918,0,1.734,1.734,85.063,85.063,105.743,135.628,13.292,91.764,40.0,
2026-08-17T14:07:46+0800,103.379,109.18,15.379,temp=53.7'C,throttled=0x0,15.0,1.999,113.761,145.743,491.461,0,1.734,1.734,85.063,85.063,105.743,135.628,13.305,90.789,40.0,
2026-08-17T14:07:47+0800,103.243,108.969,15.379,temp=53.7'C,throttled=0x0,15.0,1.999,114.676,145.743,481.505,0,1.734,1.734,85.063,85.063,105.743,135.628,13.301,90.789,40.0,
2026-08-17T14:07:48+0800,102.462,109.121,15.379,temp=53.7'C,throttled=0x0,15.0,1.999,113.761,145.743,41.207,0,1.734,1.734,85.063,85.063,105.743,135.628,13.29,91.234,40.0,
2026-08-17T14:07:49+0800,103.512,109.195,15.379,temp=53.7'C,throttled=0x0,15.0,1.999,113.761,145.743,19.413,0,1.734,1.734,85.063,85.063,105.743,135.628,13.281,91.234,40.0,
2026-08-17T14:07:50+0800,102.524,109.176,15.379,temp=53.7'C,throttled=0x0,15.0,1.999,113.761,145.743,60.304,0,1.734,1.734,85.063,85.063,105.743,135.628,13.28,90.927,40.0,
2026-08-17T14:07:51+0800,102.342,109.105,15.379,temp=53.7'C,throttled=0x0,15.0,1.999,113.761,145.743,420.182,0,1.734,1.734,85.063,85.063,105.743,135.628,13.313,90.642,40.0,
2026-08-17T14:07:52+0800,105.462,109.078,15.379,temp=53.7'C,throttled=0x0,15.0,1.999,113.761,145.743,88.011,0,1.734,1.734,85.063,85.063,112.861,135.628,13.298,90.076,40.0,
2026-08-17T14:07:53+0800,103.143,109.043,15.379,temp=53.7'C,throttled=0x0,15.0,1.999,113.761,145.743,136.905,0,1.734,1.734,85.063,85.063,112.861,135.628,13.301,90.076,40.0,
2026-08-17T14:07:54+0800,101.496,109.145,15.379,temp=53.7'C,throttled=0x0,15.0,1.999,112.624,145.743,104.007,0,1.734,1.734,85.063,85.063,112.861,135.628,13.314,89.781,40.0,
2026-08-17T14:07:56+0800,103.36,109.113,15.379,temp=53.7'C,throttled=0x0,15.0,1.999,112.624,145.397,153.202,0,1.734,1.734,85.063,85.063,112.861,135.628,13.305,89.781,40.0,
2026-08-17T14:07:57+0800,103.492,109.047,15.379,temp=53.7'C,throttled=0x0,15.0,1.999,112.624,145.254,120.886,0,1.734,1.734,85.063,85.063,112.861,135.628,13.311,89.781,40.0,
2026-08-17T14:07:58+0800,105.365,109.137,15.379,temp=53.2'C,throttled=0x0,15.0,1.999,112.591,145.243,161.191,0,1.734,1.734,85.063,85.063,105.743,135.628,13.309,89.781,40.0,
2026-08-17T14:07:59+0800,101.51,109.105,15.379,temp=53.7'C,throttled=0x0,15.0,1.999,112.624,145.243,160.311,0,1.734,1.734,85.063,85.063,105.743,135.628,13.301,89.781,40.0,
2026-08-17T14:08:00+0800,102.33,109.117,15.379,temp=53.2'C,throttled=0x0,15.0,1.999,112.624,145.243,195.956,0,1.734,1.734,85.063,85.063,105.743,135.628,13.311,89.55,40.0,
2026-08-17T14:08:01+0800,102.464,109.094,15.379,temp=53.7'C,throttled=0x0,15.0,1.999,112.624,145.243,231.071,0,1.734,1.734,85.063,85.063,105.743,135.628,13.319,88.66,40.0,
2026-08-17T14:08:02+0800,102.501,109.105,15.379,temp=53.7'C,throttled=0x0,15.0,1.999,112.624,145.243,202.535,0,1.734,1.734,85.063,85.063,105.743,135.628,13.349,89.229,40.0,
2026-08-17T14:08:03+0800,104.468,109.133,15.379,temp=53.2'C,throttled=0x0,15.0,1.999,112.624,145.243,213.78,0,1.734,1.734,85.063,85.063,105.743,135.628,13.322,89.229,40.0,
2026-08-17T14:08:04+0800,102.455,109.188,15.379,temp=53.7'C,throttled=0x0,15.0,1.999,112.624,145.243,255.876,0,1.734,1.734,85.063,85.063,105.743,135.628,13.323,89.393,40.0,
2026-08-17T14:08:05+0800,101.18,109.094,15.379,temp=53.7'C,throttled=0x0,15.0,1.999,112.624,145.243,293.734,0,1.734,1.734,85.063,85.063,105.743,135.628,13.332,89.229,40.0,
2026-08-17T14:08:06+0800,102.515,109.188,15.379,temp=53.7'C,throttled=0x0,15.0,1.999,112.624,145.254,278.19,0,1.734,1.734,85.063,85.063,105.743,135.628,13.314,89.55,40.0,
2026-08-17T14:08:07+0800,103.454,109.164,15.379,temp=53.7'C,throttled=0x0,15.0,1.999,112.624,145.254,313.994,0,1.734,1.734,85.063,85.063,105.743,135.628,13.333,89.393,40.0,
2026-08-17T14:08:08+0800,103.146,109.129,15.379,temp=53.2'C,throttled=0x0,15.0,1.998,113.761,145.254,497.688,0,1.734,1.734,85.063,85.063,105.743,135.628,13.329,89.05,40.0,
2026-08-17T14:08:09+0800,102.306,109.125,15.379,temp=53.7'C,throttled=0x0,15.0,1.999,113.761,145.254,497.688,0,1.734,1.734,85.063,85.063,105.743,135.628,13.326,89.393,40.0,
2026-08-17T14:08:10+0800,101.275,109.168,15.379,temp=52.6'C,throttled=0x0,15.0,1.999,113.761,145.254,497.688,0,1.734,1.734,85.063,85.063,105.743,135.628,13.326,89.393,40.0,
2026-08-17T14:08:11+0800,101.546,109.195,15.379,temp=52.6'C,throttled=0x0,15.0,1.999,113.761,145.254,497.688,0,1.734,1.734,85.063,85.063,105.743,135.628,13.331,89.393,40.0,
2026-08-17T14:08:12+0800,103.45,109.008,15.379,temp=52.6'C,throttled=0x0,15.0,1.999,113.761,145.254,497.688,0,1.734,1.734,85.063,85.063,105.743,135.628,13.342,89.05,40.0,
2026-08-17T14:08:13+0800,102.374,109.191,15.379,temp=53.2'C,throttled=0x0,15.0,1.998,113.761,145.254,497.688,0,1.734,1.734,85.063,85.063,105.743,135.628,13.339,89.05,40.0,
2026-08-17T14:08:14+0800,106.275,111.23,15.379,temp=53.2'C,throttled=0x0,15.0,1.998,113.761,145.254,408.999,0,1.734,1.734,85.063,85.063,105.743,135.628,13.34,89.05,40.0,
2026-08-17T14:08:15+0800,113.876,112.387,15.379,temp=53.7'C,throttled=0x0,15.0,1.999,113.761,145.243,388.152,0,1.734,1.734,85.063,85.063,105.743,135.628,13.339,89.393,40.0,
2026-08-17T14:08:16+0800,107.357,109.145,15.379,temp=53.2'C,throttled=0x0,15.0,1.999,112.591,145.222,441.667,0,1.734,1.734,85.063,85.063,105.743,135.628,13.337,89.498,40.0,
2026-08-17T14:08:17+0800,102.522,109.238,15.379,temp=53.7'C,throttled=0x0,15.0,1.999,112.591,145.222,460.158,0,1.734,1.734,85.063,85.063,105.743,135.628,13.34,89.498,40.0,
2026-08-17T14:08:18+0800,104.503,109.047,15.379,temp=53.7'C,throttled=0x0,15.0,1.999,112.591,145.222,460.158,0,1.734,1.734,85.063,85.063,105.743,135.628,13.327,89.556,40.0,
2026-08-17T14:08:19+0800,103.199,109.148,15.379,temp=52.6'C,throttled=0x0,15.0,1.999,112.591,145.222,35.444,0,1.734,1.734,85.063,85.063,105.743,135.628,13.327,89.591,40.0,
2026-08-17T14:08:20+0800,103.465,109.227,15.379,temp=53.7'C,throttled=0x0,15.0,1.999,112.068,145.222,1.919,0,1.734,1.734,85.063,85.063,110.98,135.151,13.32,89.781,40.0,
2026-08-17T14:08:21+0800,102.468,109.168,15.379,temp=53.7'C,throttled=0x0,15.0,1.999,112.068,145.029,57.86,0,1.734,1.734,85.063,85.063,110.98,135.151,13.31,90.06,40.0,
2026-08-17T14:08:22+0800,101.541,109.23,15.379,temp=53.2'C,throttled=0x0,15.0,1.999,111.949,145.029,24.72,0,1.734,1.734,85.063,85.063,110.98,135.151,13.343,89.847,40.0,
2026-08-17T14:08:23+0800,107.287,109.156,15.379,temp=53.7'C,throttled=0x0,15.0,1.998,111.949,145.029,472.23,0,1.734,1.734,85.063,85.063,110.98,135.151,13.33,90.06,40.0,
2026-08-17T14:08:24+0800,103.487,109.113,15.379,temp=53.7'C,throttled=0x0,15.0,1.998,111.949,145.029,472.23,0,1.734,1.734,85.063,85.063,110.98,135.151,13.32,90.478,40.0,
2026-08-17T14:08:25+0800,103.52,109.27,15.379,temp=53.7'C,throttled=0x0,15.0,1.999,111.949,145.029,472.23,0,1.734,1.734,85.063,85.063,110.98,135.151,13.327,90.06,40.0,
2026-08-17T14:08:26+0800,101.476,109.176,15.379,temp=53.7'C,throttled=0x0,15.0,1.999,111.949,145.029,472.23,0,1.734,1.734,85.063,85.063,110.98,135.151,13.319,90.478,40.0,
2026-08-17T14:08:27+0800,100.391,109.184,15.379,temp=53.7'C,throttled=0x0,15.0,1.999,111.949,145.029,472.23,0,1.734,1.734,85.063,85.063,110.98,135.151,13.354,90.082,40.0,
2026-08-17T14:08:28+0800,101.488,109.102,15.379,temp=53.7'C,throttled=0x0,15.0,1.999,111.91,145.029,124.223,0,1.734,1.734,85.063,85.063,110.98,135.151,13.334,90.06,40.0,
2026-08-17T14:08:29+0800,103.53,109.242,15.379,temp=53.2'C,throttled=0x0,15.0,1.998,111.91,145.029,149.239,0,1.734,1.734,85.063,85.063,110.98,135.151,13.344,90.06,40.0,
2026-08-17T14:08:30+0800,102.42,109.062,15.379,temp=53.2'C,throttled=0x0,15.0,1.999,111.91,145.029,194.595,0,1.734,1.734,85.063,85.063,110.98,135.151,13.345,89.847,40.0,
2026-08-17T14:08:31+0800,103.43,109.152,15.379,temp=53.7'C,throttled=0x0,15.0,1.999,111.91,144.794,178.108,0,1.734,1.734,85.063,85.063,110.98,135.151,13.339,89.847,40.0,
2026-08-17T14:08:32+0800,104.305,109.117,15.379,temp=53.7'C,throttled=0x0,15.0,1.999,111.516,144.794,210.669,0,1.734,1.734,85.063,85.063,110.98,135.628,13.345,89.847,40.0,
2026-08-17T14:08:33+0800,102.52,109.113,15.379,temp=53.2'C,throttled=0x0,15.0,1.999,111.516,144.151,191.43,0,1.734,1.734,85.063,85.063,110.98,135.628,13.338,89.781,40.0,
2026-08-17T14:08:34+0800,100.557,109.176,15.379,temp=53.2'C,throttled=0x0,15.0,1.999,111.516,144.488,239.14,0,1.734,1.734,85.063,85.063,110.98,135.628,13.346,89.781,40.0,
2026-08-17T14:08:35+0800,103.498,109.18,15.379,temp=52.6'C,throttled=0x0,15.0,1.999,111.516,144.488,211.269,0,1.734,1.734,85.063,85.063,110.98,135.628,13.332,89.847,40.0,
2026-08-17T14:08:36+0800,102.403,109.133,15.379,temp=52.6'C,throttled=0x0,15.0,1.999,111.516,144.488,255.796,0,1.734,1.734,85.063,85.063,110.98,135.628,13.332,89.847,40.0,
2026-08-17T14:08:37+0800,102.438,109.207,15.379,temp=52.6'C,throttled=0x0,15.0,1.999,111.516,144.488,294.493,0,1.734,1.734,85.063,85.063,110.98,135.628,13.358,88.569,40.0,
2026-08-17T14:08:38+0800,102.255,109.191,15.379,temp=52.6'C,throttled=0x0,15.0,1.999,111.516,144.488,298.922,0,1.734,1.734,85.063,85.063,110.98,135.628,13.334,89.609,40.0,
2026-08-17T14:08:39+0800,102.238,109.191,15.379,temp=52.6'C,throttled=0x0,15.0,1.999,111.516,144.794,291.998,0,1.734,1.734,85.063,85.063,110.98,135.628,13.318,89.847,40.0,
2026-08-17T14:08:40+0800,101.444,109.113,15.379,temp=52.6'C,throttled=0x0,15.0,1.999,111.516,144.794,325.563,0,1.734,1.734,85.063,85.063,110.98,135.628,13.332,89.609,40.0,
2026-08-17T14:08:41+0800,103.422,109.238,15.379,temp=52.6'C,throttled=0x0,15.0,1.999,111.949,145.029,300.163,0,1.734,1.734,85.063,85.063,110.98,135.628,13.323,89.609,40.0,
2026-08-17T14:08:42+0800,103.191,109.172,15.379,temp=53.2'C,throttled=0x0,15.0,1.999,111.983,145.029,340.684,0,1.734,1.734,85.063,85.063,110.98,135.628,13.338,88.569,40.0,
2026-08-17T14:08:43+0800,102.518,109.289,15.379,temp=52.6'C,throttled=0x0,15.0,1.999,111.949,145.029,388.991,0,1.734,1.734,85.063,85.063,110.98,135.628,13.346,88.473,40.0,
2026-08-17T14:08:44+0800,107.38,109.227,15.379,temp=53.2'C,throttled=0x0,15.0,1.999,111.516,145.029,389.266,0,1.734,1.734,85.063,85.063,110.98,135.628,13.331,88.988,40.0,
2026-08-17T14:08:45+0800,107.843,112.465,15.379,temp=53.2'C,throttled=0x0,15.0,1.999,111.516,144.794,426.218,0,1.734,1.734,85.063,85.063,110.98,135.628,13.334,88.569,40.0,
2026-08-17T14:08:46+0800,110.574,112.5,15.379,temp=53.2'C,throttled=0x0,15.0,1.999,111.516,144.794,404.875,0,1.734,1.734,85.063,85.063,110.98,135.628,13.324,88.734,40.0,
2026-08-17T14:08:47+0800,107.065,109.09,15.379,temp=53.2'C,throttled=0x0,15.0,1.999,111.516,144.794,457.516,0,1.734,1.734,85.063,85.063,110.98,135.628,13.332,88.988,40.0,
2026-08-17T14:08:48+0800,102.169,109.094,15.379,temp=53.2'C,throttled=0x0,15.0,1.999,111.516,144.794,6.66,0,1.734,1.734,85.063,85.063,110.98,135.628,13.32,89.609,40.0,
2026-08-17T14:08:49+0800,103.167,109.16,15.379,temp=52.6'C,throttled=0x0,15.0,1.999,111.516,144.794,16.817,0,1.734,1.734,85.063,85.063,110.98,135.628,13.29,89.609,40.0,
2026-08-17T14:08:50+0800,101.446,109.191,15.379,temp=53.2'C,throttled=0x0,15.0,1.999,111.516,144.794,482.103,0,1.734,1.734,85.063,85.063,110.98,135.628,13.306,89.609,40.0,
2026-08-17T14:08:51+0800,102.508,109.309,15.379,temp=52.6'C,throttled=0x0,15.0,1.999,111.516,144.794,21.308,0,1.734,1.734,85.063,85.063,110.98,135.628,13.301,89.804,40.0,
2026-08-17T14:08:52+0800,102.465,109.203,15.379,temp=53.7'C,throttled=0x0,15.0,1.999,111.516,144.794,71.384,0,1.734,1.734,85.063,85.063,110.98,135.628,13.301,90.184,40.0,
2026-08-17T14:08:53+0800,104.462,109.207,15.379,temp=52.6'C,throttled=0x0,15.0,1.999,111.516,144.794,39.096,0,1.734,1.734,85.063,85.063,110.98,135.628,13.307,89.804,40.0,
2026-08-17T14:08:54+0800,103.339,109.27,15.379,temp=52.6'C,throttled=0x0,15.0,1.999,111.516,144.794,82.141,0,1.734,1.734,85.063,85.063,110.98,135.628,13.307,89.609,40.0,
2026-08-17T14:08:56+0800,103.462,109.109,15.379,temp=52.1'C,throttled=0x0,15.0,1.998,111.516,144.794,64.135,0,1.734,1.734,85.063,85.063,110.98,135.628,13.297,89.243,40.0,
2026-08-17T14:08:57+0800,101.526,109.172,15.379,temp=52.6'C,throttled=0x0,15.0,1.999,111.516,144.794,103.578,0,1.734,1.734,85.063,85.063,110.98,135.628,13.295,89.609,40.0,
2026-08-17T14:08:58+0800,103.194,109.18,15.379,temp=52.6'C,throttled=0x0,15.0,1.998,111.516,144.794,135.096,0,1.734,1.734,85.063,85.063,110.98,135.628,13.35,88.734,40.0,
2026-08-17T14:08:59+0800,103.071,109.234,15.379,temp=52.6'C,throttled=0x0,15.0,1.999,111.516,144.794,117.569,0,1.734,1.734,85.063,85.063,110.98,135.628,13.334,88.59,40.0,
2026-08-17T14:09:00+0800,103.188,109.207,15.379,temp=52.6'C,throttled=0x0,15.0,1.999,111.516,144.794,174.123,0,1.734,1.734,85.063,85.063,110.98,135.628,13.33,88.734,40.0,
2026-08-17T14:09:01+0800,103.47,109.168,15.379,temp=53.2'C,throttled=0x0,15.0,1.999,111.516,144.488,145.702,0,1.734,1.734,85.063,85.063,110.98,135.628,13.334,88.734,40.0,
2026-08-17T14:09:02+0800,102.464,109.121,15.379,temp=52.6'C,throttled=0x0,15.0,1.998,111.516,144.488,185.268,0,1.734,1.734,85.063,85.063,110.98,135.628,13.331,88.734,40.0,
2026-08-17T14:09:03+0800,102.184,109.234,15.379,temp=53.2'C,throttled=0x0,15.0,1.999,111.516,144.024,157.204,0,1.734,1.734,85.063,85.063,110.98,135.628,13.332,88.734,40.0,
2026-08-17T14:09:04+0800,102.429,109.223,15.379,temp=52.1'C,throttled=0x0,15.0,1.999,111.516,144.024,202.858,0,1.734,1.734,85.063,85.063,110.98,135.628,13.353,88.59,40.0,
2026-08-17T14:09:05+0800,104.275,109.219,15.375,temp=52.6'C,throttled=0x0,15.0,1.999,111.516,144.024,191.505,0,1.734,1.734,85.063,85.063,110.98,135.628,13.341,88.494,40.0,
2026-08-17T14:09:06+0800,102.536,109.184,15.375,temp=52.1'C,throttled=0x0,15.0,1.998,111.949,144.024,231.266,0,1.734,1.734,85.063,85.063,110.98,135.628,13.351,88.463,40.0,
2026-08-17T14:09:07+0800,103.124,109.105,15.375,temp=52.6'C,throttled=0x0,15.0,1.999,111.983,144.024,283.864,0,1.734,1.734,85.063,85.063,110.98,135.628,13.345,88.494,40.0,
2026-08-17T14:09:08+0800,102.222,109.082,15.375,temp=52.6'C,throttled=0x0,15.0,1.999,111.983,144.024,267.267,0,1.734,1.734,85.063,85.063,110.98,135.628,13.344,88.463,40.0,
2026-08-17T14:09:09+0800,104.424,109.145,15.375,temp=52.1'C,throttled=0x0,15.0,1.999,111.983,144.488,301.886,0,1.734,1.734,85.063,85.063,110.98,135.628,13.365,88.59,40.0,
2026-08-17T14:09:10+0800,107.412,109.273,15.375,temp=52.6'C,throttled=0x0,15.0,1.999,111.983,144.794,287.429,0,1.734,1.734,85.063,85.063,110.98,135.628,13.354,89.121,40.0,
2026-08-17T14:09:11+0800,101.412,109.172,15.375,temp=52.1'C,throttled=0x0,15.0,1.999,112.624,144.794,464.732,0,1.734,1.734,85.063,85.063,110.98,135.628,13.351,89.121,40.0,
2026-08-17T14:09:12+0800,102.551,109.375,15.375,temp=52.6'C,throttled=0x0,15.0,1.999,112.624,144.794,459.106,0,1.734,1.734,85.063,85.063,112.861,139.371,13.338,89.171,40.0,
2026-08-17T14:09:13+0800,101.5,109.23,15.375,temp=52.1'C,throttled=0x0,15.0,1.999,112.624,144.794,459.106,0,1.734,1.734,85.063,85.063,112.861,139.371,13.346,89.243,40.0,
2026-08-17T14:09:14+0800,101.514,109.129,15.375,temp=52.6'C,throttled=0x0,15.0,1.998,112.624,144.794,459.106,0,1.734,1.734,85.063,85.063,112.861,139.371,13.344,89.171,40.0,
2026-08-17T14:09:15+0800,104.446,109.246,15.375,temp=52.6'C,throttled=0x0,15.0,1.999,112.624,144.794,459.106,0,1.734,1.734,85.063,85.063,112.861,139.371,13.339,89.39,40.0,
2026-08-17T14:09:16+0800,103.121,110.117,15.375,temp=52.1'C,throttled=0x0,15.0,1.999,112.624,144.794,459.106,0,1.734,1.734,85.063,85.063,112.861,139.371,13.332,89.39,40.0,
2026-08-17T14:09:17+0800,108.658,112.332,15.375,temp=52.6'C,throttled=0x0,15.0,1.999,112.624,144.794,459.106,0,1.734,1.734,85.063,85.063,112.861,139.371,13.331,89.39,40.0,
2026-08-17T14:09:18+0800,110.384,112.449,15.375,temp=53.2'C,throttled=0x0,15.0,1.999,112.624,144.794,464.987,0,1.734,1.734,85.063,85.063,112.861,139.371,13.335,89.515,40.0,
2026-08-17T14:09:19+0800,105.272,109.184,15.375,temp=52.6'C,throttled=0x0,15.0,1.999,112.624,144.794,445.887,0,1.734,1.734,85.063,85.063,110.98,139.371,13.327,90.673,40.0,
2026-08-17T14:09:20+0800,101.512,109.246,15.375,temp=53.2'C,throttled=0x0,15.0,1.999,112.624,144.794,13.223,0,1.734,1.734,85.063,85.063,110.98,139.371,13.309,90.673,40.0,
2026-08-17T14:09:21+0800,102.032,109.25,15.375,temp=52.6'C,throttled=0x0,15.0,1.999,112.624,144.794,479.865,0,1.734,1.734,85.063,85.063,110.98,139.371,13.322,90.062,40.0,
2026-08-17T14:09:22+0800,103.484,109.297,15.375,temp=52.6'C,throttled=0x0,15.0,1.999,112.624,144.794,32.146,0,1.734,1.734,85.063,85.063,110.98,139.371,13.308,89.955,40.0,
2026-08-17T14:09:23+0800,103.495,109.273,15.375,temp=52.1'C,throttled=0x0,15.0,1.999,112.624,144.794,65.058,0,1.734,1.734,85.063,85.063,110.98,139.371,13.317,89.955,40.0,
2026-08-17T14:09:24+0800,102.507,109.289,15.375,temp=52.6'C,throttled=0x0,15.0,1.999,112.624,144.794,25.415,0,1.734,1.734,85.063,85.063,110.98,139.371,13.338,89.515,40.0,
2026-08-17T14:09:25+0800,102.53,109.348,15.375,temp=52.6'C,throttled=0x0,15.0,1.999,112.624,144.794,40.782,0,1.734,1.734,85.063,85.063,110.98,139.371,13.306,89.955,40.0,
2026-08-17T14:09:26+0800,101.434,109.277,15.375,temp=52.1'C,throttled=0x0,15.0,1.999,112.624,144.794,71.804,0,1.734,1.734,85.063,85.063,110.98,139.371,13.313,89.515,40.0,
2026-08-17T14:09:27+0800,101.212,109.211,15.375,temp=52.6'C,throttled=0x0,15.0,1.999,112.624,144.794,114.201,0,1.734,1.734,85.063,85.063,110.98,139.371,13.322,89.515,40.0,
2026-08-17T14:09:28+0800,101.543,109.223,15.375,temp=52.6'C,throttled=0x0,15.0,1.999,112.624,144.794,91.5,0,1.734,1.734,85.063,85.063,110.98,139.371,13.312,90.062,40.0,
2026-08-17T14:09:29+0800,103.539,109.27,15.375,temp=52.6'C,throttled=0x0,15.0,1.998,112.624,144.794,131.767,0,1.734,1.734,85.063,85.063,110.98,139.371,13.323,89.051,40.0,
2026-08-17T14:09:30+0800,103.339,109.281,15.375,temp=52.6'C,throttled=0x0,15.0,1.998,112.624,144.794,114.499,0,1.734,1.734,85.063,85.063,110.98,139.371,13.314,88.86,40.0,
2026-08-17T14:09:31+0800,103.467,109.422,15.375,temp=52.6'C,throttled=0x0,15.0,1.998,112.624,144.794,156.984,0,1.734,1.734,85.063,85.063,110.98,139.371,13.344,88.403,40.0,
2026-08-17T14:09:32+0800,102.475,109.281,15.375,temp=51.5'C,throttled=0x0,15.0,1.998,112.624,144.794,138.81,0,1.734,1.734,85.063,85.063,110.98,139.371,13.323,88.86,40.0,
2026-08-17T14:09:33+0800,101.5,109.383,15.375,temp=52.6'C,throttled=0x0,15.0,1.998,112.624,145.222,179.517,0,1.734,1.734,85.063,85.063,110.98,139.371,13.332,88.403,40.0,
2026-08-17T14:09:34+0800,102.462,109.227,15.375,temp=52.1'C,throttled=0x0,15.0,1.998,112.624,145.222,211.308,0,1.734,1.734,85.063,85.063,110.98,139.371,13.359,88.403,40.0,
2026-08-17T14:09:35+0800,108.209,109.281,15.375,temp=52.6'C,throttled=0x0,15.0,1.998,112.624,145.254,217.739,0,1.734,1.734,85.063,85.063,110.98,139.371,13.331,88.86,40.0,
2026-08-17T14:09:36+0800,102.493,109.332,15.375,temp=52.6'C,throttled=0x0,15.0,1.998,112.624,145.254,181.778,0,1.734,1.734,85.063,85.063,110.98,139.371,13.335,88.466,40.0,
2026-08-17T14:09:37+0800,103.48,109.242,15.375,temp=52.1'C,throttled=0x0,15.0,1.998,112.624,145.254,219.785,0,1.734,1.734,85.063,85.063,110.98,139.371,13.34,88.466,40.0,
2026-08-17T14:09:38+0800,103.345,109.242,15.375,temp=52.6'C,throttled=0x0,15.0,1.998,112.624,145.254,272.41,0,1.734,1.734,85.063,85.063,110.98,139.371,13.341,88.403,40.0,
2026-08-17T14:09:39+0800,104.317,109.348,15.375,temp=52.6'C,throttled=0x0,15.0,1.998,112.624,145.254,230.593,0,1.734,1.734,85.063,85.063,110.98,139.371,13.354,88.403,40.0,
2026-08-17T14:09:40+0800,104.446,109.344,15.375,temp=52.1'C,throttled=0x0,15.0,1.998,112.624,145.222,233.926,0,1.734,1.734,85.063,85.063,110.98,139.371,13.339,88.403,40.0,
2026-08-17T14:09:41+0800,102.445,109.305,15.375,temp=52.6'C,throttled=0x0,15.0,1.998,111.983,145.205,281.134,0,1.734,1.734,85.063,85.063,110.98,139.371,13.336,88.403,40.0,
2026-08-17T14:09:42+0800,102.448,109.316,15.375,temp=52.1'C,throttled=0x0,15.0,1.998,111.949,144.794,327.699,0,1.734,1.734,85.063,85.063,110.98,139.371,13.327,88.403,40.0,
2026-08-17T14:09:43+0800,103.359,109.43,15.375,temp=52.6'C,throttled=0x0,15.0,1.998,111.949,144.794,300.859,0,1.734,1.734,85.063,85.063,110.98,139.371,13.326,88.531,40.0,
2026-08-17T14:09:44+0800,99.522,109.285,15.375,temp=52.6'C,throttled=0x0,15.0,1.999,111.949,144.794,345.059,0,1.734,1.734,85.063,85.063,110.98,139.371,13.349,88.466,40.0,
2026-08-17T14:09:45+0800,103.49,109.449,15.375,temp=52.6'C,throttled=0x0,15.0,1.999,111.983,144.794,356.36,0,1.734,1.734,85.063,85.063,110.98,139.371,13.317,88.531,40.0,
2026-08-17T14:09:46+0800,101.562,109.465,15.375,temp=51.5'C,throttled=0x0,15.0,1.998,111.983,144.794,391.634,0,1.734,1.734,85.063,85.063,110.98,139.371,13.32,88.466,40.0,
2026-08-17T14:09:47+0800,100.154,109.453,15.375,temp=52.1'C,throttled=0x0,15.0,1.998,111.983,144.794,365.045,0,1.734,1.734,85.063,85.063,110.98,139.371,13.322,88.466,40.0,
2026-08-17T14:09:48+0800,104.012,110.441,15.375,temp=52.1'C,throttled=0x0,15.0,1.998,111.983,144.794,409.44,0,1.734,1.734,85.063,85.063,110.98,139.371,13.317,88.531,40.0,
2026-08-17T14:09:49+0800,110.51,112.66,15.375,temp=52.6'C,throttled=0x0,15.0,1.999,111.983,144.794,380.266,0,1.734,1.734,85.063,85.063,110.98,139.371,13.328,89.255,40.0,
2026-08-17T14:09:50+0800,109.645,112.695,15.375,temp=52.6'C,throttled=0x0,15.0,1.999,111.983,144.794,442.72,0,1.734,1.734,85.063,85.063,110.98,139.371,13.315,89.255,40.0,
2026-08-17T14:09:51+0800,104.907,109.43,15.375,temp=52.6'C,throttled=0x0,15.0,1.998,111.516,144.794,2.281,0,1.734,1.734,85.063,85.063,110.98,139.371,13.312,88.544,40.0,
2026-08-17T14:09:52+0800,103.2,109.484,15.375,temp=52.6'C,throttled=0x0,15.0,1.998,111.516,144.794,470.307,0,1.734,1.734,85.063,85.063,110.98,139.371,13.31,88.544,40.0,
2026-08-17T14:09:53+0800,101.438,109.449,15.375,temp=52.6'C,throttled=0x0,15.0,1.998,111.516,144.794,14.447,0,1.734,1.734,85.063,85.063,110.98,139.371,13.307,88.544,40.0,
2026-08-17T14:09:54+0800,102.463,109.445,15.375,temp=52.6'C,throttled=0x0,15.0,1.998,111.516,144.794,10.304,0,1.734,1.734,85.063,85.063,110.98,139.371,13.316,89.13,40.0,
2026-08-17T14:09:55+0800,107.468,109.418,15.375,temp=52.6'C,throttled=0x0,15.0,1.998,111.516,145.205,69.276,0,1.734,1.734,85.063,85.063,110.98,139.371,13.302,89.382,40.0,
2026-08-17T14:09:57+0800,103.388,109.492,15.375,temp=52.6'C,throttled=0x0,15.0,1.998,111.516,145.205,32.409,0,1.734,1.734,85.063,85.063,110.98,139.371,13.301,89.255,40.0,
2026-08-17T14:09:58+0800,103.309,109.484,15.375,temp=52.6'C,throttled=0x0,15.0,1.998,111.516,145.205,81.043,0,1.734,1.734,85.063,85.063,110.98,139.371,13.302,90.024,40.0,
2026-08-17T14:09:59+0800,102.475,109.5,15.375,temp=52.6'C,throttled=0x0,15.0,1.998,111.516,145.205,51.958,0,1.734,1.734,85.063,85.063,110.98,139.371,13.297,90.024,40.0,
2026-08-17T14:10:00+0800,101.507,109.59,15.375,temp=52.6'C,throttled=0x0,15.0,1.999,111.516,145.205,93.554,0,1.734,1.734,85.063,85.063,110.98,139.371,13.319,90.024,40.0,
2026-08-17T14:10:01+0800,104.379,109.465,15.375,temp=52.1'C,throttled=0x0,15.0,1.998,111.516,145.205,91.034,0,1.734,1.734,85.063,85.063,110.98,139.371,13.309,90.024,40.0,
2026-08-17T14:10:02+0800,102.268,109.629,15.375,temp=52.6'C,throttled=0x0,15.0,1.999,111.516,145.205,147.67,0,1.734,1.734,85.063,85.063,110.98,139.371,13.296,90.105,40.0,
2026-08-17T14:10:03+0800,102.501,109.496,15.375,temp=53.2'C,throttled=0x0,15.0,1.998,111.516,145.205,117.305,0,1.734,1.734,85.063,85.063,110.98,139.371,13.293,90.024,40.0,
2026-08-17T14:10:04+0800,103.509,109.527,15.375,temp=52.1'C,throttled=0x0,15.0,1.999,111.516,145.205,159.676,0,1.734,1.734,85.063,85.063,110.98,139.371,13.299,90.105,40.0,
2026-08-17T14:10:05+0800,102.45,109.379,15.375,temp=52.6'C,throttled=0x0,15.0,1.999,111.516,145.205,140.186,0,1.734,1.734,85.063,85.063,110.98,139.371,13.32,90.024,40.0,
2026-08-17T14:10:06+0800,103.311,109.484,15.375,temp=52.6'C,throttled=0x0,15.0,1.998,111.516,145.205,190.084,0,1.734,1.734,85.063,85.063,110.98,139.371,13.319,90.024,40.0,
2026-08-17T14:10:07+0800,102.462,109.473,15.375,temp=52.1'C,throttled=0x0,15.0,1.999,111.516,145.205,174.71,0,1.734,1.734,85.063,85.063,110.98,139.371,13.302,90.105,40.0,
2026-08-17T14:10:08+0800,101.56,109.5,15.375,temp=52.1'C,throttled=0x0,15.0,1.999,111.516,145.205,218.611,0,1.734,1.734,85.063,85.063,110.98,139.371,13.323,90.105,40.0,
2026-08-17T14:10:09+0800,101.192,109.473,15.375,temp=52.6'C,throttled=0x0,15.0,1.999,111.516,145.205,258.383,0,1.734,1.734,85.063,85.063,110.98,139.371,13.325,90.024,40.0,
2026-08-17T14:10:10+0800,102.418,109.379,15.375,temp=52.6'C,throttled=0x0,15.0,1.999,111.516,145.205,221.911,0,1.734,1.734,85.063,85.063,110.98,139.371,13.33,90.024,40.0,
2026-08-17T14:10:11+0800,104.1,109.52,15.375,temp=52.6'C,throttled=0x0,15.0,1.999,111.516,145.222,285.417,0,1.734,1.734,85.063,85.063,110.98,139.371,13.322,90.352,40.0,
2026-08-17T14:10:12+0800,102.493,109.523,15.375,temp=52.6'C,throttled=0x0,15.0,1.999,111.516,145.254,251.87,0,1.734,1.734,85.063,85.063,110.98,139.371,13.33,90.352,40.0,
2026-08-17T14:10:13+0800,102.543,109.504,15.375,temp=52.1'C,throttled=0x0,15.0,1.999,111.516,145.222,296.891,0,1.734,1.734,85.063,85.063,110.98,139.371,13.323,90.352,40.0,
2026-08-17T14:10:14+0800,102.491,109.441,15.375,temp=52.6'C,throttled=0x0,15.0,1.999,111.516,145.205,282.137,0,1.734,1.734,85.063,85.063,110.98,139.371,13.326,90.105,40.0,
2026-08-17T14:10:15+0800,101.451,109.543,15.375,temp=52.6'C,throttled=0x0,15.0,1.999,110.836,144.915,320.279,0,1.734,1.734,85.063,85.063,110.98,139.371,13.339,89.962,40.0,
2026-08-17T14:10:16+0800,106.463,109.555,15.375,temp=52.6'C,throttled=0x0,15.0,1.998,110.836,144.488,287.182,0,1.734,1.734,85.063,85.063,110.98,139.371,13.325,90.105,40.0,
2026-08-17T14:10:17+0800,104.46,109.441,15.375,temp=52.6'C,throttled=0x0,15.0,1.999,110.836,144.024,363.182,0,1.734,1.734,85.063,85.063,110.98,139.371,13.323,90.105,40.0,
2026-08-17T14:10:18+0800,100.551,109.465,15.375,temp=52.6'C,throttled=0x0,15.0,1.999,110.836,144.024,336.776,0,1.734,1.734,85.063,85.063,110.98,139.371,13.321,90.105,40.0,
2026-08-17T14:10:19+0800,103.372,109.52,15.375,temp=51.5'C,throttled=0x0,15.0,1.999,110.836,144.024,369.467,0,1.734,1.734,85.063,85.063,110.98,139.371,13.321,90.105,40.0,
2026-08-17T14:10:20+0800,104.033,110.566,15.375,temp=52.1'C,throttled=0x0,15.0,1.998,110.836,144.024,414.807,0,1.734,1.734,85.063,85.063,110.98,139.371,13.344,90.105,40.0,
2026-08-17T14:10:21+0800,109.976,112.691,15.375,temp=52.6'C,throttled=0x0,15.0,1.999,110.836,144.024,408.509,0,1.734,1.734,85.063,85.063,110.98,139.371,13.331,90.113,40.0,
2026-08-17T14:10:22+0800,111.748,112.785,15.375,temp=52.6'C,throttled=0x0,15.0,1.999,110.836,144.024,466.039,0,1.734,1.734,85.063,85.063,110.98,139.371,13.323,90.352,40.0,
2026-08-17T14:10:23+0800,105.151,109.59,15.375,temp=52.6'C,throttled=0x0,15.0,1.999,110.836,144.024,440.452,0,1.734,1.734,85.063,85.063,110.98,139.371,13.318,90.558,40.0,
2026-08-17T14:10:24+0800,101.483,109.578,15.375,temp=52.1'C,throttled=0x0,15.0,1.999,110.836,144.024,5.83,0,1.734,1.734,85.063,85.063,110.98,139.371,13.308,90.558,40.0,
2026-08-17T14:10:25+0800,103.216,109.465,15.375,temp=52.6'C,throttled=0x0,15.0,1.999,110.836,144.024,461.799,0,1.734,1.734,85.063,85.063,110.98,139.371,13.325,90.113,40.0,
2026-08-17T14:10:26+0800,103.416,109.531,15.375,temp=53.2'C,throttled=0x0,15.0,1.999,110.836,144.024,37.865,0,1.734,1.734,85.063,85.063,110.98,139.371,13.316,90.113,40.0,
2026-08-17T14:10:27+0800,102.151,109.598,15.375,temp=52.6'C,throttled=0x0,15.0,1.999,110.836,144.024,22.173,0,1.734,1.734,85.063,85.063,110.98,139.371,13.299,89.962,40.0,
2026-08-17T14:10:28+0800,102.493,109.57,15.375,temp=52.6'C,throttled=0x0,15.0,1.999,110.836,144.024,68.903,0,1.734,1.734,85.063,85.063,110.98,139.371,13.298,90.113,40.0,
2026-08-17T14:10:29+0800,102.385,109.551,15.375,temp=52.6'C,throttled=0x0,15.0,1.999,110.836,144.024,30.104,0,1.734,1.734,85.063,85.063,110.98,139.371,13.3,90.113,40.0,
2026-08-17T14:10:30+0800,103.452,109.57,15.375,temp=52.6'C,throttled=0x0,15.0,1.999,110.836,144.024,76.242,0,1.734,1.734,85.063,85.063,110.98,139.371,13.312,89.962,40.0,
2026-08-17T14:10:31+0800,103.532,109.566,15.375,temp=51.5'C,throttled=0x0,15.0,1.998,110.836,144.024,84.068,0,1.734,1.734,85.063,85.063,110.98,139.371,13.278,90.113,40.0,
2026-08-17T14:10:32+0800,101.455,109.496,15.375,temp=52.6'C,throttled=0x0,15.0,1.999,110.836,144.024,129.033,0,1.734,1.734,85.063,85.063,110.98,139.371,13.286,90.226,40.0,
2026-08-17T14:10:33+0800,103.414,109.512,15.375,temp=52.6'C,throttled=0x0,15.0,1.998,110.836,144.024,104.607,0,1.734,1.734,85.063,85.063,110.98,139.371,13.288,90.226,40.0,
2026-08-17T14:10:34+0800,102.489,109.523,15.375,temp=52.6'C,throttled=0x0,15.0,1.998,110.836,143.773,154.838,0,1.734,1.734,85.063,85.063,110.98,139.371,13.283,90.547,40.0,
2026-08-17T14:10:35+0800,102.57,109.551,15.375,temp=52.6'C,throttled=0x0,15.0,1.999,110.836,143.773,121.59,0,1.734,1.734,85.063,85.063,110.98,139.371,13.295,90.388,40.0,
2026-08-17T14:10:36+0800,104.485,109.57,15.375,temp=52.1'C,throttled=0x0,15.0,1.998,111.983,143.773,159.919,0,1.734,1.734,85.063,85.063,110.98,139.371,13.302,90.388,40.0,
2026-08-17T14:10:37+0800,101.382,109.66,15.375,temp=52.6'C,throttled=0x0,15.0,1.999,111.983,143.773,165.567,0,1.734,1.734,85.063,85.063,110.98,139.371,13.284,90.388,40.0,
2026-08-17T14:10:38+0800,103.189,109.547,15.375,temp=52.6'C,throttled=0x0,15.0,1.998,112.537,143.773,196.167,0,1.734,1.734,85.063,85.063,110.98,139.371,13.29,90.388,40.0,
2026-08-17T14:10:39+0800,101.488,109.469,15.375,temp=52.1'C,throttled=0x0,15.0,1.999,112.537,143.773,242.746,0,1.734,1.734,85.063,85.063,110.98,139.371,13.317,90.375,40.0,
2026-08-17T14:10:40+0800,105.449,109.621,15.375,temp=52.1'C,throttled=0x0,15.0,1.999,112.869,143.773,226.273,0,1.734,1.734,85.063,85.063,110.98,139.371,13.312,90.226,40.0,
2026-08-17T14:10:41+0800,105.394,109.57,15.375,temp=52.1'C,throttled=0x0,15.0,1.999,113.055,144.024,200.42,0,1.734,1.734,85.063,85.063,110.98,139.371,13.295,90.226,40.0,
2026-08-17T14:10:42+0800,104.773,109.559,15.375,temp=52.6'C,throttled=0x0,15.0,1.999,112.869,144.024,249.481,0,1.734,1.734,85.063,85.063,110.98,139.371,13.31,89.857,40.0,
2026-08-17T14:10:43+0800,105.464,109.586,15.375,temp=52.6'C,throttled=0x0,15.0,1.999,113.055,144.024,301.837,0,1.734,1.734,85.063,85.063,110.98,139.371,13.306,89.857,40.0,
2026-08-17T14:10:44+0800,101.229,109.594,15.375,temp=52.6'C,throttled=0x0,15.0,1.999,112.869,144.024,280.337,0,1.734,1.734,85.063,85.063,110.98,139.371,13.307,89.912,40.0,
2026-08-17T14:10:45+0800,104.494,109.574,15.375,temp=52.6'C,throttled=0x0,15.0,1.999,112.869,144.024,320.45,0,1.734,1.734,85.063,85.063,110.98,139.371,13.325,89.857,40.0,
2026-08-17T14:10:46+0800,102.466,109.555,15.375,temp=52.1'C,throttled=0x0,15.0,1.999,112.869,144.024,314.392,0,1.734,1.734,85.063,85.063,110.98,139.371,13.313,89.912,40.0,
2026-08-17T14:10:47+0800,103.428,109.531,15.375,temp=52.6'C,throttled=0x0,15.0,1.999,112.869,144.024,356.363,0,1.734,1.734,85.063,85.063,110.98,139.371,13.314,89.857,40.0,
2026-08-17T14:10:48+0800,101.526,109.512,15.375,temp=52.6'C,throttled=0x0,15.0,1.999,112.537,143.773,324.554,0,1.734,1.734,85.063,85.063,110.98,139.371,13.315,89.836,40.0,
2026-08-17T14:10:49+0800,101.522,109.559,15.375,temp=52.6'C,throttled=0x0,15.0,1.999,112.537,143.773,365.922,0,1.734,1.734,85.063,85.063,110.98,139.371,13.323,89.659,40.0,
2026-08-17T14:10:50+0800,103.11,109.504,15.375,temp=53.2'C,throttled=0x0,15.0,1.999,112.537,143.773,397.351,0,1.734,1.734,85.063,85.063,110.98,139.371,13.347,89.453,40.0,
2026-08-17T14:10:51+0800,103.959,111.438,15.375,temp=52.1'C,throttled=0x0,15.0,1.999,112.537,143.773,390.144,0,1.734,1.734,85.063,85.063,110.98,139.371,13.337,89.238,40.0,
2026-08-17T14:10:52+0800,112.656,112.766,15.375,temp=52.1'C,throttled=0x0,15.0,1.999,112.537,143.773,447.499,0,1.734,1.734,85.063,85.063,110.98,139.371,13.333,89.238,40.0,
2026-08-17T14:10:53+0800,110.818,109.613,15.375,temp=52.6'C,throttled=0x0,15.0,1.999,112.537,143.057,415.443,0,1.734,1.734,85.063,85.063,110.98,139.371,13.334,88.328,40.0,
2026-08-17T14:10:54+0800,103.48,109.66,15.375,temp=52.1'C,throttled=0x0,15.0,1.999,112.537,143.057,463.891,0,1.734,1.734,85.063,85.063,110.98,139.371,13.327,89.453,40.0,
2026-08-17T14:10:55+0800,102.468,109.621,15.375,temp=52.6'C,throttled=0x0,15.0,1.999,111.983,142.874,455.816,0,1.734,1.734,85.063,85.063,110.98,139.371,13.321,88.328,40.0,
2026-08-17T14:10:57+0800,106.35,109.523,15.375,temp=52.6'C,throttled=0x0,15.0,1.999,111.067,141.237,452.876,0,1.734,1.734,85.063,85.063,110.98,139.371,13.318,89.238,40.0,
2026-08-17T14:10:58+0800,103.357,109.516,15.375,temp=52.6'C,throttled=0x0,15.0,1.999,112.537,141.237,12.696,0,1.734,1.734,85.063,85.063,110.98,139.371,13.301,89.659,40.0,
2026-08-17T14:10:59+0800,103.49,109.551,15.375,temp=52.6'C,throttled=0x0,15.0,1.999,112.869,141.237,57.681,0,1.734,1.734,85.063,85.063,110.98,139.371,13.294,89.238,40.0,
2026-08-17T14:11:00+0800,101.542,109.566,15.375,temp=52.6'C,throttled=0x0,15.0,1.999,112.869,141.237,31.462,0,1.734,1.734,85.063,85.063,110.98,139.371,13.308,89.538,40.0,
2026-08-17T14:11:01+0800,103.45,109.617,15.375,temp=52.6'C,throttled=0x0,15.0,1.999,112.869,141.237,65.906,0,1.734,1.734,85.063,85.063,110.98,139.371,13.32,89.659,40.0,
2026-08-17T14:11:02+0800,105.44,109.52,15.375,temp=52.6'C,throttled=0x0,15.0,1.999,112.869,141.237,46.044,0,1.734,1.734,85.063,85.063,110.98,139.371,13.309,89.538,40.0,
2026-08-17T14:11:03+0800,101.566,109.613,15.375,temp=52.6'C,throttled=0x0,15.0,1.999,112.869,141.237,106.197,0,1.734,1.734,85.063,85.063,110.98,139.371,13.312,89.538,40.0,
2026-08-17T14:11:04+0800,105.432,109.473,15.375,temp=52.6'C,throttled=0x0,15.0,1.999,113.793,141.237,413.903,0,1.734,1.734,85.063,85.063,110.98,139.371,13.304,89.538,40.0,
2026-08-17T14:11:05+0800,100.457,109.699,15.375,temp=52.6'C,throttled=0x0,15.0,1.999,113.793,141.237,413.903,0,1.734,1.734,85.063,85.063,110.98,139.371,13.308,89.238,40.0,
2026-08-17T14:11:06+0800,103.303,109.625,15.375,temp=52.6'C,throttled=0x0,15.0,1.999,112.869,141.237,163.216,0,1.734,1.734,85.063,85.063,105.743,139.371,13.335,89.538,40.0,
2026-08-17T14:11:07+0800,102.223,109.484,15.375,temp=52.6'C,throttled=0x0,15.0,1.999,112.869,141.237,163.361,0,1.734,1.734,85.063,85.063,105.743,139.371,13.298,89.538,40.0,
2026-08-17T14:11:08+0800,104.432,109.613,15.375,temp=52.6'C,throttled=0x0,15.0,1.999,112.869,141.237,145.88,0,1.734,1.734,85.063,85.063,105.743,139.371,13.29,89.538,40.0,
2026-08-17T14:11:09+0800,101.523,109.539,15.375,temp=52.6'C,throttled=0x0,15.0,1.999,112.869,141.237,188.249,0,1.734,1.734,85.063,85.063,105.743,139.371,13.299,89.538,40.0,
2026-08-17T14:11:10+0800,103.24,109.559,15.375,temp=52.1'C,throttled=0x0,15.0,1.999,112.869,141.237,228.186,0,1.734,1.734,85.063,85.063,105.743,139.371,13.3,89.655,40.0,
2026-08-17T14:11:11+0800,103.491,109.559,15.375,temp=52.6'C,throttled=0x0,15.0,1.999,112.869,141.237,206.357,0,1.734,1.734,85.063,85.063,105.743,139.371,13.304,89.655,40.0,
2026-08-17T14:11:12+0800,102.358,109.59,15.375,temp=52.6'C,throttled=0x0,15.0,1.999,112.869,141.237,254.844,0,1.734,1.734,85.063,85.063,105.743,139.371,13.315,89.373,40.0,
2026-08-17T14:11:13+0800,103.231,109.684,15.375,temp=52.6'C,throttled=0x0,15.0,1.999,112.869,141.237,248.331,0,1.734,1.734,85.063,85.063,105.743,139.371,13.3,89.373,40.0,
2026-08-17T14:11:14+0800,101.244,109.688,15.375,temp=52.6'C,throttled=0x0,15.0,1.999,112.869,141.237,288.688,0,1.734,1.734,85.063,85.063,105.743,139.371,13.301,89.373,40.0,
2026-08-17T14:11:15+0800,102.505,109.527,15.375,temp=52.1'C,throttled=0x0,15.0,1.999,112.869,142.303,265.947,0,1.734,1.734,85.063,85.063,105.743,139.371,13.311,89.417,40.0,
2026-08-17T14:11:16+0800,103.344,109.586,15.375,temp=52.1'C,throttled=0x0,15.0,1.999,113.329,142.303,311.493,0,1.734,1.734,85.063,85.063,105.743,139.371,13.327,89.234,40.0,
2026-08-17T14:11:17+0800,102.175,109.598,15.375,temp=52.6'C,throttled=0x0,15.0,1.999,113.329,142.874,290.937,0,1.734,1.734,85.063,85.063,105.743,139.371,13.327,89.234,40.0,
2026-08-17T14:11:18+0800,103.882,109.605,15.375,temp=52.6'C,throttled=0x0,15.0,1.999,113.793,142.874,345.525,0,1.734,1.734,85.063,85.063,105.743,139.371,13.312,89.417,40.0,
2026-08-17T14:11:19+0800,102.506,109.598,15.375,temp=52.1'C,throttled=0x0,15.0,1.999,113.329,143.057,336.362,0,1.734,1.734,85.063,85.063,105.743,139.371,13.304,89.373,40.0,
2026-08-17T14:11:20+0800,102.482,109.625,15.375,temp=52.6'C,throttled=0x0,15.0,1.999,113.329,143.773,375.259,0,1.734,1.734,85.063,85.063,105.743,139.371,13.309,89.373,40.0,
2026-08-17T14:11:21+0800,101.556,109.441,15.375,temp=52.6'C,throttled=0x0,15.0,1.999,113.329,143.773,338.547,0,1.734,1.734,85.063,85.063,105.743,139.371,13.319,89.373,40.0,
2026-08-17T14:11:22+0800,103.025,109.754,15.375,temp=52.6'C,throttled=0x0,15.0,1.999,113.329,143.773,391.15,0,1.734,1.734,85.063,85.063,105.743,139.371,13.314,89.373,40.0,
2026-08-17T14:11:23+0800,109.09,112.77,15.375,temp=53.2'C,throttled=0x0,15.0,1.999,113.329,143.773,364.082,0,1.734,1.734,85.063,85.063,105.743,139.371,13.317,89.373,40.0,
2026-08-17T14:11:24+0800,115.623,112.715,15.375,temp=52.6'C,throttled=0x0,15.0,1.999,113.329,143.773,406.11,0,1.734,1.734,85.063,85.063,105.743,139.371,13.313,89.373,40.0,
2026-08-17T14:11:25+0800,105.643,109.586,15.375,temp=52.6'C,throttled=0x0,15.0,1.999,112.745,143.057,457.55,0,1.734,1.734,85.063,85.063,105.743,139.371,13.309,89.373,40.0,
2026-08-17T14:11:26+0800,102.521,109.648,15.375,temp=52.1'C,throttled=0x0,15.0,1.999,112.745,142.874,439.94,0,1.734,1.734,85.063,85.063,105.743,139.371,13.333,89.417,40.0,
2026-08-17T14:11:27+0800,102.313,109.602,15.375,temp=52.6'C,throttled=0x0,15.0,1.999,112.745,142.303,499.777,0,1.734,1.734,85.063,85.063,105.743,139.371,13.319,89.655,40.0,
2026-08-17T14:11:28+0800,102.173,109.59,15.375,temp=52.6'C,throttled=0x0,15.0,1.999,112.745,142.303,500.291,0,1.734,1.734,85.063,85.063,105.743,139.371,13.298,90.133,40.0,
2026-08-17T14:11:29+0800,101.491,109.703,15.375,temp=52.6'C,throttled=0x0,15.0,1.999,112.537,142.303,40.623,0,1.734,1.734,85.063,85.063,105.743,139.371,13.304,90.333,40.0,
2026-08-17T14:11:30+0800,100.582,109.664,15.375,temp=52.6'C,throttled=0x0,15.0,1.999,112.537,142.303,76.265,0,1.734,1.734,85.063,85.063,105.743,139.371,13.307,90.648,40.0,
2026-08-17T14:11:31+0800,102.424,109.512,15.375,temp=52.6'C,throttled=0x0,15.0,1.999,112.537,142.303,60.373,0,1.734,1.734,85.063,85.063,105.743,139.371,13.304,90.831,40.0,
2026-08-17T14:11:32+0800,102.344,109.668,15.375,temp=52.6'C,throttled=0x0,15.0,1.998,112.537,142.303,94.515,0,1.734,1.734,85.063,85.063,105.743,139.371,13.315,90.831,40.0,
2026-08-17T14:11:33+0800,104.259,109.59,15.375,temp=52.6'C,throttled=0x0,15.0,1.999,112.537,142.303,82.141,0,1.734,1.734,85.063,85.063,105.743,139.371,13.303,90.831,40.0,
2026-08-17T14:11:34+0800,105.359,109.59,15.375,temp=52.6'C,throttled=0x0,15.0,1.998,112.537,142.303,60.465,0,1.734,1.734,85.063,85.063,105.743,139.371,13.3,90.831,40.0,
2026-08-17T14:11:35+0800,104.404,109.625,15.375,temp=52.6'C,throttled=0x0,15.0,1.998,112.537,142.303,101.657,0,1.734,1.734,85.063,85.063,105.743,139.371,13.311,90.831,40.0,
2026-08-17T14:11:36+0800,103.463,109.652,15.375,temp=52.6'C,throttled=0x0,15.0,1.999,112.537,142.303,147.662,0,1.734,1.734,85.063,85.063,105.743,139.371,13.334,90.367,40.0,
2026-08-17T14:11:37+0800,104.312,109.684,15.375,temp=52.1'C,throttled=0x0,15.0,1.999,112.537,142.547,128.345,0,1.734,1.734,85.063,85.063,105.743,139.371,13.318,90.532,40.0,
2026-08-17T14:11:38+0800,101.35,109.738,15.375,temp=52.6'C,throttled=0x0,15.0,1.999,112.537,142.547,199.679,0,1.734,1.734,85.063,85.063,105.743,139.371,13.323,90.367,40.0,
2026-08-17T14:11:39+0800,102.353,109.605,15.375,temp=51.5'C,throttled=0x0,15.0,1.999,112.537,142.874,163.162,0,1.734,1.734,85.063,85.063,105.743,139.371,13.313,90.532,40.0,
2026-08-17T14:11:40+0800,104.32,109.703,15.375,temp=52.6'C,throttled=0x0,15.0,1.999,112.745,143.057,209.156,0,1.734,1.734,85.063,85.063,105.743,139.371,13.313,90.532,40.0,
2026-08-17T14:11:41+0800,100.566,109.609,15.375,temp=53.2'C,throttled=0x0,15.0,1.999,113.329,143.178,183.992,0,1.734,1.734,85.063,85.063,105.743,139.371,13.327,90.367,40.0,
2026-08-17T14:11:42+0800,103.499,109.625,15.375,temp=52.6'C,throttled=0x0,15.0,1.999,113.329,143.178,216.143,0,1.734,1.734,85.063,85.063,105.743,139.371,13.332,90.367,40.0,
2026-08-17T14:11:43+0800,105.432,109.727,15.375,temp=52.1'C,throttled=0x0,15.0,1.999,113.329,143.057,229.852,0,1.734,1.734,85.063,85.063,105.743,139.371,13.297,90.532,40.0,
2026-08-17T14:11:44+0800,103.365,109.629,15.375,temp=52.6'C,throttled=0x0,15.0,1.999,113.329,142.874,274.33,0,1.734,1.734,85.063,85.063,105.743,139.371,13.303,90.367,40.0,
2026-08-17T14:11:45+0800,103.243,109.781,15.375,temp=52.1'C,throttled=0x0,15.0,1.999,113.329,142.547,252.037,0,1.734,1.734,85.063,85.063,105.743,139.371,13.304,90.367,40.0,
2026-08-17T14:11:46+0800,103.488,109.594,15.375,temp=52.6'C,throttled=0x0,15.0,1.999,113.715,142.547,299.439,0,1.734,1.734,85.063,85.063,105.743,139.371,13.309,90.367,40.0,
2026-08-17T14:11:47+0800,100.554,109.656,15.375,temp=52.6'C,throttled=0x0,15.0,1.999,113.715,142.547,265.008,0,1.734,1.734,85.063,85.063,105.743,139.371,13.323,88.985,40.0,
2026-08-17T14:11:48+0800,107.372,109.609,15.375,temp=52.6'C,throttled=0x0,15.0,1.999,113.715,142.547,319.495,0,1.734,1.734,85.063,85.063,105.743,139.371,13.314,88.985,40.0,
2026-08-17T14:11:49+0800,102.262,109.586,15.375,temp=52.1'C,throttled=0x0,15.0,1.999,113.715,142.547,309.516,0,1.734,1.734,85.063,85.063,105.743,139.371,13.297,88.985,40.0,
2026-08-17T14:11:50+0800,100.511,109.758,15.375,temp=52.6'C,throttled=0x0,15.0,1.999,113.715,142.547,345.142,0,1.734,1.734,85.063,85.063,105.743,139.371,13.316,88.785,40.0,
2026-08-17T14:11:51+0800,101.531,109.668,15.375,temp=53.2'C,throttled=0x0,15.0,1.999,113.715,142.547,322.208,0,1.734,1.734,85.063,85.063,105.743,139.371,13.312,88.785,40.0,
2026-08-17T14:11:52+0800,102.445,109.727,15.375,temp=52.6'C,throttled=0x0,15.0,1.999,113.715,142.547,376.954,0,1.734,1.734,85.063,85.063,105.743,139.371,13.313,88.985,40.0,
2026-08-17T14:11:53+0800,108.204,109.508,15.375,temp=52.6'C,throttled=0x0,15.0,1.999,113.715,142.547,363.965,0,1.734,1.734,85.063,85.063,105.743,139.371,13.308,90.367,40.0,
2026-08-17T14:11:54+0800,104.763,111.543,15.375,temp=52.1'C,throttled=0x0,15.0,1.999,113.715,142.547,395.59,0,1.734,1.734,85.063,85.063,105.743,139.371,13.311,90.367,40.0,
2026-08-17T14:11:55+0800,111.877,112.754,15.375,temp=52.6'C,throttled=0x0,15.0,1.999,113.715,142.547,467.058,0,1.734,1.734,85.063,85.063,105.743,139.371,13.292,89.109,40.0,
2026-08-17T14:11:57+0800,108.141,109.66,15.375,temp=52.6'C,throttled=0x0,15.0,1.999,113.715,142.547,426.064,0,1.734,1.734,85.063,85.063,105.743,139.371,13.318,88.785,40.0,
2026-08-17T14:11:58+0800,102.498,109.625,15.375,temp=52.6'C,throttled=0x0,15.0,1.999,113.329,142.547,475.75,0,1.734,1.734,85.063,85.063,105.743,139.371,13.323,88.985,40.0,
2026-08-17T14:11:59+0800,104.359,109.66,15.375,temp=52.6'C,throttled=0x0,15.0,1.999,113.329,142.547,476.527,0,1.734,1.734,85.063,85.063,105.743,139.371,13.302,88.985,40.0,
2026-08-17T14:12:00+0800,101.371,109.559,15.375,temp=52.6'C,throttled=0x0,15.0,1.999,113.329,142.547,7.732,0,1.734,1.734,85.063,85.063,105.743,139.371,13.311,88.785,40.0,
2026-08-17T14:12:01+0800,101.322,109.566,15.375,temp=53.2'C,throttled=0x0,15.0,1.999,113.329,142.547,48.783,0,1.734,1.734,85.063,85.063,105.743,139.371,13.313,88.785,40.0,
2026-08-17T14:12:02+0800,104.456,109.719,15.375,temp=53.2'C,throttled=0x0,15.0,1.999,113.329,142.547,24.666,0,1.734,1.734,85.063,85.063,105.743,139.371,13.305,88.785,40.0,
2026-08-17T14:12:03+0800,102.498,109.676,15.375,temp=53.2'C,throttled=0x0,15.0,1.999,113.329,142.547,75.364,0,1.734,1.734,85.063,85.063,105.743,139.371,13.33,88.985,40.0,
2026-08-17T14:12:04+0800,105.247,109.594,15.375,temp=53.2'C,throttled=0x0,15.0,1.999,113.329,142.547,81.671,0,1.734,1.734,85.063,85.063,105.743,139.371,13.307,89.109,40.0,
2026-08-17T14:12:05+0800,103.33,109.688,15.375,temp=53.2'C,throttled=0x0,15.0,1.999,113.329,142.547,70.981,0,1.734,1.734,85.063,85.063,105.743,139.371,13.294,88.772,40.0,
2026-08-17T14:12:06+0800,102.351,109.703,15.375,temp=52.6'C,throttled=0x0,15.0,1.999,113.329,142.303,117.157,0,1.734,1.734,85.063,85.063,105.743,139.371,13.301,88.082,40.0,
2026-08-17T14:12:07+0800,102.491,109.539,15.375,temp=52.6'C,throttled=0x0,15.0,1.999,113.329,142.303,144.762,0,1.734,1.734,85.063,85.063,105.743,139.371,13.308,88.772,40.0,
2026-08-17T14:12:08+0800,102.37,109.641,15.375,temp=52.6'C,throttled=0x0,15.0,1.999,113.329,142.303,120.639,0,1.734,1.734,85.063,85.063,105.743,139.371,13.304,88.772,40.0,
2026-08-17T14:12:09+0800,107.353,109.66,15.375,temp=52.6'C,throttled=0x0,15.0,1.999,113.329,142.547,113.899,0,1.734,1.734,85.063,85.063,105.743,139.371,13.307,88.772,40.0,
2026-08-17T14:12:10+0800,102.32,109.641,15.375,temp=52.6'C,throttled=0x0,15.0,1.999,113.329,142.547,155.591,0,1.734,1.734,85.063,85.063,105.743,139.371,13.304,89.109,40.0,
2026-08-17T14:12:11+0800,105.408,109.676,15.375,temp=52.6'C,throttled=0x0,15.0,1.999,113.329,142.547,202.805,0,1.734,1.734,85.063,85.063,105.743,139.371,13.304,88.772,40.0,
2026-08-17T14:12:12+0800,102.379,109.648,15.375,temp=52.6'C,throttled=0x0,15.0,1.999,113.329,142.547,183.971,0,1.734,1.734,85.063,85.063,105.743,139.371,13.313,88.523,40.0,
2026-08-17T14:12:13+0800,102.428,109.621,15.375,temp=52.6'C,throttled=0x0,15.0,1.999,113.329,142.547,225.275,0,1.734,1.734,85.063,85.063,105.743,139.371,13.332,87.862,40.0,
2026-08-17T14:12:14+0800,102.501,109.684,15.375,temp=52.6'C,throttled=0x0,15.0,1.999,113.329,142.874,226.202,0,1.734,1.734,85.063,85.063,105.743,139.371,13.305,87.862,40.0,
2026-08-17T14:12:15+0800,103.492,109.652,15.375,temp=52.6'C,throttled=0x0,15.0,1.999,113.329,142.874,259.369,0,1.734,1.734,85.063,85.063,105.743,139.371,13.323,87.862,40.0,
2026-08-17T14:12:16+0800,101.465,109.676,15.375,temp=52.6'C,throttled=0x0,15.0,1.999,113.329,142.874,223.921,0,1.734,1.734,85.063,85.063,105.743,139.371,13.32,87.862,40.0,
2026-08-17T14:12:17+0800,102.454,109.641,15.375,temp=52.6'C,throttled=0x0,15.0,1.999,113.329,142.874,283.756,0,1.734,1.734,85.063,85.063,105.743,139.371,13.305,87.862,40.0,
2026-08-17T14:12:18+0800,102.482,109.648,15.375,temp=52.6'C,throttled=0x0,15.0,1.999,113.329,143.057,253.345,0,1.734,1.734,85.063,85.063,105.743,139.371,13.329,87.862,40.0,
2026-08-17T14:12:19+0800,103.49,109.59,15.375,temp=52.6'C,throttled=0x0,15.0,1.999,113.329,143.178,302.764,0,1.734,1.734,85.063,85.063,105.743,139.371,13.315,88.523,40.0,
2026-08-17T14:12:20+0800,101.539,109.574,15.375,temp=52.1'C,throttled=0x0,15.0,1.999,113.715,143.178,284.004,0,1.734,1.734,85.063,85.063,105.743,139.371,13.302,89.559,40.0,
2026-08-17T14:12:21+0800,101.364,109.668,15.375,temp=52.6'C,throttled=0x0,15.0,1.999,113.715,143.057,320.776,0,1.734,1.734,85.063,85.063,105.743,139.371,13.315,89.559,40.0,
2026-08-17T14:12:22+0800,102.457,109.699,15.375,temp=52.6'C,throttled=0x0,15.0,1.999,113.715,142.874,349.441,0,1.734,1.734,85.063,85.063,105.743,139.371,13.323,87.862,40.0,
2026-08-17T14:12:23+0800,102.515,109.672,15.375,temp=52.6'C,throttled=0x0,15.0,1.999,113.715,142.547,331.247,0,1.734,1.734,85.063,85.063,105.743,139.371,13.344,87.862,40.0,
2026-08-17T14:12:24+0800,102.548,109.656,15.375,temp=52.6'C,throttled=0x0,15.0,1.999,113.851,142.547,377.334,0,1.734,1.734,85.063,85.063,105.743,139.371,13.354,87.56,40.0,
2026-08-17T14:12:25+0800,102.37,109.645,15.375,temp=52.6'C,throttled=0x0,15.0,1.999,113.851,142.547,347.613,0,1.734,1.734,85.063,85.063,105.743,139.371,13.353,87.56,40.0,
2026-08-17T14:12:26+0800,108.78,112.68,15.375,temp=53.2'C,throttled=0x0,15.0,1.999,113.903,142.547,408.706,0,1.734,1.734,85.063,85.063,105.743,139.371,13.338,88.244,40.0,
2026-08-17T14:12:27+0800,111.54,112.91,15.375,temp=52.6'C,throttled=0x0,15.0,1.999,113.903,142.547,456.254,0,1.734,1.734,85.063,85.063,105.743,139.371,13.338,88.498,40.0,
2026-08-17T14:12:28+0800,104.962,109.609,15.375,temp=52.6'C,throttled=0x0,15.0,1.999,113.715,142.547,423.982,0,1.734,1.734,85.063,85.063,105.743,139.371,13.354,88.523,40.0,
2026-08-17T14:12:29+0800,106.054,109.746,15.375,temp=53.2'C,throttled=0x0,15.0,1.999,113.715,142.547,8.526,0,1.734,1.734,85.063,85.063,105.743,139.371,13.324,89.107,40.0,
2026-08-17T14:12:30+0800,103.496,109.684,15.375,temp=52.6'C,throttled=0x0,15.0,1.999,113.715,142.547,473.731,0,1.734,1.734,85.063,85.063,105.743,139.371,13.333,89.107,40.0,
2026-08-17T14:12:31+0800,101.354,109.598,15.375,temp=53.2'C,throttled=0x0,15.0,1.999,113.715,142.547,21.275,0,1.734,1.734,85.063,85.063,105.743,139.371,13.329,89.435,40.0,
2026-08-17T14:12:32+0800,103.463,109.523,15.375,temp=52.6'C,throttled=0x0,15.0,1.999,113.715,142.547,12.549,0,1.734,1.734,85.063,85.063,105.743,139.371,13.314,89.435,40.0,
2026-08-17T14:12:33+0800,102.459,109.66,15.375,temp=52.6'C,throttled=0x0,15.0,1.999,113.715,142.547,48.234,0,1.734,1.734,85.063,85.063,105.743,139.371,13.338,89.107,40.0,
2026-08-17T14:12:34+0800,103.429,109.723,15.375,temp=52.6'C,throttled=0x0,15.0,1.999,113.715,142.547,36.579,0,1.734,1.734,85.063,85.063,105.743,139.371,13.323,89.435,40.0,
2026-08-17T14:12:35+0800,100.516,109.637,15.375,temp=52.6'C,throttled=0x0,15.0,1.999,113.715,142.547,74.18,0,1.734,1.734,85.063,85.063,105.743,139.371,13.322,89.435,40.0,
2026-08-17T14:12:36+0800,102.541,109.688,15.375,temp=52.1'C,throttled=0x0,15.0,1.999,113.715,142.547,51.879,0,1.734,1.734,85.063,85.063,105.743,139.371,13.325,89.435,40.0,
2026-08-17T14:12:37+0800,100.583,109.715,15.375,temp=53.2'C,throttled=0x0,15.0,1.999,113.715,142.547,96.35,0,1.734,1.734,85.063,85.063,105.743,139.371,13.324,89.435,40.0,
2026-08-17T14:12:38+0800,105.244,109.68,15.375,temp=52.6'C,throttled=0x0,15.0,1.999,113.715,142.547,135.836,0,1.734,1.734,85.063,85.063,105.743,139.371,13.341,89.107,40.0,
2026-08-17T14:12:39+0800,103.171,109.613,15.375,temp=52.6'C,throttled=0x0,15.0,1.999,113.715,142.547,137.994,0,1.734,1.734,85.063,85.063,105.743,139.371,13.318,89.435,40.0,
2026-08-17T14:12:40+0800,102.215,109.66,15.375,temp=52.6'C,throttled=0x0,15.0,1.999,113.715,142.547,170.905,0,1.734,1.734,85.063,85.063,105.743,139.371,13.329,89.435,40.0,
2026-08-17T14:12:41+0800,102.485,109.699,15.375,temp=52.6'C,throttled=0x0,15.0,1.999,113.715,142.547,138.807,0,1.734,1.734,85.063,85.063,105.743,139.371,13.318,89.435,40.0,
2026-08-17T14:12:42+0800,104.486,109.863,15.375,temp=52.6'C,throttled=0x0,15.0,1.999,113.715,142.547,185.998,0,1.734,1.734,85.063,85.063,105.743,139.371,13.326,90.359,40.0,
2026-08-17T14:12:43+0800,105.342,109.617,15.375,temp=52.6'C,throttled=0x0,15.0,1.999,113.715,142.874,171.416,0,1.734,1.734,85.063,85.063,105.743,139.371,13.322,91.049,40.0,
2026-08-17T14:12:44+0800,102.547,109.605,15.375,temp=52.6'C,throttled=0x0,15.0,1.999,113.715,142.874,223.796,0,1.734,1.734,85.063,85.063,105.743,139.371,13.321,90.741,40.0,
2026-08-17T14:12:45+0800,104.492,109.66,15.375,temp=52.1'C,throttled=0x0,15.0,1.999,113.715,143.057,195.241,0,1.734,1.734,85.063,85.063,105.743,139.371,13.325,89.435,40.0,
2026-08-17T14:12:46+0800,101.55,109.664,15.375,temp=52.6'C,throttled=0x0,15.0,1.999,113.715,143.057,238.484,0,1.734,1.734,85.063,85.063,105.743,139.371,13.331,90.224,40.0,
2026-08-17T14:12:47+0800,103.471,109.539,15.375,temp=52.6'C,throttled=0x0,15.0,1.999,113.329,143.057,277.497,0,1.734,1.734,85.063,85.063,105.743,139.371,13.33,90.224,40.0,
2026-08-17T14:12:48+0800,102.151,109.789,15.375,temp=52.1'C,throttled=0x0,15.0,1.999,113.329,143.057,253.541,0,1.734,1.734,85.063,85.063,105.743,139.371,13.346,89.152,40.0,
2026-08-17T14:12:49+0800,103.448,109.676,15.375,temp=52.1'C,throttled=0x0,15.0,1.999,113.329,143.066,259.537,0,1.734,1.734,85.063,85.063,105.743,139.371,13.32,89.152,40.0,
2026-08-17T14:12:50+0800,103.448,109.727,15.375,temp=52.6'C,throttled=0x0,15.0,1.999,113.329,143.066,299.584,0,1.734,1.734,85.063,85.063,105.743,139.371,13.321,88.428,40.0,
2026-08-17T14:12:51+0800,102.42,109.746,15.375,temp=53.7'C,throttled=0x0,15.0,1.999,113.329,143.066,343.791,0,1.734,1.734,85.063,85.063,105.743,139.371,13.334,88.352,40.0,
