timestamp,cpu_percent,rss_mib,swap_mib,temperature,throttled,capture_fps,tracker_effective_fps,capture_to_snapshot_p50_ms,capture_to_snapshot_p95_ms,snapshot_age_ms,snapshot_stale_drops,snapshot_to_policy_commit_p50_ms,snapshot_to_policy_commit_p95_ms,policy_commit_to_first_eye_frame_p50_ms,policy_commit_to_first_eye_frame_p95_ms,face_to_eye_first_frame_p50_ms,face_to_eye_first_frame_p95_ms,eye_effective_fps,eye_frame_p95_ms,sample_interval_ms,error
2026-08-17T14:23:53+0800,,111.07,22.719,temp=53.7'C,throttled=0x0,15.0,2.042,115.865,146.104,494.055,0,37.686,69.538,71.546,79.115,142.522,142.522,13.237,90.495,40.0,
2026-08-17T14:23:54+0800,101.549,108.246,25.426,temp=53.7'C,throttled=0x0,15.0,2.043,115.865,146.104,494.055,0,37.686,69.538,71.546,79.115,142.522,142.522,13.131,90.622,40.0,
2026-08-17T14:23:55+0800,105.291,108.113,25.418,temp=53.2'C,throttled=0x0,15.0,2.041,115.865,146.104,494.055,0,37.686,69.538,71.546,79.115,142.522,142.522,13.122,90.985,40.0,
2026-08-17T14:23:56+0800,103.001,108.125,25.371,temp=52.6'C,throttled=0x0,15.0,2.039,120.677,146.104,475.477,0,38.887,69.538,71.546,79.115,106.67,142.522,13.144,90.622,40.0,
2026-08-17T14:23:57+0800,102.447,108.148,25.371,temp=52.6'C,throttled=0x0,15.0,2.037,120.677,146.104,475.477,0,38.887,69.538,71.546,79.115,106.67,142.522,13.178,90.622,40.0,
2026-08-17T14:23:58+0800,104.516,108.176,25.367,temp=52.1'C,throttled=0x0,15.0,2.035,120.677,146.104,475.477,0,38.887,69.538,71.546,79.115,106.67,142.522,13.194,89.935,40.0,
2026-08-17T14:23:59+0800,100.484,108.359,25.359,temp=52.6'C,throttled=0x0,15.0,2.034,120.677,146.104,475.477,0,38.887,69.538,71.546,79.115,106.67,142.522,13.215,89.935,40.0,
2026-08-17T14:24:00+0800,100.206,108.309,25.348,temp=52.6'C,throttled=0x0,15.0,2.032,115.865,146.104,154.968,0,37.686,69.538,71.529,79.115,106.67,142.522,13.259,89.74,40.0,
2026-08-17T14:24:01+0800,103.414,108.168,25.348,temp=52.6'C,throttled=0x0,15.0,2.031,115.865,146.104,131.228,0,37.686,69.538,71.529,80.932,106.67,142.522,13.257,89.74,40.0,
2026-08-17T14:24:02+0800,102.459,108.23,25.34,temp=52.6'C,throttled=0x0,15.0,2.029,115.865,146.104,168.669,0,30.839,69.538,71.529,80.932,106.67,142.522,13.278,89.543,40.0,
2026-08-17T14:24:03+0800,101.554,108.312,25.336,temp=52.6'C,throttled=0x0,15.0,2.029,115.865,146.104,140.718,0,37.686,69.538,71.337,80.932,106.67,142.522,13.297,89.507,40.0,
2026-08-17T14:24:04+0800,106.278,108.254,25.328,temp=52.6'C,throttled=0x0,15.0,2.028,115.865,146.104,209.432,0,37.686,69.538,71.296,80.932,106.67,142.522,13.285,88.98,40.0,
2026-08-17T14:24:05+0800,103.158,108.281,25.312,temp=52.6'C,throttled=0x0,15.0,2.027,115.865,146.104,429.249,0,37.686,69.538,71.296,80.932,106.67,142.522,13.281,88.775,40.0,
2026-08-17T14:24:06+0800,102.497,108.301,25.309,temp=52.1'C,throttled=0x0,15.0,2.026,114.652,146.104,228.685,0,30.839,69.538,71.288,80.932,106.67,142.522,13.295,88.462,40.0,
2026-08-17T14:24:07+0800,102.514,108.285,25.305,temp=52.1'C,throttled=0x0,15.0,2.025,114.652,146.104,457.293,0,30.839,69.538,71.288,80.932,106.67,142.522,13.267,88.462,40.0,
2026-08-17T14:24:08+0800,102.422,108.363,25.305,temp=52.6'C,throttled=0x0,15.0,2.024,114.652,146.104,457.293,0,30.839,69.538,71.288,80.932,106.67,142.522,13.296,88.573,40.0,
2026-08-17T14:24:09+0800,108.976,108.188,25.305,temp=52.6'C,throttled=0x0,15.0,2.023,115.865,148.268,254.627,0,38.887,74.89,71.296,80.932,106.67,148.838,13.274,88.98,40.0,
2026-08-17T14:24:10+0800,100.565,108.301,25.301,temp=52.6'C,throttled=0x0,15.0,2.023,114.652,148.268,294.467,0,37.686,74.89,71.269,80.932,106.67,148.838,13.274,88.98,40.0,
2026-08-17T14:24:11+0800,103.548,108.379,25.297,temp=52.6'C,throttled=0x0,15.0,2.022,115.865,146.104,274.049,0,39.162,69.538,71.288,79.115,106.67,148.838,13.291,88.98,40.0,
2026-08-17T14:24:12+0800,102.502,108.18,25.297,temp=52.6'C,throttled=0x0,15.0,2.022,114.652,146.104,324.153,0,38.887,69.538,71.269,79.115,106.67,148.838,13.371,88.573,40.0,
2026-08-17T14:24:13+0800,102.501,108.281,25.297,temp=52.6'C,throttled=0x0,15.0,2.021,115.865,146.104,412.156,0,39.063,69.538,71.284,79.115,106.67,148.838,13.408,88.15,40.0,
2026-08-17T14:24:14+0800,104.213,108.211,25.297,temp=52.6'C,throttled=0x0,15.0,2.02,115.865,146.104,412.156,0,39.063,69.538,71.284,79.115,106.67,148.838,13.394,88.573,40.0,
2026-08-17T14:24:15+0800,101.552,108.344,25.297,temp=52.6'C,throttled=0x0,15.0,2.02,115.865,146.104,412.156,0,39.063,69.538,71.284,79.115,106.67,148.838,13.378,88.864,40.0,
2026-08-17T14:24:16+0800,99.564,108.32,25.297,temp=53.2'C,throttled=0x0,15.0,2.019,115.865,146.104,412.156,0,39.063,69.538,71.284,79.115,106.67,148.838,13.426,88.573,40.0,
2026-08-17T14:24:17+0800,103.448,108.281,25.297,temp=52.6'C,throttled=0x0,15.0,2.019,115.865,146.104,412.156,0,39.063,69.538,71.284,79.115,106.67,148.838,13.467,88.573,40.0,
2026-08-17T14:24:18+0800,107.018,111.543,25.293,temp=53.7'C,throttled=0x0,15.0,2.019,115.865,146.104,399.59,0,39.162,69.538,71.284,79.115,106.67,148.838,13.447,88.573,40.0,
2026-08-17T14:24:19+0800,110.498,111.516,25.293,temp=52.6'C,throttled=0x0,15.0,2.018,115.865,148.268,431.812,0,39.162,69.538,71.284,79.115,106.67,148.838,13.402,88.327,40.0,
2026-08-17T14:24:20+0800,106.779,108.277,25.293,temp=52.6'C,throttled=0x0,15.0,2.017,120.677,148.647,483.56,0,39.063,69.538,71.284,79.115,107.624,148.838,13.416,88.573,40.0,
2026-08-17T14:24:21+0800,102.556,108.277,25.293,temp=53.2'C,throttled=0x0,15.0,2.017,121.036,148.647,8.956,0,39.063,69.538,71.288,80.914,107.624,148.838,13.386,89.157,40.0,
2026-08-17T14:24:22+0800,103.501,108.414,25.293,temp=53.2'C,throttled=0x0,15.0,2.016,120.677,148.647,464.396,0,38.887,69.538,71.288,80.914,106.67,148.838,13.39,89.157,40.0,
2026-08-17T14:24:23+0800,102.474,108.387,25.289,temp=52.6'C,throttled=0x0,15.0,2.016,115.865,148.647,16.296,0,37.686,69.538,71.288,80.914,106.67,148.838,13.408,89.157,40.0,
2026-08-17T14:24:24+0800,106.206,108.328,25.289,temp=52.6'C,throttled=0x0,15.0,2.016,115.865,148.647,405.616,0,37.686,69.538,71.288,80.914,96.473,148.838,13.381,89.157,40.0,
2026-08-17T14:24:26+0800,102.492,108.387,25.281,temp=53.2'C,throttled=0x0,15.0,2.015,115.865,148.647,405.616,0,37.686,69.538,71.288,80.914,96.473,148.838,13.37,89.198,40.0,
2026-08-17T14:24:27+0800,104.459,108.41,25.281,temp=52.6'C,throttled=0x0,15.0,2.015,115.865,148.647,53.709,0,38.887,69.538,71.288,80.914,96.473,148.838,13.392,89.186,40.0,
2026-08-17T14:24:28+0800,104.464,108.465,25.277,temp=53.2'C,throttled=0x0,15.0,2.015,115.865,148.647,415.218,0,38.887,69.538,71.296,80.914,106.67,148.838,13.373,89.198,40.0,
2026-08-17T14:24:29+0800,102.202,108.496,25.277,temp=52.6'C,throttled=0x0,15.0,2.014,115.865,148.647,415.218,0,38.887,69.538,71.296,80.914,106.67,148.838,13.394,89.198,40.0,
2026-08-17T14:24:30+0800,104.411,108.57,25.273,temp=52.6'C,throttled=0x0,15.0,2.014,115.865,148.647,415.218,0,38.887,69.538,71.296,80.914,106.67,148.838,13.411,89.186,40.0,
2026-08-17T14:24:31+0800,104.531,108.535,25.27,temp=52.6'C,throttled=0x0,15.0,2.014,115.865,148.647,139.796,0,39.063,69.538,71.296,80.914,106.67,142.522,13.422,89.157,40.0,
2026-08-17T14:24:32+0800,100.292,108.387,25.27,temp=52.1'C,throttled=0x0,15.0,2.014,114.652,148.647,117.737,0,39.063,69.538,71.296,80.914,106.67,142.522,13.421,89.157,40.0,
2026-08-17T14:24:33+0800,102.328,108.422,25.27,temp=53.2'C,throttled=0x0,15.0,2.013,115.865,148.647,433.816,0,39.063,69.538,71.337,80.914,106.67,142.522,13.424,89.157,40.0,
2026-08-17T14:24:34+0800,102.572,108.492,25.266,temp=53.2'C,throttled=0x0,15.0,2.013,115.865,148.647,433.816,0,39.063,69.538,71.337,80.914,106.67,142.522,13.431,88.327,40.0,
2026-08-17T14:24:35+0800,105.388,108.543,25.266,temp=52.6'C,throttled=0x0,15.0,2.013,115.865,148.647,433.816,0,39.063,69.538,71.337,80.914,106.67,142.522,13.402,88.41,40.0,
2026-08-17T14:24:36+0800,102.156,108.457,25.266,temp=52.6'C,throttled=0x0,15.0,2.013,115.865,148.647,433.816,0,39.063,69.538,71.337,80.914,106.67,142.522,13.379,88.41,40.0,
2026-08-17T14:24:37+0800,99.192,108.469,25.266,temp=53.2'C,throttled=0x0,15.0,2.012,115.865,148.647,433.816,0,39.063,69.538,71.337,80.914,106.67,142.522,13.4,88.906,40.0,
2026-08-17T14:24:38+0800,103.462,108.508,25.266,temp=53.2'C,throttled=0x0,15.0,2.012,115.865,148.647,454.586,0,38.887,69.538,71.337,80.932,106.118,142.522,13.382,88.906,40.0,
2026-08-17T14:24:39+0800,102.487,108.465,25.266,temp=52.6'C,throttled=0x0,15.0,2.012,115.865,148.647,454.586,0,38.887,69.538,71.337,80.932,106.118,142.522,13.39,89.598,40.0,
2026-08-17T14:24:40+0800,102.401,108.422,25.266,temp=52.6'C,throttled=0x0,15.0,2.012,115.865,148.647,454.586,0,38.887,69.538,71.337,80.932,106.118,142.522,13.387,89.157,40.0,
2026-08-17T14:24:41+0800,101.32,108.594,25.266,temp=53.2'C,throttled=0x0,15.0,2.012,115.865,148.647,454.586,0,38.887,69.538,71.337,80.932,106.118,142.522,13.409,88.41,40.0,
2026-08-17T14:24:42+0800,101.045,108.531,25.266,temp=52.6'C,throttled=0x0,15.0,2.011,115.865,148.647,454.586,0,38.887,69.538,71.337,80.932,106.118,142.522,13.453,88.41,40.0,
2026-08-17T14:24:43+0800,101.483,108.543,25.262,temp=53.2'C,throttled=0x0,15.0,2.011,115.865,148.647,454.586,0,38.887,69.538,71.337,80.932,106.118,142.522,13.487,88.148,40.0,
2026-08-17T14:24:44+0800,100.204,108.543,25.258,temp=52.6'C,throttled=0x0,15.0,2.011,115.865,148.647,454.586,0,38.887,69.538,71.337,80.932,106.118,142.522,13.573,88.095,40.0,
2026-08-17T14:24:45+0800,102.316,108.453,25.258,temp=53.2'C,throttled=0x0,15.0,2.011,115.865,148.647,454.586,0,38.887,69.538,71.337,80.932,106.118,142.522,13.605,87.291,40.0,
2026-08-17T14:24:46+0800,100.525,108.391,25.258,temp=53.2'C,throttled=0x0,15.0,2.011,115.865,148.647,454.586,0,38.887,69.538,71.337,80.932,106.118,142.522,13.628,87.291,40.0,
2026-08-17T14:24:47+0800,103.487,108.438,25.258,temp=52.6'C,throttled=0x0,15.0,2.01,115.865,148.647,474.484,0,37.686,69.538,71.296,80.932,106.118,142.522,13.638,86.946,40.0,
2026-08-17T14:24:48+0800,102.499,108.332,25.258,temp=53.2'C,throttled=0x0,15.0,2.01,115.865,148.647,474.484,0,37.686,69.538,71.296,80.932,106.118,142.522,13.645,87.291,40.0,
2026-08-17T14:24:49+0800,109.267,111.672,25.254,temp=53.2'C,throttled=0x0,15.0,2.01,119.019,148.268,431.474,0,39.063,69.501,71.312,80.914,106.67,142.522,13.594,87.291,40.0,
2026-08-17T14:24:50+0800,116.56,111.66,25.254,temp=53.2'C,throttled=0x0,15.0,2.01,119.019,148.268,404.084,0,38.887,69.501,71.312,80.932,106.67,142.522,13.554,87.382,40.0,
2026-08-17T14:24:51+0800,106.96,108.48,25.254,temp=53.7'C,throttled=0x0,15.0,2.01,119.019,148.268,404.084,0,38.887,69.501,71.312,80.932,106.67,142.522,13.561,87.382,40.0,
2026-08-17T14:24:52+0800,102.541,108.484,25.254,temp=53.2'C,throttled=0x0,15.0,2.01,119.019,148.268,491.883,0,38.887,69.501,71.312,80.932,107.624,142.522,13.556,87.671,40.0,
2026-08-17T14:24:53+0800,103.301,108.547,25.254,temp=53.7'C,throttled=0x0,15.0,2.01,119.019,148.268,484.475,0,39.063,69.501,71.337,80.932,107.624,142.522,13.562,88.095,40.0,
2026-08-17T14:24:54+0800,101.358,108.5,25.254,temp=53.2'C,throttled=0x0,15.0,2.009,119.019,148.268,32.027,0,38.887,69.501,71.337,80.932,107.624,142.522,13.559,87.671,40.0,
2026-08-17T14:24:55+0800,103.526,108.457,25.254,temp=53.2'C,throttled=0x0,15.0,2.009,120.677,148.268,40.811,0,39.063,69.501,71.343,80.932,107.624,142.522,13.493,88.356,40.0,
2026-08-17T14:24:56+0800,103.446,108.613,25.254,temp=53.7'C,throttled=0x0,15.0,2.009,120.677,148.268,496.846,0,39.063,69.501,71.405,80.932,107.624,142.522,13.45,87.671,40.0,
2026-08-17T14:24:57+0800,103.514,108.539,25.254,temp=53.2'C,throttled=0x0,15.0,2.009,119.019,148.268,67.711,0,38.887,69.501,71.343,80.932,107.624,142.522,13.462,87.671,40.0,
2026-08-17T14:24:58+0800,101.366,108.496,25.254,temp=52.6'C,throttled=0x0,15.0,2.009,119.019,148.268,43.864,0,39.063,69.501,71.343,80.932,107.624,142.522,13.46,87.671,40.0,
2026-08-17T14:24:59+0800,102.491,108.539,25.254,temp=53.7'C,throttled=0x0,15.0,2.009,119.019,148.268,492.65,0,39.063,69.501,71.405,80.932,107.624,142.522,13.466,88.356,40.0,
2026-08-17T14:25:00+0800,104.146,108.465,25.254,temp=53.7'C,throttled=0x0,15.0,2.008,119.019,148.268,492.65,0,39.063,69.501,71.405,80.932,107.624,142.522,13.416,88.728,40.0,
2026-08-17T14:25:01+0800,103.432,108.488,25.254,temp=53.2'C,throttled=0x0,15.0,2.009,115.865,148.268,145.904,0,38.887,69.501,71.343,80.932,107.624,142.522,13.368,88.841,40.0,
2026-08-17T14:25:02+0800,102.489,108.566,25.254,temp=53.7'C,throttled=0x0,15.0,2.008,115.865,148.268,447.918,0,37.686,69.501,71.343,80.932,107.624,142.522,13.343,88.841,40.0,
2026-08-17T14:25:03+0800,103.321,108.531,25.25,temp=52.6'C,throttled=0x0,15.0,2.008,115.865,148.268,163.414,0,37.686,69.501,71.403,80.932,107.624,142.522,13.291,88.841,40.0,
2026-08-17T14:25:04+0800,102.5,108.395,25.246,temp=53.7'C,throttled=0x0,15.0,2.008,115.499,148.268,138.496,0,38.887,69.501,71.403,80.932,107.624,142.522,13.26,88.964,40.0,
2026-08-17T14:25:05+0800,107.384,108.539,25.246,temp=53.2'C,throttled=0x0,15.0,2.008,114.652,148.268,171.119,0,37.686,69.501,71.343,80.932,107.624,142.522,13.23,90.13,40.0,
2026-08-17T14:25:06+0800,102.501,108.391,25.246,temp=53.7'C,throttled=0x0,15.0,2.008,114.652,146.104,179.061,0,37.226,69.3,71.343,80.914,107.624,142.522,13.223,90.13,40.0,
2026-08-17T14:25:07+0800,102.439,108.535,25.246,temp=53.7'C,throttled=0x0,15.0,2.008,114.652,146.104,224.611,0,37.226,69.3,71.343,80.914,107.624,142.522,13.22,90.13,40.0,
2026-08-17T14:25:08+0800,101.57,108.406,25.246,temp=53.2'C,throttled=0x0,15.0,2.008,114.652,146.104,200.97,0,37.226,69.3,71.337,80.914,107.624,142.522,13.218,90.13,40.0,
2026-08-17T14:25:09+0800,105.48,108.434,25.246,temp=53.2'C,throttled=0x0,15.0,2.007,114.652,146.104,244.765,0,37.226,69.3,71.318,80.914,107.624,142.522,13.268,89.637,40.0,
2026-08-17T14:25:10+0800,102.5,108.516,25.246,temp=53.7'C,throttled=0x0,15.0,2.008,114.652,146.104,244.25,0,37.226,69.3,71.337,80.914,107.624,142.522,13.252,89.634,40.0,
2026-08-17T14:25:11+0800,103.313,108.598,25.246,temp=53.7'C,throttled=0x0,15.0,2.007,114.652,146.104,290.716,0,37.226,69.3,71.343,80.914,107.624,142.522,13.258,89.637,40.0,
2026-08-17T14:25:12+0800,103.477,108.527,25.246,temp=53.7'C,throttled=0x0,15.0,2.007,114.652,146.104,268.824,0,37.226,69.3,71.343,80.914,107.624,142.522,13.261,89.634,40.0,
2026-08-17T14:25:13+0800,102.48,108.613,25.246,temp=53.2'C,throttled=0x0,15.0,2.007,114.652,146.104,259.272,0,37.226,69.3,71.35,80.914,107.624,142.522,13.247,89.634,40.0,
2026-08-17T14:25:14+0800,104.446,108.543,25.242,temp=53.7'C,throttled=0x0,15.0,2.007,115.499,146.104,425.288,0,37.686,69.3,71.403,80.914,107.624,142.522,13.277,90.13,40.0,
2026-08-17T14:25:15+0800,102.371,108.527,25.242,temp=53.7'C,throttled=0x0,15.0,2.007,114.652,146.104,285.887,0,37.686,69.3,71.391,80.914,107.624,142.522,13.282,90.13,40.0,
2026-08-17T14:25:16+0800,103.412,108.656,25.238,temp=53.2'C,throttled=0x0,15.0,2.007,114.652,146.104,440.515,0,37.686,69.3,71.391,80.914,107.624,142.522,13.269,90.13,40.0,
2026-08-17T14:25:17+0800,102.508,108.598,25.238,temp=53.2'C,throttled=0x0,15.0,2.007,114.652,146.104,445.488,0,37.226,69.3,71.35,80.914,106.67,142.522,13.271,89.634,40.0,
2026-08-17T14:25:18+0800,103.465,108.594,25.238,temp=53.7'C,throttled=0x0,15.0,2.007,114.652,146.104,445.488,0,37.226,69.3,71.35,80.914,106.67,142.522,13.276,89.867,40.0,
2026-08-17T14:25:19+0800,103.39,108.547,25.238,temp=53.2'C,throttled=0x0,15.0,2.007,114.652,146.104,445.488,0,37.226,69.3,71.35,80.914,106.67,142.522,13.298,89.634,40.0,
2026-08-17T14:25:20+0800,105.471,110.551,25.238,temp=53.7'C,throttled=0x0,15.0,2.007,114.652,146.104,445.488,0,37.226,69.3,71.35,80.914,106.67,142.522,13.316,89.634,40.0,
2026-08-17T14:25:21+0800,110.919,111.777,25.238,temp=53.2'C,throttled=0x0,15.0,2.007,114.652,146.104,445.488,0,37.226,69.3,71.35,80.914,106.67,142.522,13.355,89.867,40.0,
2026-08-17T14:25:22+0800,109.661,108.605,25.238,temp=53.2'C,throttled=0x0,15.0,2.006,114.652,146.104,445.488,0,37.226,69.3,71.35,80.914,106.67,142.522,13.378,89.948,40.0,
2026-08-17T14:25:23+0800,102.517,108.504,25.238,temp=53.7'C,throttled=0x0,15.0,2.006,114.652,143.991,473.076,0,37.226,69.222,71.35,80.386,106.67,142.522,13.376,89.948,40.0,
2026-08-17T14:25:25+0800,102.421,108.691,25.238,temp=53.7'C,throttled=0x0,15.0,2.006,114.426,143.991,12.642,0,36.313,69.222,71.35,80.386,106.67,142.522,13.387,89.634,40.0,
2026-08-17T14:25:26+0800,106.383,108.641,25.238,temp=53.7'C,throttled=0x0,15.0,2.006,114.426,143.991,512.917,0,37.226,69.222,71.35,80.386,106.67,142.522,13.385,89.634,40.0,
2026-08-17T14:25:27+0800,103.193,108.52,25.238,temp=53.7'C,throttled=0x0,15.0,2.006,114.426,143.991,512.917,0,37.226,69.222,71.35,80.386,106.67,142.522,13.395,89.365,40.0,
2026-08-17T14:25:28+0800,104.485,108.598,25.238,temp=53.7'C,throttled=0x0,15.0,2.006,114.426,143.991,512.917,0,37.226,69.222,71.35,80.386,106.67,142.522,13.389,89.365,40.0,
2026-08-17T14:25:29+0800,102.465,108.566,25.238,temp=53.7'C,throttled=0x0,15.0,2.006,114.426,143.991,512.917,0,37.226,69.222,71.35,80.386,106.67,142.522,13.407,89.365,40.0,
2026-08-17T14:25:30+0800,98.499,108.488,25.238,temp=53.7'C,throttled=0x0,15.0,2.006,114.426,143.991,512.917,0,37.226,69.222,71.35,80.386,106.67,142.522,13.458,89.365,40.0,
2026-08-17T14:25:31+0800,102.447,108.703,25.238,temp=53.7'C,throttled=0x0,15.0,2.006,114.426,143.991,512.917,0,37.226,69.222,71.35,80.386,106.67,142.522,13.492,89.299,40.0,
2026-08-17T14:25:32+0800,100.467,108.543,25.238,temp=53.7'C,throttled=0x0,15.0,2.006,114.426,143.991,113.944,0,37.226,69.222,71.391,80.914,106.67,142.522,13.54,89.299,40.0,
2026-08-17T14:25:33+0800,103.418,108.555,25.238,temp=53.7'C,throttled=0x0,15.0,2.006,114.271,143.991,85.987,0,36.313,69.3,71.35,80.914,106.67,142.522,13.545,89.299,40.0,
2026-08-17T14:25:34+0800,101.463,108.645,25.238,temp=53.2'C,throttled=0x0,15.0,2.006,114.426,143.991,123.076,0,37.686,69.3,71.35,80.914,106.67,142.522,13.548,89.296,40.0,
2026-08-17T14:25:35+0800,102.227,108.664,25.234,temp=53.2'C,throttled=0x0,15.0,2.006,114.271,143.991,171.18,0,36.313,69.3,71.337,80.914,106.67,142.522,13.569,89.299,40.0,
2026-08-17T14:25:36+0800,104.354,108.637,25.234,temp=53.7'C,throttled=0x0,15.0,2.006,114.426,143.991,166.76,0,37.226,69.3,71.35,80.914,106.67,142.522,13.553,89.239,40.0,
2026-08-17T14:25:37+0800,103.494,108.676,25.234,temp=53.7'C,throttled=0x0,15.0,2.005,114.271,143.991,197.672,0,37.226,69.3,71.337,80.914,106.67,142.522,13.562,88.361,40.0,
2026-08-17T14:25:38+0800,102.667,108.461,25.234,temp=53.7'C,throttled=0x0,15.0,2.005,114.426,143.991,167.921,0,37.226,69.3,71.337,80.914,106.67,142.522,13.562,88.361,40.0,
2026-08-17T14:25:39+0800,104.32,108.484,25.23,temp=53.7'C,throttled=0x0,15.0,2.005,114.271,143.991,224.657,0,36.313,69.3,71.318,80.914,106.67,142.522,13.559,88.361,40.0,
2026-08-17T14:25:40+0800,102.483,108.574,25.23,temp=53.7'C,throttled=0x0,15.0,2.005,114.426,143.763,187.997,0,37.226,69.222,71.318,80.386,106.67,142.522,13.529,87.87,40.0,
2026-08-17T14:25:41+0800,103.923,108.699,25.23,temp=53.7'C,throttled=0x0,15.0,2.005,114.271,143.763,261.175,0,36.313,69.3,71.317,80.914,106.67,142.522,13.464,87.87,40.0,
2026-08-17T14:25:42+0800,102.288,108.609,25.23,temp=53.7'C,throttled=0x0,15.0,2.005,114.426,143.763,230.426,0,36.313,69.3,71.318,80.914,106.67,142.522,13.458,87.87,40.0,
2026-08-17T14:25:43+0800,101.42,108.676,25.23,temp=53.7'C,throttled=0x0,15.0,2.005,114.271,143.763,284.648,0,36.313,69.3,71.317,80.914,106.67,142.522,13.449,88.361,40.0,
2026-08-17T14:25:44+0800,103.484,108.707,25.23,temp=53.7'C,throttled=0x0,15.0,1.998,114.426,143.763,258.774,0,37.226,69.3,71.318,80.914,106.67,142.522,13.439,88.878,40.0,
2026-08-17T14:25:45+0800,101.543,108.547,25.227,temp=53.7'C,throttled=0x0,15.0,1.999,114.271,143.763,308.702,0,36.313,69.3,71.317,80.914,106.67,142.522,13.457,88.995,40.0,
2026-08-17T14:25:46+0800,103.222,108.574,25.227,temp=53.2'C,throttled=0x0,15.0,1.998,114.652,143.763,263.43,0,37.686,69.3,71.317,80.914,106.67,142.522,13.457,88.995,40.0,
2026-08-17T14:25:47+0800,103.08,108.543,25.227,temp=53.7'C,throttled=0x0,15.0,1.998,114.426,143.763,346.228,0,37.226,69.3,71.317,80.914,106.67,142.522,13.432,89.059,40.0,
2026-08-17T14:25:48+0800,104.446,108.52,25.227,temp=53.2'C,throttled=0x0,15.0,1.998,114.426,143.763,315.714,0,37.226,69.3,71.317,80.914,106.67,142.522,13.434,89.059,40.0,
2026-08-17T14:25:49+0800,101.216,108.652,25.227,temp=53.7'C,throttled=0x0,15.0,1.999,114.02,143.763,346.741,0,37.226,69.3,71.312,80.914,106.67,142.522,13.4,88.995,40.0,
2026-08-17T14:25:50+0800,103.492,108.598,25.227,temp=53.2'C,throttled=0x0,15.0,1.998,114.02,143.536,405.36,0,37.686,69.222,71.312,80.386,106.67,142.522,13.355,89.239,40.0,
2026-08-17T14:25:51+0800,103.665,109.496,25.227,temp=53.7'C,throttled=0x0,15.0,1.998,114.02,143.763,364.91,0,37.226,69.222,71.305,80.386,106.67,142.522,13.343,89.059,40.0,
2026-08-17T14:25:52+0800,115.343,111.945,25.227,temp=53.7'C,throttled=0x0,15.0,1.998,114.271,143.763,418.432,0,37.686,69.222,71.305,80.386,106.67,142.522,13.331,89.059,40.0,
2026-08-17T14:25:53+0800,111.45,111.879,25.227,temp=53.7'C,throttled=0x0,15.0,1.999,113.904,143.763,410.979,0,37.226,69.222,71.296,80.386,106.67,142.522,13.321,89.239,40.0,
2026-08-17T14:25:54+0800,105.585,108.633,25.227,temp=53.7'C,throttled=0x0,15.0,1.999,113.904,143.763,455.126,0,37.686,69.222,71.296,80.386,106.67,142.522,13.314,89.239,40.0,
2026-08-17T14:25:55+0800,102.444,108.711,25.227,temp=53.7'C,throttled=0x0,15.0,1.998,113.904,143.763,13.272,0,37.686,69.222,71.296,80.386,106.67,142.522,13.321,89.657,40.0,
2026-08-17T14:25:56+0800,102.119,108.688,25.227,temp=53.7'C,throttled=0x0,15.0,1.999,113.904,143.763,481.277,0,37.686,69.222,71.305,80.386,106.67,142.522,13.319,89.657,40.0,
2026-08-17T14:25:57+0800,103.261,108.711,25.219,temp=53.7'C,throttled=0x0,15.0,1.999,113.904,143.763,5.272,0,37.686,69.222,71.296,80.914,106.67,142.522,13.291,89.704,40.0,
2026-08-17T14:25:58+0800,101.485,108.742,25.219,temp=53.7'C,throttled=0x0,15.0,1.999,113.904,143.763,54.076,0,38.176,69.222,71.305,80.932,106.67,142.522,13.282,89.704,40.0,
2026-08-17T14:25:59+0800,104.437,108.617,25.219,temp=53.7'C,throttled=0x0,15.0,1.999,112.706,143.763,29.959,0,37.686,69.222,71.307,80.932,106.67,142.522,13.276,89.72,40.0,
2026-08-17T14:26:00+0800,102.353,108.781,25.219,temp=54.2'C,throttled=0x0,15.0,1.999,113.904,143.536,65.973,0,38.76,69.157,71.307,80.932,106.67,142.522,13.3,89.72,40.0,
2026-08-17T14:26:01+0800,102.456,108.77,25.219,temp=52.6'C,throttled=0x0,15.0,1.999,112.706,143.536,119.117,0,38.176,69.157,71.305,80.914,106.67,142.522,13.298,89.657,40.0,
2026-08-17T14:26:02+0800,104.425,108.742,25.219,temp=53.7'C,throttled=0x0,15.0,1.999,113.904,143.536,106.023,0,38.176,69.157,71.305,80.914,106.67,142.522,13.288,89.657,40.0,
2026-08-17T14:26:03+0800,104.407,108.742,25.211,temp=53.7'C,throttled=0x0,15.0,1.999,112.706,143.536,90.132,0,37.686,69.157,71.296,80.914,106.67,142.522,13.283,89.657,40.0,
2026-08-17T14:26:04+0800,101.474,108.75,25.211,temp=53.7'C,throttled=0x0,15.0,1.999,113.904,143.536,128.83,0,38.176,69.157,71.296,80.914,106.67,142.522,13.288,89.059,40.0,
2026-08-17T14:26:05+0800,102.387,108.695,25.211,temp=53.7'C,throttled=0x0,15.0,1.999,112.706,143.536,162.49,0,37.686,69.157,71.296,80.914,106.67,142.522,13.305,89.218,40.0,
2026-08-17T14:26:06+0800,101.534,108.629,25.211,temp=53.7'C,throttled=0x0,15.0,1.999,113.904,143.536,135.353,0,38.176,69.157,71.296,80.914,106.67,142.522,13.313,89.218,40.0,
2026-08-17T14:26:07+0800,103.463,108.82,25.211,temp=53.7'C,throttled=0x0,15.0,1.998,112.706,143.536,135.61,0,38.176,69.157,71.296,80.932,106.67,142.522,13.286,89.218,40.0,
2026-08-17T14:26:08+0800,105.017,108.746,25.211,temp=54.2'C,throttled=0x0,15.0,1.998,113.904,143.536,170.951,0,37.686,69.157,71.291,80.932,106.67,142.522,13.284,89.72,40.0,
2026-08-17T14:26:09+0800,102.413,108.812,25.211,temp=53.2'C,throttled=0x0,15.0,1.998,113.904,143.763,490.481,0,38.176,69.157,71.291,80.932,106.67,142.522,13.308,89.218,40.0,
2026-08-17T14:26:10+0800,102.237,108.887,25.203,temp=53.7'C,throttled=0x0,15.0,1.999,113.904,143.763,490.481,0,38.176,69.157,71.291,80.932,106.67,142.522,13.279,89.72,40.0,
2026-08-17T14:26:11+0800,103.391,108.859,25.199,temp=53.2'C,throttled=0x0,15.0,1.999,113.904,143.763,244.834,0,37.648,69.157,71.284,80.932,106.67,142.522,13.301,89.218,40.0,
2026-08-17T14:26:12+0800,106.363,108.93,25.199,temp=53.7'C,throttled=0x0,15.0,1.998,114.02,143.991,229.305,0,37.686,69.051,71.288,80.914,106.67,142.522,13.295,89.275,40.0,
2026-08-17T14:26:13+0800,103.045,108.738,25.199,temp=53.7'C,throttled=0x0,15.0,1.998,113.904,143.991,289.942,0,37.648,69.051,71.283,80.914,106.67,142.522,13.288,89.969,40.0,
2026-08-17T14:26:14+0800,101.222,108.793,25.195,temp=53.7'C,throttled=0x0,15.0,1.998,112.706,143.991,270.74,0,37.686,69.051,71.284,80.914,106.67,142.522,13.281,89.275,40.0,
2026-08-17T14:26:15+0800,100.39,108.988,25.195,temp=53.7'C,throttled=0x0,15.0,1.999,112.329,143.991,313.621,0,37.226,69.051,71.273,80.914,106.67,142.522,13.29,89.969,40.0,
2026-08-17T14:26:16+0800,104.423,108.828,25.195,temp=53.7'C,throttled=0x0,15.0,1.999,112.329,143.991,278.073,0,37.686,69.051,71.273,80.914,106.67,142.522,13.326,89.693,40.0,
2026-08-17T14:26:17+0800,105.268,108.824,25.195,temp=53.7'C,throttled=0x0,15.0,1.998,112.329,143.991,292.513,0,37.226,69.051,71.273,80.932,106.67,142.522,13.289,89.693,40.0,
2026-08-17T14:26:18+0800,102.546,108.734,25.195,temp=53.7'C,throttled=0x0,15.0,1.998,112.329,143.991,335.43,0,37.648,69.051,71.273,80.932,106.67,142.522,13.297,89.592,40.0,
2026-08-17T14:26:19+0800,103.352,108.848,25.195,temp=53.7'C,throttled=0x0,15.0,1.998,112.329,143.991,370.216,0,37.226,69.051,71.273,80.932,106.67,142.522,13.301,89.693,40.0,
2026-08-17T14:26:20+0800,103.363,108.926,25.195,temp=53.7'C,throttled=0x0,15.0,1.998,112.329,143.991,352.058,0,37.472,69.051,71.273,81.034,106.67,142.522,13.3,89.693,40.0,
2026-08-17T14:26:21+0800,101.9,109.781,25.195,temp=53.7'C,throttled=0x0,15.0,1.998,112.329,143.991,392.817,0,37.226,69.051,71.269,81.034,106.67,142.522,13.314,89.693,40.0,
2026-08-17T14:26:22+0800,110.972,111.93,25.195,temp=53.7'C,throttled=0x0,15.0,1.998,112.329,143.763,380.627,0,37.229,67.88,71.273,80.932,106.67,142.522,13.311,89.693,40.0,
2026-08-17T14:26:24+0800,111.043,112.016,25.195,temp=53.7'C,throttled=0x0,15.0,1.998,112.329,143.763,435.868,0,37.226,67.88,71.269,80.932,106.67,142.522,13.295,89.698,40.0,
2026-08-17T14:26:25+0800,107.352,108.91,25.195,temp=53.7'C,throttled=0x0,15.0,1.998,112.195,143.763,494.665,0,37.229,67.88,71.273,80.932,106.67,142.522,13.282,89.698,40.0,
2026-08-17T14:26:26+0800,104.35,108.793,25.191,temp=53.7'C,throttled=0x0,15.0,1.998,112.329,143.763,456.794,0,37.226,69.051,71.273,80.932,106.67,142.522,13.285,89.698,40.0,
2026-08-17T14:26:27+0800,101.372,108.805,25.188,temp=53.7'C,throttled=0x0,15.0,1.998,112.195,143.763,12.546,0,37.229,69.051,71.273,80.932,106.67,142.522,13.302,89.693,40.0,
2026-08-17T14:26:28+0800,103.131,108.898,25.184,temp=53.7'C,throttled=0x0,15.0,1.998,112.329,143.763,14.43,0,37.229,69.051,71.273,81.034,106.67,142.522,13.28,89.693,40.0,
2026-08-17T14:26:29+0800,102.512,108.828,25.184,temp=53.7'C,throttled=0x0,15.0,1.998,112.195,143.763,46.414,0,37.229,69.051,71.273,81.034,106.67,142.522,13.281,89.592,40.0,
2026-08-17T14:26:30+0800,99.483,108.848,25.184,temp=53.7'C,throttled=0x0,15.0,1.998,112.329,143.763,93.481,0,37.226,69.051,71.273,81.034,106.67,142.522,13.298,89.592,40.0,
2026-08-17T14:26:31+0800,104.313,108.844,25.184,temp=53.7'C,throttled=0x0,15.0,1.998,112.195,143.763,70.128,0,37.226,69.157,71.273,81.034,106.67,142.522,13.291,89.693,40.0,
2026-08-17T14:26:32+0800,101.396,108.938,25.184,temp=54.2'C,throttled=0x0,15.0,1.998,112.329,143.536,115.868,0,37.226,69.051,71.282,80.932,106.67,142.522,13.301,89.592,40.0,
2026-08-17T14:26:33+0800,108.299,108.918,25.184,temp=54.2'C,throttled=0x0,15.0,1.998,112.195,143.763,91.724,0,37.226,69.051,71.283,80.932,106.67,142.522,13.296,89.592,40.0,
2026-08-17T14:26:34+0800,104.416,108.812,25.184,temp=53.7'C,throttled=0x0,15.0,1.999,112.329,143.763,90.372,0,37.226,69.051,71.284,81.034,106.67,142.522,13.294,89.592,40.0,
2026-08-17T14:26:35+0800,102.305,108.961,25.184,temp=53.7'C,throttled=0x0,15.0,1.998,112.195,143.763,138.519,0,37.229,69.051,71.284,81.034,106.67,142.522,13.288,89.592,40.0,
2026-08-17T14:26:36+0800,101.514,108.871,25.184,temp=53.7'C,throttled=0x0,15.0,1.998,112.329,143.763,112.409,0,37.229,69.051,71.288,81.034,106.67,142.522,13.285,89.592,40.0,
2026-08-17T14:26:37+0800,104.074,108.918,25.184,temp=53.7'C,throttled=0x0,15.0,1.999,112.195,143.763,182.77,0,37.472,69.051,71.288,81.034,106.67,142.522,13.302,89.698,40.0,
2026-08-17T14:26:38+0800,102.404,108.836,25.184,temp=53.7'C,throttled=0x0,15.0,1.999,112.329,143.763,182.268,0,37.472,69.051,71.288,81.145,106.67,142.522,13.279,89.833,40.0,
2026-08-17T14:26:39+0800,103.292,108.918,25.184,temp=53.7'C,throttled=0x0,15.0,1.998,112.195,143.763,219.264,0,37.472,69.051,71.288,81.145,106.67,142.522,13.277,89.738,40.0,
2026-08-17T14:26:40+0800,103.435,108.863,25.184,temp=53.7'C,throttled=0x0,15.0,1.998,112.329,143.763,201.651,0,37.472,69.051,71.288,81.145,106.67,142.522,13.273,89.738,40.0,
2026-08-17T14:26:41+0800,103.412,108.914,25.184,temp=53.7'C,throttled=0x0,15.0,1.998,112.195,143.763,186.033,0,37.472,69.051,71.288,81.145,106.67,142.522,13.255,90.071,40.0,
2026-08-17T14:26:42+0800,104.381,108.848,25.184,temp=53.7'C,throttled=0x0,15.0,1.998,112.329,143.536,225.542,0,37.472,69.051,71.284,81.145,106.67,142.522,13.286,89.833,40.0,
2026-08-17T14:26:43+0800,104.301,108.871,25.184,temp=54.2'C,throttled=0x0,15.0,1.998,112.195,143.536,281.324,0,37.472,68.655,71.288,81.034,106.67,142.522,13.292,89.284,40.0,
2026-08-17T14:26:44+0800,102.03,108.895,25.184,temp=53.7'C,throttled=0x0,15.0,1.998,112.329,143.536,265.641,0,37.472,68.655,71.291,81.034,106.67,142.522,13.28,89.284,40.0,
2026-08-17T14:26:45+0800,102.192,108.969,25.18,temp=53.7'C,throttled=0x0,15.0,1.998,112.329,143.536,416.333,0,37.472,68.655,71.291,81.034,106.67,142.522,13.282,89.738,40.0,
2026-08-17T14:26:46+0800,103.487,108.973,25.18,temp=53.7'C,throttled=0x0,15.0,1.998,112.329,143.536,282.063,0,37.648,67.934,71.296,81.034,107.624,142.522,13.283,89.833,40.0,
2026-08-17T14:26:47+0800,103.362,108.805,25.176,temp=53.7'C,throttled=0x0,15.0,1.998,112.706,143.536,309.845,0,37.472,67.934,71.296,81.034,107.624,142.522,13.305,89.738,40.0,
2026-08-17T14:26:48+0800,104.433,108.953,25.176,temp=53.7'C,throttled=0x0,15.0,1.998,112.706,143.536,337.702,0,37.686,67.934,71.296,81.145,107.624,142.522,13.268,89.833,40.0,
2026-08-17T14:26:49+0800,103.481,108.902,25.176,temp=54.2'C,throttled=0x0,15.0,1.998,113.904,143.763,310.717,0,37.686,68.655,71.296,81.145,107.624,142.522,13.261,90.071,40.0,
2026-08-17T14:26:50+0800,103.082,108.965,25.176,temp=54.2'C,throttled=0x0,15.0,1.998,113.904,143.991,359.654,0,38.176,69.051,71.299,81.034,107.624,142.522,13.268,89.833,40.0,
2026-08-17T14:26:51+0800,103.224,108.98,25.176,temp=53.7'C,throttled=0x0,15.0,1.998,112.706,143.991,418.279,0,38.176,69.051,71.299,81.145,107.624,142.522,13.257,89.833,40.0,
2026-08-17T14:26:52+0800,106.768,112.324,25.176,temp=53.7'C,throttled=0x0,15.0,1.998,112.329,143.991,440.652,0,38.176,69.051,71.299,81.145,107.624,142.522,13.273,89.833,40.0,
2026-08-17T14:26:53+0800,118.281,112.168,25.172,temp=53.7'C,throttled=0x0,15.0,1.998,112.706,143.991,432.67,0,38.726,69.051,71.299,81.145,107.624,142.522,13.268,90.071,40.0,
2026-08-17T14:26:54+0800,105.744,108.98,25.172,temp=53.7'C,throttled=0x0,15.0,1.999,112.329,143.991,386.154,0,38.176,69.051,71.296,81.145,107.624,142.522,13.255,90.227,40.0,
2026-08-17T14:26:55+0800,101.521,108.871,25.172,temp=53.7'C,throttled=0x0,15.0,1.998,112.329,143.991,386.154,0,38.176,69.051,71.296,81.145,107.624,142.522,13.251,90.227,40.0,
2026-08-17T14:26:56+0800,102.377,108.887,25.16,temp=53.7'C,throttled=0x0,15.0,1.998,112.329,143.991,386.154,0,38.176,69.051,71.296,81.145,107.624,142.522,13.291,89.738,40.0,
2026-08-17T14:26:57+0800,100.781,108.988,25.16,temp=53.7'C,throttled=0x0,15.0,1.999,112.329,143.991,386.154,0,38.176,69.051,71.296,81.145,107.624,142.522,13.316,89.738,40.0,
2026-08-17T14:26:58+0800,103.41,108.93,25.16,temp=53.7'C,throttled=0x0,15.0,1.998,112.706,143.991,455.353,0,38.176,69.051,71.296,81.159,106.67,142.522,13.297,89.058,40.0,
2026-08-17T14:26:59+0800,105.069,108.914,25.16,temp=53.7'C,throttled=0x0,15.0,1.998,112.706,143.991,407.377,0,38.176,69.051,71.296,81.159,107.624,139.247,13.305,89.058,40.0,
2026-08-17T14:27:00+0800,102.155,109.098,25.152,temp=53.7'C,throttled=0x0,15.0,1.998,112.706,143.991,407.377,0,38.176,69.051,71.296,81.159,107.624,139.247,13.312,88.966,40.0,
2026-08-17T14:27:01+0800,102.42,109.016,25.152,temp=53.7'C,throttled=0x0,15.0,1.998,112.706,143.991,407.377,0,38.176,69.051,71.296,81.159,107.624,139.247,13.305,89.058,40.0,
2026-08-17T14:27:02+0800,101.498,108.992,25.148,temp=53.7'C,throttled=0x0,15.0,1.998,112.706,143.991,407.377,0,38.176,69.051,71.296,81.159,107.624,139.247,13.354,89.058,40.0,
2026-08-17T14:27:03+0800,101.534,108.977,25.145,temp=53.7'C,throttled=0x0,15.0,1.998,112.706,143.991,106.491,0,38.176,69.051,71.296,81.368,107.624,139.247,13.39,89.058,40.0,
2026-08-17T14:27:04+0800,103.242,109.02,25.145,temp=53.7'C,throttled=0x0,15.0,1.999,112.706,143.991,153.982,0,37.686,68.655,71.296,81.368,107.624,139.247,13.389,89.172,40.0,
2026-08-17T14:27:05+0800,103.468,108.902,25.145,temp=53.7'C,throttled=0x0,15.0,1.998,112.706,143.991,452.555,0,37.686,68.655,71.296,81.368,107.624,139.247,13.388,88.966,40.0,
2026-08-17T14:27:06+0800,103.273,108.984,25.141,temp=54.2'C,throttled=0x0,15.0,1.998,112.329,143.991,183.713,0,38.176,68.655,71.296,81.368,107.624,139.247,13.378,88.966,40.0,
2026-08-17T14:27:07+0800,103.498,108.973,25.141,temp=53.7'C,throttled=0x0,15.0,1.998,112.329,143.991,145.854,0,37.686,67.934,71.296,81.368,107.624,139.247,13.41,88.966,40.0,
2026-08-17T14:27:08+0800,102.463,108.988,25.137,temp=53.7'C,throttled=0x0,15.0,1.998,112.706,143.991,487.925,0,37.686,67.934,71.299,81.368,107.624,139.247,13.406,88.88,40.0,
2026-08-17T14:27:09+0800,104.304,109.043,25.133,temp=53.2'C,throttled=0x0,15.0,1.998,112.706,143.991,487.925,0,37.686,67.934,71.299,81.368,107.624,139.247,13.401,87.829,40.0,
2026-08-17T14:27:10+0800,103.43,108.992,25.133,temp=53.7'C,throttled=0x0,15.0,1.998,112.329,143.991,226.643,0,37.648,67.934,71.296,81.368,106.67,139.247,13.41,88.366,40.0,
2026-08-17T14:27:11+0800,103.498,109.051,25.129,temp=53.7'C,throttled=0x0,15.0,1.998,112.329,143.763,261.151,0,37.648,67.88,71.296,81.368,106.67,139.247,13.411,88.366,40.0,
2026-08-17T14:27:12+0800,101.464,109.055,25.125,temp=53.7'C,throttled=0x0,15.0,1.998,112.195,143.536,229.233,0,37.472,67.719,71.296,81.368,106.67,139.247,13.426,88.366,40.0,
2026-08-17T14:27:13+0800,103.476,109.02,25.113,temp=53.7'C,throttled=0x0,15.0,1.998,111.936,143.536,300.813,0,37.648,67.719,71.299,81.368,106.67,139.247,13.419,88.366,40.0,
2026-08-17T14:27:14+0800,105.327,109.004,25.105,temp=54.2'C,throttled=0x0,15.0,1.998,111.936,143.763,466.745,0,37.472,67.719,71.299,81.368,106.67,139.247,13.428,87.829,40.0,
2026-08-17T14:27:15+0800,103.477,109.062,25.105,temp=53.7'C,throttled=0x0,15.0,1.998,111.936,145.23,305.914,0,37.229,67.711,71.305,81.368,107.624,139.247,13.401,88.82,40.0,
2026-08-17T14:27:16+0800,105.362,109.125,25.105,temp=53.2'C,throttled=0x0,15.0,1.999,112.195,145.23,291.22,0,37.472,67.719,71.305,81.368,107.624,139.247,13.39,88.366,40.0,
2026-08-17T14:27:17+0800,104.424,108.953,25.105,temp=52.6'C,throttled=0x0,15.0,1.998,112.329,145.23,331.024,0,37.472,67.719,71.305,81.368,107.624,139.247,13.406,87.829,40.0,
2026-08-17T14:27:18+0800,107.393,109.008,25.098,temp=53.7'C,throttled=0x0,15.0,1.998,113.444,145.629,316.673,0,37.472,67.719,71.308,81.368,107.624,139.247,13.389,88.82,40.0,
2026-08-17T14:27:19+0800,104.058,108.945,25.098,temp=53.2'C,throttled=0x0,15.0,1.998,113.904,145.629,375.888,0,37.472,67.719,71.308,81.159,107.624,139.247,13.392,89.171,40.0,
2026-08-17T14:27:20+0800,103.395,109.051,25.098,temp=53.7'C,throttled=0x0,15.0,1.998,113.904,145.629,353.786,0,37.648,67.88,71.308,81.159,107.624,139.247,13.386,89.172,40.0,
2026-08-17T14:27:21+0800,103.923,110.457,25.098,temp=53.7'C,throttled=0x0,15.0,1.998,114.02,145.629,397.387,0,37.648,67.719,71.313,81.159,107.624,139.247,13.344,89.172,40.0,
2026-08-17T14:27:23+0800,107.969,112.184,25.094,temp=53.7'C,throttled=0x0,15.0,1.998,114.02,145.23,438.825,0,37.648,67.719,71.316,81.159,107.624,139.247,13.34,89.524,40.0,
2026-08-17T14:27:24+0800,112.28,109.102,25.094,temp=53.7'C,throttled=0x0,15.0,1.999,113.501,145.23,454.265,0,37.229,67.711,71.316,81.159,107.624,139.247,13.304,89.731,40.0,
2026-08-17T14:27:25+0800,103.403,108.984,25.094,temp=53.7'C,throttled=0x0,15.0,1.998,113.501,145.23,4.061,0,37.229,67.711,71.317,81.159,107.624,139.247,13.301,89.731,40.0,
2026-08-17T14:27:26+0800,101.424,109.109,25.094,temp=53.7'C,throttled=0x0,15.0,1.998,113.501,145.23,474.973,0,37.226,67.711,71.317,81.159,107.624,139.247,13.316,89.641,40.0,
2026-08-17T14:27:27+0800,103.333,109.031,25.094,temp=53.7'C,throttled=0x0,15.0,1.998,113.501,144.525,43.975,0,37.226,67.711,71.317,81.159,107.624,139.247,13.289,89.641,40.0,
2026-08-17T14:27:28+0800,103.389,109.113,25.094,temp=53.7'C,throttled=0x0,15.0,1.998,113.444,143.536,6.613,0,36.313,67.719,71.318,81.159,107.624,139.247,13.299,89.641,40.0,
2026-08-17T14:27:29+0800,103.38,109.012,25.094,temp=53.7'C,throttled=0x0,15.0,1.998,113.444,143.536,5.348,0,36.313,67.719,71.318,81.159,107.624,139.247,13.282,90.063,40.0,
2026-08-17T14:27:30+0800,102.395,109.031,25.094,temp=53.7'C,throttled=0x0,15.0,1.998,113.501,143.536,60.344,0,37.229,67.719,71.317,81.159,107.624,139.247,13.282,89.524,40.0,
2026-08-17T14:27:31+0800,101.424,109.219,25.094,temp=53.2'C,throttled=0x0,15.0,1.998,113.501,143.536,99.998,0,37.229,67.719,71.317,81.159,107.624,139.247,13.282,89.524,40.0,
2026-08-17T14:27:32+0800,102.573,109.113,25.094,temp=53.7'C,throttled=0x0,15.0,1.998,113.501,143.536,69.093,0,37.229,67.88,71.317,81.159,107.624,139.247,13.29,89.524,40.0,
2026-08-17T14:27:33+0800,102.095,109.102,25.094,temp=53.2'C,throttled=0x0,15.0,1.998,113.444,143.536,125.195,0,37.229,67.88,71.317,81.368,107.624,139.247,13.29,89.524,40.0,
2026-08-17T14:27:34+0800,103.331,108.922,25.094,temp=53.7'C,throttled=0x0,15.0,1.998,112.195,143.536,103.672,0,37.229,67.88,71.317,81.368,107.624,139.247,13.278,89.641,40.0,
2026-08-17T14:27:35+0800,102.224,109.18,25.09,temp=53.7'C,throttled=0x0,15.0,1.998,112.195,143.536,136.349,0,37.648,67.88,71.316,81.368,107.624,139.247,13.283,89.524,40.0,
2026-08-17T14:27:36+0800,103.447,109.062,25.09,temp=53.7'C,throttled=0x0,15.0,1.998,112.195,143.536,120.188,0,37.648,67.88,71.317,81.368,107.624,139.247,13.284,89.524,40.0,
2026-08-17T14:27:37+0800,102.466,109.008,25.09,temp=53.2'C,throttled=0x0,15.0,1.998,112.195,143.536,174.109,0,37.472,67.88,71.317,81.331,107.624,139.247,13.282,89.641,40.0,
2026-08-17T14:27:38+0800,103.438,109.176,25.09,temp=53.7'C,throttled=0x0,15.0,1.998,112.195,143.536,215.184,0,37.472,67.88,71.317,81.331,107.624,139.247,13.309,88.942,40.0,
2026-08-17T14:27:39+0800,104.259,109.098,25.09,temp=53.7'C,throttled=0x0,15.0,1.998,111.936,143.536,210.317,0,37.472,67.88,71.317,81.331,107.624,139.247,13.299,88.867,40.0,
2026-08-17T14:27:40+0800,101.477,109.164,25.09,temp=53.7'C,throttled=0x0,15.0,1.999,112.195,143.536,242.989,0,37.472,67.88,71.317,81.331,107.624,139.247,13.308,88.486,40.0,
2026-08-17T14:27:41+0800,102.372,109.078,25.078,temp=53.7'C,throttled=0x0,15.0,1.999,113.444,143.536,223.063,0,37.472,67.88,71.316,81.331,107.624,139.247,13.297,88.845,40.0,
2026-08-17T14:27:42+0800,103.459,109.043,25.078,temp=53.7'C,throttled=0x0,15.0,1.998,113.444,143.536,267.303,0,37.648,67.88,71.316,81.331,107.624,139.247,13.294,88.486,40.0,
2026-08-17T14:27:43+0800,103.305,109.176,25.078,temp=53.7'C,throttled=0x0,15.0,1.999,113.444,144.525,239.265,0,37.472,67.88,71.316,81.331,107.624,139.247,13.321,88.486,40.0,
2026-08-17T14:27:44+0800,104.159,109.191,25.078,temp=53.7'C,throttled=0x0,15.0,1.998,113.501,144.525,288.359,0,38.176,67.934,71.316,81.331,107.624,139.247,13.307,88.486,40.0,
2026-08-17T14:27:45+0800,102.454,109.094,25.078,temp=53.7'C,throttled=0x0,15.0,1.999,113.444,144.525,284.156,0,37.648,67.934,71.316,81.368,107.624,139.247,13.297,88.867,40.0,
2026-08-17T14:27:46+0800,100.405,109.07,25.078,temp=53.7'C,throttled=0x0,15.0,1.999,113.444,144.525,316.997,0,37.648,67.934,71.316,81.368,107.624,139.247,13.32,88.771,40.0,
2026-08-17T14:27:47+0800,103.347,109.055,25.078,temp=53.7'C,throttled=0x0,15.0,1.998,113.444,144.525,284.634,0,38.726,68.434,71.316,81.368,107.624,139.247,13.321,88.771,40.0,
2026-08-17T14:27:48+0800,103.298,109.051,25.078,temp=53.7'C,throttled=0x0,15.0,1.998,113.444,144.525,354.572,0,38.726,68.434,71.316,81.368,107.624,139.247,13.329,88.867,40.0,
2026-08-17T14:27:49+0800,106.478,109.176,25.078,temp=52.6'C,throttled=0x0,15.0,1.998,113.444,144.525,320.224,0,38.176,68.434,71.317,81.368,107.624,139.247,13.318,88.942,40.0,
2026-08-17T14:27:50+0800,101.977,109.09,25.078,temp=53.7'C,throttled=0x0,15.0,1.998,113.444,144.525,379.554,0,37.648,68.434,71.319,81.368,107.624,139.247,13.316,88.955,40.0,
2026-08-17T14:27:51+0800,103.381,109.098,25.078,temp=53.7'C,throttled=0x0,15.0,1.998,112.43,144.525,406.646,0,37.648,68.434,71.317,81.368,107.624,139.247,13.312,89.699,40.0,
2026-08-17T14:27:52+0800,104.042,110.141,25.078,temp=53.7'C,throttled=0x0,15.0,1.998,112.43,144.525,401.33,0,37.648,68.434,71.316,81.368,107.624,139.247,13.316,88.955,40.0,
2026-08-17T14:27:53+0800,112.107,112.57,25.078,temp=53.7'C,throttled=0x0,15.0,1.998,112.43,144.525,443.132,0,38.176,68.434,71.316,81.368,107.624,139.247,13.32,89.699,40.0,
2026-08-17T14:27:54+0800,109.955,112.352,25.078,temp=53.7'C,throttled=0x0,15.0,1.998,112.43,144.525,464.263,0,37.648,68.434,71.316,81.368,107.624,139.247,13.287,90.172,40.0,
2026-08-17T14:27:55+0800,101.336,109.137,25.078,temp=53.7'C,throttled=0x0,15.0,1.999,112.43,144.525,15.877,0,37.472,68.434,71.316,81.368,107.624,139.247,13.292,90.428,40.0,
2026-08-17T14:27:56+0800,102.342,109.09,25.078,temp=53.7'C,throttled=0x0,15.0,1.998,113.444,144.525,474.38,0,37.472,68.434,71.317,81.368,107.624,139.247,13.304,90.172,40.0,
2026-08-17T14:27:57+0800,104.075,109.129,25.078,temp=53.7'C,throttled=0x0,15.0,1.998,113.444,144.525,31.741,0,37.472,68.434,71.317,81.372,107.624,139.247,13.288,90.172,40.0,
2026-08-17T14:27:58+0800,103.444,109.219,25.078,temp=53.7'C,throttled=0x0,15.0,1.998,113.444,144.525,7.147,0,37.472,68.434,71.317,81.372,107.624,139.247,13.301,90.428,40.0,
2026-08-17T14:27:59+0800,103.365,109.188,25.078,temp=53.7'C,throttled=0x0,15.0,1.998,113.444,144.525,503.272,0,37.229,68.434,71.319,81.372,107.624,139.247,13.279,90.428,40.0,
2026-08-17T14:28:00+0800,103.42,109.117,25.078,temp=54.2'C,throttled=0x0,15.0,1.998,113.444,144.525,48.649,0,37.472,68.434,71.319,81.372,107.624,139.247,13.288,89.781,40.0,
2026-08-17T14:28:01+0800,105.247,109.074,25.078,temp=53.7'C,throttled=0x0,15.0,1.998,113.444,144.525,87.139,0,37.229,68.655,71.33,81.372,107.624,139.247,13.287,89.781,40.0,
2026-08-17T14:28:02+0800,101.481,109.262,25.078,temp=53.7'C,throttled=0x0,15.0,1.998,113.444,144.525,71.424,0,37.648,68.78,71.334,81.372,107.624,139.247,13.284,89.781,40.0,
2026-08-17T14:28:03+0800,104.222,109.125,25.078,temp=53.7'C,throttled=0x0,15.0,1.998,113.444,144.525,127.318,0,37.648,68.78,71.334,81.372,107.624,139.247,13.282,89.699,40.0,
2026-08-17T14:28:04+0800,105.366,109.195,25.078,temp=53.7'C,throttled=0x0,15.0,1.998,113.444,144.596,116.144,0,37.648,68.78,71.341,81.372,107.624,139.247,13.28,89.345,40.0,
2026-08-17T14:28:05+0800,103.207,109.172,25.078,temp=54.2'C,throttled=0x0,15.0,1.998,113.444,144.596,158.812,0,38.176,68.78,71.341,81.372,107.624,139.247,13.278,89.377,40.0,
2026-08-17T14:28:06+0800,103.421,109.176,25.078,temp=53.7'C,throttled=0x0,15.0,1.999,113.501,144.596,410.066,0,38.176,68.78,71.347,81.372,107.624,139.247,13.261,89.781,40.0,
2026-08-17T14:28:07+0800,102.432,109.109,25.078,temp=53.7'C,throttled=0x0,15.0,1.998,113.444,144.596,137.395,0,38.726,68.78,71.349,81.372,107.624,139.247,13.265,89.781,40.0,
2026-08-17T14:28:08+0800,101.433,109.238,25.078,temp=54.2'C,throttled=0x0,15.0,1.999,113.444,144.596,187.146,0,38.726,68.78,71.351,81.372,107.624,139.247,13.276,89.425,40.0,
2026-08-17T14:28:09+0800,106.142,109.227,25.078,temp=53.7'C,throttled=0x0,15.0,1.998,113.501,144.596,168.966,0,38.726,68.655,71.355,81.368,107.624,139.247,13.252,89.425,40.0,
2026-08-17T14:28:10+0800,101.467,109.266,25.078,temp=53.7'C,throttled=0x0,15.0,1.999,113.501,144.596,230.869,0,38.781,68.655,71.355,81.368,107.624,139.247,13.266,89.425,40.0,
2026-08-17T14:28:11+0800,102.526,109.23,25.078,temp=53.7'C,throttled=0x0,15.0,1.998,113.863,144.596,190.439,0,38.726,68.655,71.355,81.368,107.624,139.247,13.262,89.425,40.0,
2026-08-17T14:28:12+0800,104.41,109.293,25.078,temp=54.2'C,throttled=0x0,15.0,1.998,113.863,145.23,250.16,0,38.726,68.655,71.366,81.372,107.624,139.247,13.253,89.345,40.0,
2026-08-17T14:28:13+0800,103.175,109.246,25.078,temp=54.2'C,throttled=0x0,15.0,1.998,113.904,145.23,220.206,0,38.726,68.655,71.366,81.372,107.624,139.247,13.282,88.506,40.0,
2026-08-17T14:28:14+0800,104.397,109.309,25.074,temp=53.7'C,throttled=0x0,15.0,1.998,114.02,145.23,264.259,0,38.176,68.655,71.375,81.372,107.624,139.247,13.282,88.506,40.0,
2026-08-17T14:28:15+0800,105.196,109.164,25.074,temp=53.7'C,throttled=0x0,15.0,1.998,113.904,145.23,443.743,0,38.176,68.655,71.375,81.372,107.624,139.247,13.28,89.108,40.0,
2026-08-17T14:28:16+0800,103.434,109.391,25.074,temp=53.7'C,throttled=0x0,15.0,1.999,113.904,145.23,443.743,0,38.176,68.655,71.375,81.372,107.624,139.247,13.283,89.108,40.0,
2026-08-17T14:28:17+0800,104.276,109.188,25.074,temp=53.7'C,throttled=0x0,15.0,1.999,114.054,145.23,331.06,0,38.176,68.655,71.386,81.372,106.67,139.247,13.29,88.506,40.0,
2026-08-17T14:28:18+0800,103.445,109.23,25.074,temp=53.7'C,throttled=0x0,15.0,1.999,113.863,144.596,303.129,0,37.648,68.655,71.403,81.372,106.67,139.247,13.308,89.377,40.0,
2026-08-17T14:28:19+0800,103.473,109.207,25.074,temp=53.7'C,throttled=0x0,15.0,1.999,113.863,144.596,318.508,0,37.648,68.655,71.415,81.372,106.67,139.247,13.282,89.425,40.0,
2026-08-17T14:28:21+0800,103.406,109.285,25.074,temp=54.2'C,throttled=0x0,15.0,1.999,114.054,144.596,360.025,0,37.472,68.655,71.423,81.372,106.67,139.247,13.28,89.525,40.0,
2026-08-17T14:28:22+0800,102.26,109.297,25.074,temp=53.7'C,throttled=0x0,15.0,1.999,114.054,144.596,400.512,0,37.648,68.655,71.447,81.372,106.67,139.247,13.288,89.425,40.0,
2026-08-17T14:28:23+0800,105.906,111.012,25.074,temp=53.7'C,throttled=0x0,15.0,1.999,114.054,144.596,389.707,0,37.648,68.655,71.464,81.372,106.67,139.247,13.28,89.525,40.0,
2026-08-17T14:28:24+0800,113.754,112.445,25.074,temp=53.7'C,throttled=0x0,15.0,1.998,114.054,144.596,418.621,0,37.648,68.655,71.465,81.372,106.67,139.247,13.298,89.525,40.0,
2026-08-17T14:28:25+0800,111.697,109.316,25.074,temp=53.7'C,throttled=0x0,15.0,1.999,114.054,144.596,422.249,0,37.648,68.655,71.465,81.372,106.67,139.247,13.279,89.525,40.0,
2026-08-17T14:28:26+0800,103.458,109.211,25.074,temp=53.7'C,throttled=0x0,15.0,1.999,114.054,144.596,4.81,0,37.648,68.655,71.465,81.372,106.67,139.247,13.275,89.525,40.0,
2026-08-17T14:28:27+0800,102.385,109.211,25.074,temp=53.7'C,throttled=0x0,15.0,1.999,114.054,144.596,476.425,0,37.472,68.655,71.464,81.368,106.67,139.247,13.283,89.525,40.0,
2026-08-17T14:28:28+0800,101.294,109.262,25.074,temp=53.7'C,throttled=0x0,15.0,1.999,114.054,144.596,15.837,0,37.472,68.655,71.465,81.368,106.67,139.247,13.285,90.238,40.0,
2026-08-17T14:28:29+0800,103.443,109.254,25.074,temp=53.7'C,throttled=0x0,15.0,1.998,114.054,144.596,487.642,0,37.472,68.655,71.464,81.331,106.67,139.247,13.305,90.238,40.0,
2026-08-17T14:28:30+0800,102.51,109.223,25.074,temp=53.7'C,throttled=0x0,15.0,1.999,114.054,144.596,69.596,0,37.472,68.78,71.45,81.331,106.67,139.247,13.28,89.19,40.0,
2026-08-17T14:28:31+0800,105.294,109.273,25.074,temp=53.7'C,throttled=0x0,15.0,1.999,114.054,144.596,33.463,0,37.259,68.78,71.464,81.331,106.67,139.247,13.279,89.19,40.0,
2026-08-17T14:28:32+0800,102.372,109.242,25.074,temp=53.7'C,throttled=0x0,15.0,1.999,114.054,144.596,72.872,0,37.259,68.78,71.467,81.331,106.67,139.247,13.294,89.19,40.0,
2026-08-17T14:28:33+0800,102.427,109.359,25.074,temp=54.2'C,throttled=0x0,15.0,1.999,114.054,144.596,48.485,0,37.259,68.78,71.467,81.331,106.67,139.247,13.289,89.19,40.0,
2026-08-17T14:28:34+0800,103.106,109.238,25.074,temp=53.7'C,throttled=0x0,15.0,1.999,114.054,144.596,92.452,0,37.259,68.78,71.483,81.331,106.67,139.247,13.296,89.19,40.0,
2026-08-17T14:28:35+0800,106.28,109.246,25.074,temp=53.7'C,throttled=0x0,15.0,1.998,114.054,144.596,77.512,0,37.259,68.78,71.484,81.331,106.67,139.247,13.272,89.19,40.0,
2026-08-17T14:28:36+0800,103.009,109.328,25.074,temp=54.2'C,throttled=0x0,15.0,1.998,114.054,144.525,152.263,0,37.229,68.78,71.487,81.331,106.67,139.247,13.266,89.332,40.0,
2026-08-17T14:28:37+0800,103.434,109.156,25.074,temp=53.7'C,throttled=0x0,15.0,1.998,114.054,144.525,115.132,0,37.229,68.78,71.484,81.304,106.67,139.247,13.263,89.332,40.0,
2026-08-17T14:28:38+0800,101.531,109.18,25.074,temp=53.7'C,throttled=0x0,15.0,1.999,113.863,144.076,159.641,0,37.259,68.799,71.487,81.304,106.67,139.247,13.267,89.19,40.0,
2026-08-17T14:28:39+0800,102.104,109.207,25.074,temp=53.7'C,throttled=0x0,15.0,1.998,114.054,144.495,200.023,0,37.259,68.799,71.508,81.304,106.67,139.247,13.303,89.128,40.0,
2026-08-17T14:28:40+0800,103.226,109.266,25.074,temp=53.7'C,throttled=0x0,15.0,1.999,114.054,144.495,195.979,0,37.472,68.799,71.509,81.304,106.67,139.247,13.278,89.128,40.0,
2026-08-17T14:28:41+0800,102.431,109.219,25.07,temp=53.7'C,throttled=0x0,15.0,1.998,114.168,144.495,226.119,0,37.259,68.799,71.509,81.304,106.67,139.247,13.29,89.128,40.0,
2026-08-17T14:28:42+0800,104.854,109.266,25.07,temp=53.7'C,throttled=0x0,15.0,1.998,114.168,144.495,212.287,0,37.259,68.799,71.511,81.304,106.67,139.247,13.294,89.128,40.0,
2026-08-17T14:28:43+0800,104.064,109.227,25.07,temp=53.7'C,throttled=0x0,15.0,1.998,114.168,144.495,264.293,0,37.259,68.799,71.511,81.304,106.67,139.247,13.293,88.894,40.0,
2026-08-17T14:28:44+0800,102.401,109.305,25.07,temp=53.7'C,throttled=0x0,15.0,1.998,114.168,144.495,226.237,0,37.472,68.799,71.522,81.304,106.67,139.247,13.313,88.425,40.0,
2026-08-17T14:28:45+0800,104.443,109.324,25.07,temp=53.7'C,throttled=0x0,15.0,1.998,114.168,144.495,224.067,0,37.259,68.799,71.525,81.304,106.67,139.247,13.302,88.372,40.0,
2026-08-17T14:28:46+0800,104.091,109.285,25.07,temp=53.7'C,throttled=0x0,15.0,1.998,114.168,144.495,273.456,0,38.781,68.799,71.525,81.263,106.67,139.247,13.301,88.372,40.0,
2026-08-17T14:28:47+0800,102.431,109.312,25.07,temp=53.7'C,throttled=0x0,15.0,1.999,114.168,144.495,322.326,0,37.259,68.799,71.525,81.263,106.67,139.247,13.299,88.372,40.0,
2026-08-17T14:28:48+0800,103.448,109.32,25.07,temp=53.7'C,throttled=0x0,15.0,1.998,114.168,144.495,283.733,0,38.781,68.799,71.525,81.263,106.67,139.247,13.305,88.259,40.0,
2026-08-17T14:28:49+0800,102.45,109.262,25.07,temp=53.7'C,throttled=0x0,15.0,1.998,114.168,144.495,342.764,0,39.091,68.799,71.527,81.304,106.67,139.247,13.321,88.073,40.0,
2026-08-17T14:28:50+0800,102.499,109.375,25.07,temp=53.7'C,throttled=0x0,15.0,1.998,114.168,144.495,322.273,0,38.781,68.799,71.527,81.304,106.67,139.247,13.306,88.259,40.0,
2026-08-17T14:28:51+0800,103.403,109.199,25.07,temp=54.2'C,throttled=0x0,15.0,1.998,114.168,144.495,368.608,0,38.781,68.799,71.529,81.304,106.67,139.247,13.301,88.372,40.0,
2026-08-17T14:28:52+0800,103.367,109.297,25.07,temp=53.7'C,throttled=0x0,15.0,1.998,114.168,144.495,364.839,0,38.781,68.799,71.529,81.304,106.67,139.247,13.289,88.585,40.0,
2026-08-17T14:28:53+0800,103.042,110.121,25.07,temp=53.7'C,throttled=0x0,15.0,1.998,114.168,144.495,412.345,0,39.091,68.799,71.533,81.304,106.67,139.247,13.285,88.372,40.0,
2026-08-17T14:28:54+0800,108.689,112.562,25.07,temp=53.7'C,throttled=0x0,15.0,1.998,114.168,144.495,389.4,0,37.259,68.78,71.542,81.304,106.67,139.247,13.303,88.585,40.0,
2026-08-17T14:28:55+0800,114.208,112.438,25.07,temp=54.2'C,throttled=0x0,15.0,1.998,114.168,144.495,402.134,0,37.259,68.78,71.544,81.304,106.67,139.247,13.285,89.128,40.0,
2026-08-17T14:28:56+0800,106.43,109.336,25.07,temp=54.2'C,throttled=0x0,15.0,1.998,114.168,144.495,489.16,0,37.259,68.78,71.542,81.263,106.67,139.247,13.255,90.888,40.0,
2026-08-17T14:28:57+0800,103.388,109.258,25.066,temp=53.7'C,throttled=0x0,15.0,1.998,114.168,144.495,489.16,0,37.259,68.78,71.542,81.263,106.67,139.247,13.251,91.014,40.0,
2026-08-17T14:28:58+0800,101.435,109.324,25.066,temp=53.7'C,throttled=0x0,15.0,1.998,114.168,144.495,489.16,0,37.259,68.78,71.542,81.263,106.67,139.247,13.242,91.014,40.0,
2026-08-17T14:28:59+0800,103.437,109.258,25.066,temp=53.7'C,throttled=0x0,15.0,1.998,114.168,144.495,489.16,0,37.259,68.78,71.542,81.263,106.67,139.247,13.271,91.014,40.0,
2026-08-17T14:29:00+0800,104.439,109.281,25.066,temp=54.2'C,throttled=0x0,15.0,1.998,114.829,144.495,25.337,0,36.898,68.78,71.542,81.263,106.67,139.247,13.301,90.946,40.0,
2026-08-17T14:29:01+0800,103.359,109.168,25.066,temp=53.2'C,throttled=0x0,15.0,1.998,114.829,144.495,68.607,0,38.781,68.78,71.542,81.263,106.67,139.247,13.319,90.946,40.0,
2026-08-17T14:29:02+0800,101.375,109.324,25.066,temp=53.7'C,throttled=0x0,15.0,1.998,114.829,144.076,42.796,0,38.781,68.78,71.542,81.263,106.67,139.247,13.32,90.946,40.0,
2026-08-17T14:29:03+0800,103.358,109.367,25.066,temp=54.2'C,throttled=0x0,15.0,1.998,114.829,144.076,442.696,0,39.091,68.799,71.544,81.263,106.67,139.247,13.303,90.946,40.0,
2026-08-17T14:29:04+0800,102.343,109.324,25.066,temp=53.7'C,throttled=0x0,15.0,1.998,114.829,144.076,442.696,0,39.091,68.799,71.544,81.263,106.67,139.247,13.321,90.888,40.0,
2026-08-17T14:29:05+0800,102.451,109.355,25.066,temp=53.7'C,throttled=0x0,15.0,1.998,114.829,144.076,143.059,0,39.091,68.78,71.544,81.304,107.624,139.247,13.308,90.888,40.0,
2026-08-17T14:29:06+0800,103.314,109.355,25.066,temp=53.7'C,throttled=0x0,15.0,1.999,114.829,144.495,112.216,0,39.091,68.78,71.548,81.304,107.624,139.247,13.311,90.848,40.0,
2026-08-17T14:29:07+0800,102.459,109.332,25.066,temp=53.7'C,throttled=0x0,15.0,1.998,114.804,144.495,96.811,0,39.091,68.799,71.55,81.304,107.624,139.247,13.295,90.848,40.0,
2026-08-17T14:29:08+0800,103.451,109.363,25.066,temp=53.7'C,throttled=0x0,15.0,1.998,114.804,144.495,149.969,0,38.781,68.799,71.548,81.304,107.624,139.247,13.299,90.848,40.0,
2026-08-17T14:29:09+0800,105.003,109.316,25.066,temp=53.7'C,throttled=0x0,15.0,1.998,114.804,144.495,193.573,0,39.091,68.799,71.544,81.263,107.624,139.247,13.323,89.989,40.0,
2026-08-17T14:29:10+0800,102.211,109.227,25.066,temp=53.7'C,throttled=0x0,15.0,1.998,114.804,144.495,414.589,0,39.091,68.799,71.544,81.263,107.624,139.247,13.299,90.848,40.0,
2026-08-17T14:29:11+0800,101.472,109.363,25.062,temp=54.2'C,throttled=0x0,15.0,1.998,114.804,144.495,238.254,0,39.091,69.093,71.544,81.263,107.624,142.522,13.322,90.524,40.0,
2026-08-17T14:29:12+0800,103.435,109.402,25.062,temp=53.7'C,throttled=0x0,15.0,1.998,114.804,144.495,198.653,0,37.259,69.093,71.548,81.263,107.624,142.522,13.328,89.989,40.0,
2026-08-17T14:29:13+0800,103.171,109.309,25.062,temp=53.7'C,throttled=0x0,15.0,1.998,114.829,144.495,258.041,0,37.259,69.093,71.544,81.263,107.624,142.522,13.324,90.524,40.0,
2026-08-17T14:29:14+0800,103.369,109.25,25.062,temp=54.2'C,throttled=0x0,15.0,1.998,114.829,144.495,222.597,0,37.259,69.093,71.544,81.19,107.624,142.522,13.356,89.989,40.0,
2026-08-17T14:29:15+0800,102.188,109.406,25.062,temp=54.2'C,throttled=0x0,15.0,1.998,114.829,144.495,283.04,0,39.091,69.093,71.544,81.19,107.624,142.522,13.359,88.702,40.0,
2026-08-17T14:29:16+0800,101.28,109.379,25.062,temp=53.7'C,throttled=0x0,15.0,1.998,114.829,144.495,279.479,0,39.091,69.093,71.548,81.263,107.624,142.522,13.347,88.702,40.0,
2026-08-17T14:29:18+0800,103.141,109.367,25.062,temp=53.7'C,throttled=0x0,15.0,1.998,114.829,144.495,425.056,0,39.091,69.093,71.548,81.263,107.624,142.522,13.349,88.702,40.0,
2026-08-17T14:29:19+0800,102.233,109.293,25.062,temp=53.7'C,throttled=0x0,15.0,1.998,114.829,144.076,304.099,0,39.091,69.093,71.548,81.263,107.822,142.522,13.334,88.702,40.0,
2026-08-17T14:29:20+0800,103.465,109.402,25.062,temp=53.7'C,throttled=0x0,15.0,1.998,114.804,144.076,350.852,0,39.091,69.093,71.591,81.263,107.822,142.522,13.292,89.806,40.0,
2026-08-17T14:29:21+0800,102.217,109.438,25.062,temp=53.7'C,throttled=0x0,15.0,1.998,114.804,144.076,319.194,0,37.259,69.093,71.55,81.263,107.822,142.522,13.289,89.806,40.0,
2026-08-17T14:29:22+0800,102.193,109.359,25.062,temp=53.7'C,throttled=0x0,15.0,1.998,114.804,143.823,393.814,0,37.259,69.282,71.55,81.263,107.822,142.522,13.268,89.828,40.0,
2026-08-17T14:29:23+0800,104.342,109.27,25.062,temp=53.7'C,throttled=0x0,15.0,1.998,114.804,143.534,372.6,0,36.898,69.282,71.55,81.263,107.822,142.522,13.271,89.828,40.0,
2026-08-17T14:29:24+0800,102.295,109.406,25.062,temp=54.2'C,throttled=0x0,15.0,1.998,114.829,143.539,414.214,0,39.221,69.282,71.591,81.263,107.822,142.522,13.277,89.828,40.0,
2026-08-17T14:29:25+0800,107.977,112.562,25.062,temp=54.2'C,throttled=0x0,15.0,1.998,114.829,143.539,444.782,0,37.259,69.282,71.591,81.19,107.822,142.522,13.277,90.524,40.0,
2026-08-17T14:29:26+0800,112.152,112.625,25.062,temp=53.7'C,throttled=0x0,15.0,1.998,114.916,143.823,449.421,0,36.898,69.093,71.55,81.19,107.908,142.522,13.27,90.678,40.0,
2026-08-17T14:29:27+0800,108.512,111.43,26.305,temp=54.8'C,throttled=0x0,15.0,1.998,114.916,144.076,456.419,0,36.839,69.093,71.591,81.19,107.908,142.522,13.262,90.92,40.0,
2026-08-17T14:29:28+0800,111.391,108.945,25.629,temp=54.2'C,throttled=0x0,15.0,1.998,115.43,144.525,449.556,0,36.618,68.799,71.55,81.19,107.908,142.522,13.248,91.106,40.0,
2026-08-17T14:29:29+0800,102.481,108.836,25.629,temp=53.7'C,throttled=0x0,15.0,1.998,115.461,144.596,431.603,0,36.618,68.799,71.55,81.03,107.908,142.522,13.225,91.985,40.0,
2026-08-17T14:29:30+0800,102.329,108.992,25.629,temp=54.2'C,throttled=0x0,15.0,1.998,115.43,144.596,5.321,0,36.618,68.799,71.548,81.03,107.908,142.522,13.241,91.985,40.0,
2026-08-17T14:29:31+0800,103.091,109.051,25.629,temp=54.2'C,throttled=0x0,15.0,1.998,115.43,144.596,35.911,0,35.911,68.799,71.548,80.298,107.908,142.522,13.245,91.985,40.0,
2026-08-17T14:29:32+0800,103.322,108.879,25.629,temp=53.7'C,throttled=0x0,15.0,1.998,115.43,144.596,33.199,0,35.911,68.799,71.544,80.298,107.908,142.522,13.225,92.954,40.0,
2026-08-17T14:29:33+0800,101.492,108.977,25.629,temp=54.2'C,throttled=0x0,15.0,1.998,114.916,144.596,411.93,0,35.911,68.799,71.542,80.298,107.908,142.522,13.232,92.954,40.0,
2026-08-17T14:29:34+0800,103.096,108.957,25.629,temp=54.2'C,throttled=0x0,15.0,1.998,114.916,144.596,411.93,0,35.911,68.799,71.542,80.298,107.908,142.522,13.238,92.954,40.0,
2026-08-17T14:29:35+0800,105.218,108.918,25.629,temp=54.2'C,throttled=0x0,15.0,1.998,114.916,144.596,442.582,0,35.911,68.799,71.542,80.298,107.822,142.522,13.234,93.064,40.0,
2026-08-17T14:29:36+0800,102.838,108.906,25.629,temp=54.2'C,throttled=0x0,15.0,1.998,114.916,144.525,153.449,0,35.911,68.799,71.544,80.298,107.822,142.522,13.251,93.064,40.0,
2026-08-17T14:29:37+0800,102.261,108.973,25.629,temp=53.7'C,throttled=0x0,15.0,1.998,114.916,144.495,151.507,0,35.911,68.799,71.544,80.298,107.822,142.522,13.228,93.162,40.0,
2026-08-17T14:29:38+0800,102.357,108.895,25.629,temp=53.7'C,throttled=0x0,15.0,1.998,114.916,144.076,133.76,0,35.911,68.799,71.548,80.298,107.908,142.522,13.227,93.064,40.0,
2026-08-17T14:29:39+0800,101.385,108.965,25.629,temp=53.7'C,throttled=0x0,15.0,1.998,114.916,144.076,180.77,0,36.618,68.799,71.548,80.298,107.908,142.522,13.23,93.162,40.0,
2026-08-17T14:29:40+0800,101.467,108.961,25.629,temp=54.2'C,throttled=0x0,15.0,1.998,114.916,144.076,229.317,0,36.618,68.799,71.591,80.298,107.908,142.522,13.24,93.162,40.0,
2026-08-17T14:29:41+0800,103.348,108.965,25.629,temp=53.7'C,throttled=0x0,15.0,1.998,114.829,143.823,211.765,0,36.618,68.799,71.591,81.03,107.908,142.522,13.237,93.162,40.0,
2026-08-17T14:29:42+0800,103.386,108.742,25.629,temp=54.2'C,throttled=0x0,15.0,1.998,114.804,143.539,193.227,0,36.618,68.799,71.597,81.03,107.908,142.522,13.238,92.954,40.0,
2026-08-17T14:29:43+0800,102.42,108.902,25.629,temp=53.7'C,throttled=0x0,15.0,1.998,114.804,143.539,232.75,0,35.911,68.799,71.597,81.03,107.908,142.522,13.242,92.954,40.0,
2026-08-17T14:29:44+0800,104.688,108.949,25.629,temp=53.7'C,throttled=0x0,15.0,1.998,114.804,143.539,270.081,0,36.618,68.78,71.548,81.03,107.908,142.522,13.267,91.629,40.0,
2026-08-17T14:29:45+0800,103.34,108.918,25.629,temp=53.7'C,throttled=0x0,15.0,1.998,114.829,143.539,255.864,0,36.618,68.78,71.55,81.03,107.908,142.522,13.247,92.823,40.0,
2026-08-17T14:29:46+0800,102.428,109.023,25.629,temp=53.7'C,throttled=0x0,15.0,1.998,114.829,143.539,304.794,0,35.911,68.78,71.55,81.03,107.908,142.522,13.293,91.62,40.0,
2026-08-17T14:29:47+0800,105.188,108.938,25.629,temp=53.7'C,throttled=0x0,15.0,1.998,115.43,143.539,284.943,0,36.618,68.799,71.548,81.03,107.908,142.522,13.299,91.62,40.0,
2026-08-17T14:29:48+0800,104.461,108.887,25.629,temp=54.2'C,throttled=0x0,15.0,1.998,115.43,143.539,336.849,0,36.618,68.799,71.548,81.19,107.908,142.522,13.3,90.212,40.0,
2026-08-17T14:29:49+0800,102.469,109.0,25.629,temp=54.2'C,throttled=0x0,15.0,1.998,115.461,143.539,311.656,0,35.911,68.799,71.55,81.19,107.908,142.522,13.299,90.188,40.0,
2026-08-17T14:29:50+0800,101.458,108.934,25.629,temp=53.7'C,throttled=0x0,15.0,1.998,115.461,143.539,355.469,0,35.911,68.799,71.548,81.19,107.908,142.522,13.302,90.188,40.0,
2026-08-17T14:29:51+0800,102.147,109.031,25.629,temp=54.2'C,throttled=0x0,15.0,1.998,115.461,143.823,331.796,0,36.618,68.799,71.548,81.19,107.908,142.522,13.303,90.188,40.0,
2026-08-17T14:29:52+0800,102.442,108.988,25.629,temp=54.2'C,throttled=0x0,15.0,1.998,115.461,143.823,377.412,0,35.911,68.799,71.548,81.19,107.908,142.522,13.308,90.168,40.0,
2026-08-17T14:29:53+0800,107.262,111.969,25.629,temp=54.2'C,throttled=0x0,15.0,1.998,115.461,143.823,414.776,0,36.618,68.799,71.544,81.19,107.908,142.522,13.311,90.168,40.0,
2026-08-17T14:29:54+0800,111.844,111.941,25.629,temp=53.7'C,throttled=0x0,15.0,1.998,115.461,144.076,394.457,0,35.911,68.799,71.544,81.263,107.908,142.522,13.311,90.168,40.0,
2026-08-17T14:29:55+0800,108.571,108.918,25.629,temp=54.2'C,throttled=0x0,15.0,1.998,115.43,144.495,446.733,0,35.911,68.78,71.544,81.263,107.908,142.522,13.316,90.188,40.0,
2026-08-17T14:29:56+0800,104.741,108.879,25.629,temp=53.7'C,throttled=0x0,15.0,1.999,115.43,144.596,3.261,0,35.911,68.78,71.529,81.263,107.908,142.522,13.325,90.188,40.0,
2026-08-17T14:29:57+0800,102.335,108.984,25.629,temp=54.2'C,throttled=0x0,15.0,1.998,114.829,144.596,2.238,0,35.911,68.78,71.542,81.304,107.908,142.522,13.307,90.188,40.0,
2026-08-17T14:29:58+0800,102.153,108.93,25.629,temp=53.7'C,throttled=0x0,15.0,1.998,114.804,144.596,41.584,0,35.911,68.78,71.544,81.304,107.908,142.522,13.312,90.006,40.0,
2026-08-17T14:29:59+0800,102.395,108.898,25.629,temp=54.2'C,throttled=0x0,15.0,1.998,114.804,144.596,9.964,0,35.911,68.78,71.544,81.263,107.908,142.522,13.313,90.006,40.0,
2026-08-17T14:30:00+0800,103.296,108.867,25.629,temp=54.2'C,throttled=0x0,15.0,1.998,114.804,144.596,66.055,0,35.911,68.78,71.544,81.263,107.908,142.522,13.321,90.006,40.0,
2026-08-17T14:30:01+0800,101.368,109.023,25.629,temp=54.2'C,throttled=0x0,15.0,1.998,114.729,144.596,43.173,0,35.857,68.78,71.55,81.263,107.908,142.522,13.322,90.006,40.0,
2026-08-17T14:30:02+0800,102.296,108.988,25.629,temp=53.2'C,throttled=0x0,15.0,1.998,114.729,144.596,101.656,0,35.788,68.78,71.544,81.19,107.908,142.522,13.311,90.006,40.0,
2026-08-17T14:30:03+0800,102.457,108.98,25.629,temp=53.7'C,throttled=0x0,15.0,1.998,114.729,144.596,78.832,0,35.911,69.282,71.544,81.19,107.908,142.522,13.314,90.188,40.0,
2026-08-17T14:30:04+0800,102.386,108.957,25.629,temp=53.7'C,throttled=0x0,15.0,1.998,114.729,144.596,118.537,0,35.857,69.282,71.542,81.19,107.908,142.522,13.316,90.006,40.0,
2026-08-17T14:30:05+0800,103.431,108.957,25.629,temp=54.2'C,throttled=0x0,15.0,1.998,114.729,144.495,160.515,0,35.857,69.282,71.527,81.19,107.908,142.522,13.335,89.562,40.0,
2026-08-17T14:30:06+0800,102.496,108.957,25.629,temp=53.7'C,throttled=0x0,15.0,1.998,114.729,144.495,141.901,0,35.911,69.521,71.525,81.19,107.908,142.522,13.331,89.624,40.0,
2026-08-17T14:30:07+0800,104.444,108.961,25.629,temp=53.7'C,throttled=0x0,15.0,1.998,114.729,144.495,141.664,0,36.618,69.596,71.527,81.19,107.908,142.522,13.307,89.624,40.0,
2026-08-17T14:30:08+0800,103.318,108.965,25.629,temp=53.7'C,throttled=0x0,15.0,1.998,114.804,144.495,167.009,0,35.911,69.596,71.527,81.19,107.908,142.522,13.32,89.562,40.0,
2026-08-17T14:30:09+0800,102.347,108.965,25.629,temp=53.7'C,throttled=0x0,15.0,1.998,114.804,144.495,216.493,0,35.911,69.596,71.525,81.19,107.908,142.522,13.324,90.006,40.0,
2026-08-17T14:30:10+0800,102.475,109.051,25.629,temp=53.7'C,throttled=0x0,15.0,1.998,114.804,144.495,209.477,0,35.911,69.521,71.516,81.19,107.908,142.522,13.324,90.006,40.0,
2026-08-17T14:30:11+0800,101.461,108.918,25.629,temp=53.7'C,throttled=0x0,15.0,1.999,114.804,144.495,184.9,0,35.911,69.521,71.504,80.298,107.908,142.522,13.315,90.006,40.0,
2026-08-17T14:30:12+0800,102.431,108.941,25.629,temp=54.2'C,throttled=0x0,15.0,1.998,114.804,144.495,229.614,0,35.911,69.521,71.503,80.298,107.908,142.522,13.313,90.006,40.0,
2026-08-17T14:30:13+0800,103.248,109.031,25.629,temp=54.2'C,throttled=0x0,15.0,1.998,114.804,144.495,210.861,0,35.911,69.521,71.503,81.19,107.908,142.522,13.312,89.892,40.0,
2026-08-17T14:30:15+0800,104.454,108.887,25.629,temp=53.7'C,throttled=0x0,15.0,1.998,114.804,144.495,243.193,0,35.857,69.521,71.504,81.19,107.908,142.522,13.316,89.562,40.0,
2026-08-17T14:30:16+0800,101.463,108.93,25.629,temp=54.2'C,throttled=0x0,15.0,1.998,114.804,144.495,297.154,0,35.911,69.521,71.504,81.19,107.908,142.522,13.323,89.562,40.0,
2026-08-17T14:30:17+0800,103.099,108.898,25.629,temp=53.7'C,throttled=0x0,15.0,1.998,114.804,144.495,279.837,0,35.911,69.521,71.503,81.19,107.908,142.522,13.326,89.562,40.0,
2026-08-17T14:30:18+0800,105.387,108.922,25.629,temp=53.7'C,throttled=0x0,15.0,1.998,114.804,144.495,341.393,0,35.911,69.521,71.503,81.19,107.908,142.522,13.312,89.892,40.0,
2026-08-17T14:30:19+0800,102.419,109.023,25.629,temp=53.7'C,throttled=0x0,15.0,1.998,114.804,144.495,318.347,0,35.857,69.521,71.503,81.19,107.908,142.522,13.309,89.892,40.0,
2026-08-17T14:30:20+0800,102.389,108.93,25.629,temp=54.2'C,throttled=0x0,15.0,1.998,114.804,144.495,344.504,0,35.911,69.521,71.495,80.298,107.908,142.522,13.32,89.562,40.0,
2026-08-17T14:30:21+0800,105.347,108.887,25.629,temp=53.7'C,throttled=0x0,15.0,1.998,114.804,144.495,335.724,0,35.911,69.521,71.495,81.19,107.908,142.522,13.316,89.892,40.0,
2026-08-17T14:30:22+0800,103.245,108.906,25.629,temp=53.7'C,throttled=0x0,15.0,1.998,114.804,144.495,373.301,0,35.911,69.521,71.495,81.19,107.908,142.522,13.328,89.562,40.0,
2026-08-17T14:30:23+0800,102.417,108.977,25.629,temp=53.7'C,throttled=0x0,15.0,1.998,114.804,144.495,345.109,0,36.618,69.521,71.499,81.19,107.908,142.522,13.323,89.224,40.0,
2026-08-17T14:30:24+0800,108.406,112.16,25.629,temp=53.7'C,throttled=0x0,15.0,1.998,114.804,144.495,416.618,0,36.618,69.521,71.486,80.298,107.908,142.522,13.313,89.562,40.0,
2026-08-17T14:30:25+0800,112.763,112.035,25.629,temp=53.7'C,throttled=0x0,15.0,1.998,114.804,144.495,470.976,0,36.618,69.521,71.471,80.298,107.908,142.522,13.3,89.892,40.0,
2026-08-17T14:30:26+0800,106.324,109.031,25.629,temp=53.7'C,throttled=0x0,15.0,1.998,114.804,144.495,438.611,0,36.618,69.228,71.485,80.298,107.908,142.522,13.317,89.892,40.0,
2026-08-17T14:30:27+0800,105.28,108.934,25.629,temp=54.2'C,throttled=0x0,15.0,1.998,114.804,143.823,8.201,0,36.013,68.607,71.485,81.19,107.908,142.522,13.305,90.028,40.0,
2026-08-17T14:30:28+0800,102.484,108.938,25.629,temp=53.7'C,throttled=0x0,15.0,1.998,114.804,143.823,4.09,0,35.911,68.298,71.471,81.19,107.908,142.522,13.288,90.028,40.0,
2026-08-17T14:30:29+0800,103.16,108.977,25.629,temp=53.7'C,throttled=0x0,15.0,1.998,114.804,143.823,48.887,0,35.911,68.298,71.47,80.298,107.908,142.522,13.289,89.892,40.0,
2026-08-17T14:30:30+0800,103.629,108.879,25.629,temp=53.7'C,throttled=0x0,15.0,1.998,114.804,143.823,20.088,0,35.857,68.298,71.471,80.298,107.908,142.522,13.297,89.224,40.0,
2026-08-17T14:30:31+0800,105.366,108.836,25.629,temp=54.8'C,throttled=0x0,15.0,1.998,114.804,144.495,62.753,0,35.857,68.298,71.485,81.304,107.908,142.522,13.295,89.01,40.0,
2026-08-17T14:30:32+0800,102.479,109.031,25.629,temp=54.2'C,throttled=0x0,15.0,1.998,114.804,145.273,41.316,0,35.857,68.298,71.485,81.304,107.908,142.522,13.298,88.298,40.0,
2026-08-17T14:30:33+0800,105.359,108.875,25.629,temp=53.7'C,throttled=0x0,15.0,1.998,114.804,145.824,97.919,0,35.788,68.298,71.47,81.304,107.908,142.522,13.295,89.01,40.0,
2026-08-17T14:30:34+0800,102.435,108.914,25.629,temp=53.7'C,throttled=0x0,15.0,1.998,114.804,145.824,80.654,0,35.651,68.298,71.47,81.304,107.908,142.522,13.287,89.01,40.0,
2026-08-17T14:30:35+0800,103.34,109.07,25.629,temp=53.7'C,throttled=0x0,15.0,1.998,115.461,145.824,122.793,0,35.788,68.298,71.47,81.304,107.908,142.522,13.287,88.298,40.0,
2026-08-17T14:30:36+0800,104.36,108.988,25.629,temp=54.2'C,throttled=0x0,15.0,1.998,115.49,145.894,97.21,0,35.651,68.298,71.467,81.304,107.908,142.522,13.293,89.01,40.0,
2026-08-17T14:30:37+0800,103.406,108.934,25.629,temp=53.7'C,throttled=0x0,15.0,1.998,115.49,145.894,157.77,0,34.823,68.298,71.47,81.304,107.908,142.522,13.295,89.01,40.0,
2026-08-17T14:30:38+0800,102.433,108.957,25.629,temp=54.8'C,throttled=0x0,15.0,1.998,115.461,145.894,148.278,0,34.823,68.298,71.467,80.298,107.908,142.522,13.286,89.01,40.0,
2026-08-17T14:30:39+0800,104.355,108.852,25.629,temp=54.2'C,throttled=0x0,15.0,1.998,115.461,145.894,180.586,0,34.823,68.298,71.467,81.304,107.908,142.522,13.281,89.01,40.0,
2026-08-17T14:30:40+0800,103.509,108.969,25.629,temp=54.2'C,throttled=0x0,15.0,1.998,115.49,145.894,153.863,0,34.783,68.298,71.467,81.304,107.908,142.522,13.287,89.01,40.0,
2026-08-17T14:30:41+0800,102.476,108.898,25.629,temp=54.2'C,throttled=0x0,15.0,1.998,115.49,145.894,199.021,0,34.823,68.298,71.464,81.304,107.908,142.522,13.292,89.01,40.0,
2026-08-17T14:30:42+0800,101.482,109.012,25.629,temp=54.2'C,throttled=0x0,15.0,1.998,115.49,145.894,256.848,0,35.651,68.298,71.458,81.304,107.908,142.522,13.299,89.719,40.0,
2026-08-17T14:30:43+0800,108.856,108.996,25.629,temp=53.7'C,throttled=0x0,15.0,1.998,115.49,145.894,262.854,0,35.788,68.298,71.446,81.304,107.908,142.522,13.288,91.016,40.0,
2026-08-17T14:30:44+0800,103.144,109.027,25.629,temp=53.7'C,throttled=0x0,15.0,1.998,115.49,145.894,233.153,0,35.651,68.298,71.442,81.304,107.908,142.522,13.273,91.487,40.0,
2026-08-17T14:30:45+0800,102.448,109.008,25.629,temp=53.7'C,throttled=0x0,15.0,1.998,115.49,145.894,274.406,0,35.788,68.298,71.442,81.304,107.908,142.522,13.29,89.719,40.0,
2026-08-17T14:30:46+0800,103.419,108.957,25.629,temp=53.7'C,throttled=0x0,15.0,1.998,115.49,145.894,256.71,0,35.788,68.298,71.438,81.304,107.908,142.522,13.294,89.719,40.0,
2026-08-17T14:30:47+0800,103.344,108.887,25.629,temp=54.8'C,throttled=0x0,15.0,1.998,115.49,145.894,316.91,0,35.788,68.298,71.438,81.527,107.908,142.522,13.294,91.016,40.0,
2026-08-17T14:30:48+0800,103.446,108.996,25.629,temp=54.2'C,throttled=0x0,15.0,1.998,115.49,145.894,320.033,0,35.788,68.607,71.438,81.527,107.908,142.522,13.273,91.487,40.0,
2026-08-17T14:30:49+0800,103.387,109.035,25.629,temp=53.7'C,throttled=0x0,15.0,1.999,115.49,145.894,355.281,0,35.857,69.228,71.437,81.527,107.908,142.522,13.293,91.016,40.0,
2026-08-17T14:30:50+0800,101.452,108.977,25.629,temp=54.2'C,throttled=0x0,15.0,1.998,115.49,145.894,314.678,0,35.788,69.228,71.432,81.527,107.908,142.522,13.288,91.016,40.0,
2026-08-17T14:30:51+0800,102.382,109.039,25.629,temp=54.8'C,throttled=0x0,15.0,1.998,115.49,145.894,366.137,0,35.857,69.228,71.429,81.527,107.908,142.522,13.278,91.487,40.0,
2026-08-17T14:30:52+0800,101.45,108.918,25.629,temp=53.7'C,throttled=0x0,15.0,1.998,115.49,145.894,342.003,0,35.857,69.228,71.419,81.527,107.908,142.522,13.295,90.886,40.0,
2026-08-17T14:30:53+0800,105.254,109.172,25.629,temp=53.7'C,throttled=0x0,15.0,1.998,115.49,145.894,402.981,0,35.788,69.228,71.415,81.527,107.908,142.522,13.293,90.886,40.0,
2026-08-17T14:30:54+0800,109.378,112.066,25.629,temp=53.7'C,throttled=0x0,15.0,1.998,115.49,145.894,388.965,0,35.788,68.607,71.413,81.527,107.908,142.522,13.276,91.487,40.0,
2026-08-17T14:30:55+0800,110.376,112.09,25.629,temp=54.2'C,throttled=0x0,15.0,1.999,115.49,145.894,440.296,0,35.857,68.607,71.413,81.527,107.908,142.522,13.278,91.487,40.0,
2026-08-17T14:30:56+0800,105.849,108.945,25.629,temp=53.7'C,throttled=0x0,15.0,1.999,114.804,145.824,490.79,0,35.857,68.607,71.413,81.527,107.908,142.522,13.279,91.603,40.0,
2026-08-17T14:30:57+0800,103.38,109.039,25.629,temp=53.7'C,throttled=0x0,15.0,1.998,114.804,145.894,469.577,0,35.857,69.228,71.413,81.527,107.908,142.522,13.281,90.886,40.0,
2026-08-17T14:30:58+0800,102.37,109.008,25.629,temp=54.2'C,throttled=0x0,15.0,1.999,114.804,145.894,465.135,0,35.857,69.228,71.413,81.527,107.908,142.522,13.266,91.827,40.0,
2026-08-17T14:30:59+0800,103.451,108.906,25.629,temp=53.7'C,throttled=0x0,15.0,1.998,115.49,145.894,14.491,0,35.788,69.228,71.413,81.527,107.908,142.522,13.266,92.833,40.0,
2026-08-17T14:31:00+0800,101.408,108.988,25.629,temp=53.7'C,throttled=0x0,15.0,1.998,115.526,145.894,2.996,0,35.857,69.228,71.413,81.527,107.908,142.522,13.252,92.833,40.0,
2026-08-17T14:31:01+0800,104.079,108.957,25.629,temp=53.7'C,throttled=0x0,15.0,1.998,115.526,145.894,74.879,0,35.788,68.607,71.415,81.527,107.908,142.522,13.24,91.827,40.0,
2026-08-17T14:31:02+0800,101.459,109.051,25.629,temp=54.8'C,throttled=0x0,15.0,1.998,115.526,145.894,44.289,0,35.788,68.607,71.413,81.527,107.908,142.522,13.265,91.674,40.0,
2026-08-17T14:31:03+0800,103.428,108.992,25.629,temp=54.8'C,throttled=0x0,15.0,1.998,115.49,145.894,39.163,0,35.651,68.607,71.413,81.527,107.908,142.522,13.257,91.674,40.0,
2026-08-17T14:31:04+0800,104.394,108.91,25.629,temp=54.2'C,throttled=0x0,15.0,1.998,115.49,145.894,91.674,0,35.465,68.607,71.413,81.527,107.908,142.522,13.245,91.827,40.0,
2026-08-17T14:31:05+0800,101.402,108.961,25.629,temp=54.8'C,throttled=0x0,15.0,1.998,115.49,145.894,131.909,0,35.651,68.607,71.413,81.527,107.908,142.522,13.249,91.674,40.0,
2026-08-17T14:31:06+0800,102.14,108.945,25.629,temp=54.2'C,throttled=0x0,15.0,1.998,115.172,145.894,117.839,0,35.788,68.607,71.397,81.527,107.908,142.522,13.26,91.674,40.0,
2026-08-17T14:31:07+0800,101.518,108.922,25.629,temp=54.8'C,throttled=0x0,15.0,1.998,115.172,145.894,122.942,0,35.788,68.607,71.396,81.527,107.908,142.522,13.237,93.601,40.0,
2026-08-17T14:31:08+0800,103.41,99.289,25.629,temp=54.2'C,throttled=0x0,15.0,1.999,115.172,145.894,139.056,0,35.465,68.607,71.39,81.527,107.908,142.522,13.217,93.601,40.0,
2026-08-17T14:31:09+0800,102.407,99.379,25.629,temp=54.2'C,throttled=0x0,15.0,1.999,115.172,145.894,191.334,0,35.788,68.607,71.38,81.527,107.908,142.522,13.208,93.601,40.0,
2026-08-17T14:31:10+0800,103.37,99.492,25.629,temp=54.2'C,throttled=0x0,15.0,1.998,115.172,145.894,172.62,0,35.465,68.607,71.38,81.527,107.908,142.522,13.21,93.601,40.0,
2026-08-17T14:31:11+0800,101.438,99.332,25.629,temp=54.8'C,throttled=0x0,15.0,1.999,115.172,145.894,220.711,0,35.465,68.607,71.38,81.527,107.908,142.522,13.207,93.601,40.0,
2026-08-17T14:31:13+0800,101.481,99.297,25.629,temp=54.2'C,throttled=0x0,15.0,1.999,115.172,145.894,185.301,0,34.823,68.607,71.38,81.527,107.908,142.522,13.22,93.601,40.0,
2026-08-17T14:31:14+0800,104.363,99.312,25.629,temp=54.2'C,throttled=0x0,15.0,1.998,115.172,145.894,239.225,0,34.823,69.228,71.373,79.08,107.908,142.522,13.221,92.46,40.0,
2026-08-17T14:31:15+0800,104.354,99.254,25.629,temp=54.2'C,throttled=0x0,15.0,1.998,115.172,145.894,224.516,0,35.465,69.228,71.367,79.08,107.908,142.522,13.214,92.075,40.0,
2026-08-17T14:31:16+0800,103.445,99.371,25.629,temp=54.2'C,throttled=0x0,15.0,1.998,115.172,145.894,265.023,0,35.465,69.228,71.367,79.08,107.908,142.522,13.212,91.827,40.0,
2026-08-17T14:31:17+0800,101.459,99.402,25.629,temp=53.7'C,throttled=0x0,15.0,1.999,114.804,145.894,244.225,0,34.823,69.228,71.373,79.08,107.908,142.522,13.227,92.075,40.0,
2026-08-17T14:31:18+0800,104.329,99.246,25.629,temp=54.2'C,throttled=0x0,15.0,1.998,114.804,145.894,303.2,0,34.783,69.228,71.373,81.527,107.908,142.522,13.23,92.075,40.0,
2026-08-17T14:31:19+0800,102.414,99.27,25.629,temp=54.8'C,throttled=0x0,15.0,1.999,114.804,145.894,299.586,0,34.823,69.228,71.367,81.527,107.908,142.522,13.213,91.787,40.0,
2026-08-17T14:31:20+0800,102.476,99.32,25.629,temp=54.2'C,throttled=0x0,15.0,1.999,114.729,145.894,336.509,0,34.823,69.228,71.363,81.527,107.908,142.522,13.236,91.787,40.0,
2026-08-17T14:31:21+0800,103.31,99.281,25.629,temp=54.2'C,throttled=0x0,15.0,1.999,114.729,145.894,321.067,0,34.783,69.228,71.367,81.527,107.908,142.522,13.244,91.787,40.0,
2026-08-17T14:31:22+0800,103.043,99.371,25.629,temp=54.8'C,throttled=0x0,15.0,1.998,114.804,145.894,376.126,0,34.525,69.228,71.373,81.527,107.908,142.522,13.236,91.787,40.0,
2026-08-17T14:31:23+0800,103.324,99.387,25.629,temp=53.7'C,throttled=0x0,15.0,1.999,115.172,145.894,351.376,0,34.783,69.228,71.367,81.527,107.908,142.522,13.247,91.65,40.0,
2026-08-17T14:31:24+0800,100.395,99.57,25.629,temp=54.2'C,throttled=0x0,15.0,1.999,115.172,145.894,416.936,0,34.525,68.298,71.358,81.527,107.908,142.522,13.243,91.65,40.0,
2026-08-17T14:31:25+0800,112.036,102.605,25.629,temp=53.7'C,throttled=0x0,15.0,1.999,115.172,145.894,404.567,0,34.525,68.298,71.358,79.08,107.908,142.522,13.228,91.787,40.0,
2026-08-17T14:31:26+0800,114.244,102.527,25.629,temp=54.2'C,throttled=0x0,15.0,1.999,115.172,145.894,474.105,0,34.525,68.298,71.358,79.08,107.908,142.522,13.219,91.787,40.0,
2026-08-17T14:31:27+0800,103.18,99.445,25.629,temp=54.2'C,throttled=0x0,15.0,1.998,114.729,145.894,436.658,0,34.525,67.726,71.355,79.08,107.908,142.522,13.264,90.955,40.0,
2026-08-17T14:31:28+0800,103.022,99.289,25.629,temp=54.8'C,throttled=0x0,15.0,1.999,114.729,145.894,16.473,0,34.293,67.726,71.353,79.08,107.908,142.522,13.253,91.052,40.0,
2026-08-17T14:31:29+0800,102.484,99.379,25.629,temp=54.2'C,throttled=0x0,15.0,1.999,114.729,145.894,16.928,0,34.293,67.726,71.353,79.08,107.908,142.522,13.24,91.052,40.0,
2026-08-17T14:31:30+0800,101.417,99.348,25.629,temp=54.2'C,throttled=0x0,15.0,1.999,114.729,145.894,491.175,0,34.293,67.726,71.353,79.08,107.908,142.522,13.241,91.052,40.0,
2026-08-17T14:31:31+0800,103.465,99.27,25.629,temp=54.2'C,throttled=0x0,15.0,1.999,114.729,145.894,39.268,0,34.293,67.726,71.355,81.527,107.908,142.522,13.239,90.955,40.0,
2026-08-17T14:31:32+0800,103.832,99.34,25.629,temp=54.2'C,throttled=0x0,15.0,1.999,114.729,145.894,80.877,0,34.293,66.955,71.355,81.527,107.908,142.522,13.238,91.052,40.0,
2026-08-17T14:31:33+0800,103.427,99.312,25.629,temp=54.2'C,throttled=0x0,15.0,1.999,115.172,145.894,47.712,0,34.293,66.955,71.355,81.527,107.908,142.522,13.247,90.955,40.0,
2026-08-17T14:31:34+0800,105.459,99.328,25.629,temp=53.7'C,throttled=0x0,15.0,1.999,115.172,145.925,121.851,0,33.597,66.955,71.353,79.08,107.908,142.522,13.242,90.831,40.0,
2026-08-17T14:31:35+0800,103.387,99.277,25.629,temp=53.7'C,throttled=0x0,15.0,1.999,115.172,145.925,85.825,0,33.466,66.955,71.353,79.08,107.908,142.522,13.241,90.955,40.0,
2026-08-17T14:31:36+0800,102.418,99.281,25.629,temp=53.7'C,throttled=0x0,15.0,1.999,115.172,145.925,131.608,0,33.597,66.955,71.34,79.08,107.908,142.522,13.244,90.831,40.0,
2026-08-17T14:31:37+0800,102.476,99.379,25.629,temp=53.7'C,throttled=0x0,15.0,1.999,115.172,145.925,113.789,0,33.597,66.955,71.34,79.08,107.908,142.522,13.247,90.955,40.0,
2026-08-17T14:31:38+0800,102.423,99.398,25.629,temp=54.2'C,throttled=0x0,15.0,1.999,115.172,145.894,154.204,0,33.597,66.955,71.333,79.08,107.908,142.522,13.262,90.831,40.0,
2026-08-17T14:31:39+0800,107.245,99.297,25.629,temp=54.8'C,throttled=0x0,15.0,1.998,115.172,144.895,137.255,0,34.293,66.955,71.333,79.08,107.908,142.522,13.244,90.955,40.0,
2026-08-17T14:31:40+0800,103.282,99.402,25.629,temp=53.7'C,throttled=0x0,15.0,1.999,115.172,144.788,213.08,0,34.293,67.726,71.333,81.147,107.908,142.522,13.253,90.955,40.0,
2026-08-17T14:31:41+0800,103.425,99.406,25.629,temp=53.7'C,throttled=0x0,15.0,1.999,115.49,144.788,190.259,0,34.293,67.726,71.331,81.147,107.908,142.522,13.249,90.831,40.0,
2026-08-17T14:31:42+0800,104.371,99.359,25.629,temp=53.7'C,throttled=0x0,15.0,1.999,115.6,144.895,226.754,0,34.293,68.04,71.331,81.147,107.908,142.522,13.26,90.831,40.0,
2026-08-17T14:31:43+0800,104.424,99.312,25.629,temp=54.2'C,throttled=0x0,15.0,1.999,115.49,144.895,225.299,0,35.465,68.44,71.328,81.147,107.908,142.522,13.253,90.776,40.0,
2026-08-17T14:31:44+0800,105.226,99.188,25.629,temp=54.2'C,throttled=0x0,15.0,1.999,115.538,144.895,223.33,0,35.465,68.44,71.328,81.147,107.908,142.522,13.25,90.776,40.0,
2026-08-17T14:31:45+0800,103.408,99.48,25.629,temp=53.7'C,throttled=0x0,15.0,1.999,115.538,144.895,248.6,0,34.525,68.44,71.328,81.147,107.908,142.522,13.268,90.727,40.0,
2026-08-17T14:31:46+0800,102.486,99.395,25.629,temp=53.7'C,throttled=0x0,15.0,1.999,115.49,144.895,231.486,0,34.525,68.44,71.328,81.147,107.908,142.522,13.259,90.776,40.0,
2026-08-17T14:31:47+0800,104.106,99.359,25.629,temp=54.2'C,throttled=0x0,15.0,1.998,115.49,144.895,289.032,0,35.465,68.627,71.312,79.08,107.908,142.522,13.262,90.727,40.0,
2026-08-17T14:31:48+0800,104.412,99.285,25.629,temp=54.2'C,throttled=0x0,15.0,1.999,115.49,144.895,284.569,0,35.857,69.228,71.328,79.08,107.908,142.522,13.279,90.588,40.0,
2026-08-17T14:31:49+0800,101.562,99.328,25.629,temp=53.7'C,throttled=0x0,15.0,1.999,115.49,144.895,345.555,0,35.857,69.228,71.312,79.08,107.908,142.522,13.272,90.109,40.0,
2026-08-17T14:31:50+0800,103.485,99.426,25.629,temp=54.8'C,throttled=0x0,15.0,1.999,115.49,144.895,340.841,0,35.857,69.228,71.31,81.147,107.908,142.522,13.26,90.588,40.0,
2026-08-17T14:31:51+0800,102.376,99.387,25.629,temp=53.7'C,throttled=0x0,15.0,1.999,115.49,144.895,381.185,0,35.465,69.228,71.308,81.147,107.908,142.522,13.261,90.588,40.0,
2026-08-17T14:31:52+0800,103.282,99.285,25.629,temp=54.2'C,throttled=0x0,15.0,1.999,115.49,144.895,353.073,0,35.857,69.228,71.306,81.147,107.908,142.522,13.261,90.648,40.0,
2026-08-17T14:31:53+0800,105.149,100.301,25.629,temp=53.7'C,throttled=0x0,15.0,1.999,115.49,144.895,404.599,0,35.857,69.228,71.3,79.08,107.908,142.522,13.267,90.727,40.0,
2026-08-17T14:31:54+0800,107.284,102.598,25.629,temp=54.2'C,throttled=0x0,15.0,1.999,115.49,144.895,398.815,0,35.465,69.228,71.299,79.08,107.908,142.522,13.253,90.727,40.0,
2026-08-17T14:31:55+0800,112.989,102.543,25.629,temp=54.8'C,throttled=0x0,15.0,1.999,115.49,144.895,453.007,0,35.876,69.228,71.299,79.08,107.908,142.522,13.243,91.459,40.0,
2026-08-17T14:31:56+0800,107.435,99.371,25.629,temp=54.2'C,throttled=0x0,15.0,1.999,115.49,144.895,437.139,0,34.776,69.228,71.299,79.08,107.908,142.522,13.243,92.141,40.0,
2026-08-17T14:31:57+0800,101.474,99.43,25.629,temp=54.2'C,throttled=0x0,15.0,1.999,115.49,144.895,4.081,0,34.776,69.228,71.3,79.08,107.908,142.522,13.227,92.141,40.0,
2026-08-17T14:31:58+0800,102.33,99.309,25.629,temp=53.7'C,throttled=0x0,15.0,1.999,115.49,144.895,454.589,0,34.776,69.228,71.3,79.08,107.908,142.522,13.25,92.109,40.0,
2026-08-17T14:31:59+0800,107.031,99.23,25.629,temp=54.2'C,throttled=0x0,15.0,1.999,115.49,144.895,46.484,0,34.776,68.627,71.301,81.147,107.908,142.522,13.236,92.109,40.0,
2026-08-17T14:32:00+0800,102.449,99.445,25.629,temp=54.8'C,throttled=0x0,15.0,1.999,115.49,144.895,11.099,0,34.776,68.627,71.3,79.08,107.908,142.522,13.241,92.109,40.0,
2026-08-17T14:32:01+0800,104.399,99.363,25.629,temp=54.2'C,throttled=0x0,15.0,1.999,115.49,145.38,50.673,0,34.776,68.627,71.3,79.08,107.908,142.522,13.24,91.22,40.0,
2026-08-17T14:32:02+0800,104.168,99.277,25.629,temp=54.2'C,throttled=0x0,15.0,1.999,115.49,144.895,44.346,0,34.776,68.627,71.3,79.08,107.908,142.522,13.24,92.109,40.0,
2026-08-17T14:32:03+0800,105.107,99.387,25.629,temp=54.8'C,throttled=0x0,15.0,1.999,115.49,144.895,105.876,0,35.465,69.228,71.3,79.08,107.908,142.522,13.248,91.22,40.0,
2026-08-17T14:32:04+0800,105.404,99.352,25.629,temp=54.2'C,throttled=0x0,15.0,1.999,115.49,144.895,89.782,0,34.803,69.228,71.301,79.08,107.908,142.522,13.229,92.109,40.0,
2026-08-17T14:32:05+0800,104.351,99.371,25.629,temp=53.7'C,throttled=0x0,15.0,1.999,115.538,144.895,125.409,0,35.876,69.228,71.301,79.018,107.908,142.522,13.243,91.22,40.0,
2026-08-17T14:32:06+0800,103.169,99.34,25.629,temp=54.8'C,throttled=0x0,15.0,1.999,115.6,145.38,127.294,0,35.876,69.228,71.3,79.018,107.908,142.522,13.244,91.22,40.0,
2026-08-17T14:32:07+0800,104.086,99.398,25.629,temp=54.2'C,throttled=0x0,15.0,1.999,115.6,145.602,167.288,0,34.803,69.228,71.3,79.018,107.908,142.522,13.246,92.109,40.0,
2026-08-17T14:32:08+0800,103.424,99.32,25.629,temp=54.2'C,throttled=0x0,15.0,1.999,115.6,145.925,142.267,0,35.465,69.97,71.299,78.565,107.908,142.522,13.256,92.109,40.0,
2026-08-17T14:32:09+0800,104.37,99.398,25.629,temp=54.2'C,throttled=0x0,15.0,1.999,115.619,145.965,155.264,0,35.465,69.97,71.286,78.565,107.908,142.522,13.246,92.488,40.0,
2026-08-17T14:32:11+0800,100.379,99.406,25.629,temp=54.2'C,throttled=0x0,15.0,1.999,115.646,145.965,194.132,0,34.803,69.228,71.284,78.565,107.908,142.522,13.245,92.109,40.0,
2026-08-17T14:32:12+0800,104.085,99.465,25.629,temp=53.7'C,throttled=0x0,15.0,1.999,115.954,146.217,229.647,0,35.465,69.97,71.283,78.565,107.908,142.522,13.25,91.883,40.0,
2026-08-17T14:32:13+0800,103.43,99.418,25.629,temp=53.7'C,throttled=0x0,15.0,1.999,115.646,146.217,219.155,0,35.465,69.97,71.284,79.018,107.908,142.522,13.248,91.596,40.0,
2026-08-17T14:32:14+0800,104.004,99.41,25.629,temp=53.7'C,throttled=0x0,15.0,1.999,115.619,146.217,265.5,0,35.465,69.97,71.283,79.018,107.908,142.522,13.274,91.501,40.0,
2026-08-17T14:32:15+0800,102.351,99.402,25.629,temp=53.7'C,throttled=0x0,15.0,1.999,115.6,146.217,260.607,0,35.465,69.97,71.284,79.018,107.908,142.522,13.253,91.501,40.0,
2026-08-17T14:32:16+0800,102.366,99.414,25.629,temp=53.7'C,throttled=0x0,15.0,1.999,115.6,146.217,290.589,0,35.465,69.228,71.284,79.018,107.908,142.522,13.282,91.405,40.0,
2026-08-17T14:32:17+0800,103.439,99.344,25.625,temp=54.2'C,throttled=0x0,15.0,1.999,115.6,146.217,272.305,0,35.383,69.228,71.286,79.08,107.908,142.522,13.275,91.405,40.0,
2026-08-17T14:32:18+0800,102.474,99.488,25.625,temp=53.7'C,throttled=0x0,15.0,1.999,115.6,146.217,316.523,0,34.803,69.228,71.284,79.08,107.908,142.522,13.274,91.405,40.0,
2026-08-17T14:32:19+0800,104.431,99.438,25.625,temp=54.2'C,throttled=0x0,15.0,1.999,115.6,146.217,286.954,0,34.776,68.627,71.283,79.08,107.908,142.522,13.293,91.33,40.0,
2026-08-17T14:32:20+0800,106.312,99.363,25.625,temp=54.2'C,throttled=0x0,15.0,1.999,115.6,146.217,355.797,0,34.776,68.44,71.281,79.08,107.908,142.522,13.27,91.33,40.0,
2026-08-17T14:32:21+0800,102.205,99.371,25.625,temp=54.2'C,throttled=0x0,15.0,1.999,115.6,146.217,329.234,0,34.776,68.44,71.281,79.08,107.908,142.522,13.267,91.33,40.0,
2026-08-17T14:32:22+0800,102.497,99.395,25.625,temp=53.7'C,throttled=0x0,15.0,1.999,115.6,146.217,377.36,0,34.803,68.627,71.281,79.08,107.908,142.522,13.285,91.33,40.0,
2026-08-17T14:32:23+0800,104.337,99.406,25.625,temp=54.2'C,throttled=0x0,15.0,1.999,115.6,146.217,354.181,0,35.383,68.627,71.269,79.08,107.908,142.522,13.286,91.33,40.0,
2026-08-17T14:32:24+0800,104.039,100.805,25.625,temp=54.2'C,throttled=0x0,15.0,1.999,115.6,146.217,408.867,0,34.803,68.44,71.281,79.08,107.908,142.522,13.299,91.33,40.0,
2026-08-17T14:32:25+0800,111.843,102.539,25.625,temp=53.7'C,throttled=0x0,15.0,1.999,115.6,146.217,380.784,0,34.803,68.44,71.281,79.08,107.908,142.522,13.282,91.405,40.0,
2026-08-17T14:32:26+0800,111.202,102.684,25.625,temp=53.7'C,throttled=0x0,15.0,1.999,115.6,146.217,476.225,0,34.803,68.44,71.267,79.018,107.908,142.522,13.278,91.405,40.0,
2026-08-17T14:32:27+0800,103.499,99.387,25.625,temp=53.7'C,throttled=0x0,15.0,1.999,115.6,146.217,463.91,0,35.383,68.44,71.267,79.018,107.908,142.522,13.26,91.33,40.0,
2026-08-17T14:32:28+0800,104.334,99.469,25.625,temp=54.2'C,throttled=0x0,15.0,1.999,115.6,146.217,19.926,0,35.465,68.627,71.265,79.018,107.908,142.522,13.251,91.405,40.0,
2026-08-17T14:32:29+0800,102.922,99.406,25.625,temp=54.2'C,throttled=0x0,15.0,1.999,115.6,146.217,8.971,0,35.465,68.627,71.267,79.018,107.908,142.522,13.268,91.126,40.0,
2026-08-17T14:32:30+0800,104.418,99.438,25.625,temp=54.2'C,throttled=0x0,15.1,1.999,115.6,146.217,60.05,0,35.465,68.627,71.267,79.018,107.908,142.522,13.259,91.126,40.0,
2026-08-17T14:32:31+0800,102.126,99.41,25.625,temp=54.2'C,throttled=0x0,15.1,1.999,115.6,146.217,36.164,0,35.465,68.627,71.267,79.018,107.908,142.522,13.255,91.124,40.0,
2026-08-17T14:32:32+0800,101.411,99.559,25.625,temp=54.2'C,throttled=0x0,15.1,1.999,115.6,146.217,88.018,0,35.465,68.627,71.281,79.018,107.908,142.522,13.256,91.06,40.0,
2026-08-17T14:32:33+0800,102.213,99.371,25.625,temp=54.2'C,throttled=0x0,15.1,1.999,115.6,146.217,60.363,0,35.465,68.627,71.281,79.018,107.908,142.522,13.255,91.06,40.0,
2026-08-17T14:32:34+0800,104.418,99.348,25.625,temp=54.8'C,throttled=0x0,15.1,1.999,115.6,146.217,103.547,0,35.383,68.627,71.281,78.565,107.908,142.522,13.27,90.919,40.0,
2026-08-17T14:32:35+0800,103.401,99.43,25.625,temp=53.7'C,throttled=0x0,15.0,1.999,115.6,146.217,85.165,0,35.383,68.627,71.283,79.018,107.908,142.522,13.258,90.919,40.0,
2026-08-17T14:32:36+0800,102.38,99.484,25.625,temp=54.2'C,throttled=0x0,15.0,1.999,115.6,146.217,139.78,0,35.876,68.627,71.283,79.018,107.908,142.522,13.261,91.06,40.0,
2026-08-17T14:32:37+0800,104.432,99.434,25.625,temp=54.8'C,throttled=0x0,15.0,1.999,115.6,146.217,116.094,0,35.876,68.627,71.284,79.018,107.908,142.522,13.253,91.06,40.0,
2026-08-17T14:32:38+0800,101.465,99.402,25.625,temp=53.7'C,throttled=0x0,15.0,1.999,115.6,146.217,157.836,0,35.465,68.627,71.283,79.018,107.908,142.522,13.257,91.124,40.0,
2026-08-17T14:32:39+0800,102.489,99.543,25.625,temp=54.2'C,throttled=0x0,15.0,1.999,115.538,146.217,162.872,0,35.465,68.627,71.281,78.565,107.908,142.522,13.256,91.126,40.0,
2026-08-17T14:32:40+0800,104.832,99.406,25.625,temp=54.8'C,throttled=0x0,15.0,1.999,115.538,145.925,175.427,0,35.465,68.627,71.269,78.565,107.908,142.522,13.229,91.527,40.0,
2026-08-17T14:32:41+0800,102.502,99.469,25.625,temp=53.7'C,throttled=0x0,15.0,1.999,115.172,145.602,211.628,0,35.876,68.985,71.269,78.565,107.908,142.522,13.23,91.527,40.0,
2026-08-17T14:32:42+0800,104.446,99.52,25.625,temp=54.2'C,throttled=0x0,15.0,1.999,115.172,145.38,180.033,0,35.876,68.985,71.267,77.78,107.908,142.522,13.238,91.527,40.0,
2026-08-17T14:32:43+0800,101.433,99.535,25.625,temp=54.2'C,throttled=0x0,15.0,1.999,115.045,145.38,242.906,0,35.465,68.985,71.265,77.78,107.908,142.522,13.23,91.695,40.0,
2026-08-17T14:32:44+0800,104.377,99.457,25.625,temp=54.2'C,throttled=0x0,15.0,1.998,114.815,144.895,199.711,0,35.876,68.985,71.264,77.78,107.908,142.522,13.245,91.527,40.0,
2026-08-17T14:32:45+0800,105.335,99.387,25.625,temp=53.7'C,throttled=0x0,15.0,1.999,115.045,144.895,274.516,0,35.876,68.985,71.256,77.78,107.908,142.522,13.247,90.919,40.0,
2026-08-17T14:32:46+0800,102.464,99.406,25.625,temp=54.2'C,throttled=0x0,15.0,1.999,115.172,144.895,245.439,0,35.465,68.985,71.259,77.78,107.908,142.522,13.263,90.919,40.0,
2026-08-17T14:32:47+0800,103.429,99.504,25.625,temp=54.8'C,throttled=0x0,15.0,1.998,115.172,144.895,276.667,0,35.876,68.985,71.259,77.78,107.908,142.522,13.278,90.405,40.0,
2026-08-17T14:32:48+0800,104.342,99.5,25.625,temp=54.8'C,throttled=0x0,15.0,1.999,115.172,144.895,254.238,0,35.876,68.985,71.256,77.78,107.908,142.522,13.286,89.938,40.0,
2026-08-17T14:32:49+0800,105.356,99.461,25.625,temp=53.7'C,throttled=0x0,15.0,1.999,115.172,144.895,326.713,0,35.876,68.985,71.256,77.78,107.908,142.522,13.282,89.929,40.0,
2026-08-17T14:32:50+0800,103.389,99.426,25.625,temp=53.7'C,throttled=0x0,15.0,1.999,115.172,144.895,309.21,0,36.159,68.985,71.259,77.78,107.908,142.522,13.269,90.405,40.0,
2026-08-17T14:32:51+0800,105.452,99.531,25.625,temp=54.2'C,throttled=0x0,15.0,1.999,115.172,144.895,348.085,0,36.929,68.985,71.256,75.747,107.908,142.522,13.277,90.771,40.0,
2026-08-17T14:32:52+0800,102.462,99.41,25.625,temp=53.7'C,throttled=0x0,15.0,1.999,115.172,144.895,342.499,0,36.929,68.985,71.25,77.78,107.908,142.522,13.271,90.405,40.0,
2026-08-17T14:32:53+0800,103.352,99.422,25.625,temp=54.2'C,throttled=0x0,15.0,1.999,115.172,144.895,376.575,0,36.164,68.985,71.25,77.78,107.908,142.522,13.272,90.405,40.0,
2026-08-17T14:32:54+0800,103.169,100.496,25.625,temp=54.2'C,throttled=0x0,15.0,1.999,115.172,144.895,416.648,0,36.164,68.985,71.259,77.78,107.908,142.522,13.285,90.112,40.0,
2026-08-17T14:32:55+0800,114.709,102.664,25.625,temp=53.7'C,throttled=0x0,15.0,1.999,115.172,144.895,405.433,0,36.159,68.985,71.259,78.565,107.908,142.522,13.268,90.112,40.0,
2026-08-17T14:32:56+0800,111.634,102.527,25.625,temp=54.8'C,throttled=0x0,15.0,1.999,115.172,144.895,484.707,0,36.159,68.985,71.256,78.565,107.908,142.522,13.262,90.112,40.0,
2026-08-17T14:32:57+0800,104.169,99.434,25.625,temp=53.7'C,throttled=0x0,15.0,1.999,115.172,144.895,448.983,0,35.876,68.985,71.256,78.565,107.908,142.522,13.264,90.112,40.0,
2026-08-17T14:32:58+0800,101.435,99.422,25.625,temp=54.2'C,throttled=0x0,15.0,1.999,115.172,144.895,489.257,0,35.876,68.985,71.256,77.78,107.908,142.522,13.286,89.864,40.0,
2026-08-17T14:32:59+0800,104.135,99.453,25.625,temp=53.7'C,throttled=0x0,15.0,1.999,115.172,144.895,472.905,0,35.876,68.655,71.256,78.565,107.908,142.522,13.31,89.038,40.0,
2026-08-17T14:33:00+0800,103.378,99.59,25.625,temp=54.2'C,throttled=0x0,15.0,1.999,115.172,144.895,31.644,0,35.876,68.655,71.265,79.018,107.908,142.522,13.296,89.038,40.0,
2026-08-17T14:33:01+0800,103.403,99.414,25.625,temp=54.2'C,throttled=0x0,15.0,1.999,115.172,144.895,67.021,0,35.876,68.655,71.269,79.018,107.908,142.522,13.297,89.105,40.0,
2026-08-17T14:33:02+0800,104.367,99.316,25.625,temp=54.2'C,throttled=0x0,15.0,1.999,115.172,144.895,50.101,0,36.159,68.655,71.269,79.018,107.908,142.522,13.3,89.01,40.0,
2026-08-17T14:33:03+0800,103.958,99.445,25.625,temp=54.2'C,throttled=0x0,15.0,1.999,115.172,144.895,89.413,0,35.876,68.655,71.281,79.018,107.908,142.522,13.299,89.01,40.0,
2026-08-17T14:33:04+0800,104.467,99.516,25.625,temp=54.8'C,throttled=0x0,15.0,1.999,115.172,144.895,65.056,0,35.876,68.655,71.281,79.018,107.908,142.522,13.311,88.873,40.0,
2026-08-17T14:33:05+0800,104.428,99.574,25.625,temp=54.2'C,throttled=0x0,15.0,1.999,115.172,144.73,64.035,0,35.876,68.655,71.281,79.018,107.908,142.522,13.292,89.01,40.0,
2026-08-17T14:33:06+0800,101.473,99.484,25.625,temp=54.2'C,throttled=0x0,15.0,1.999,115.172,144.73,118.487,0,36.159,68.655,71.281,79.018,107.908,142.522,13.289,89.01,40.0,
2026-08-17T14:33:07+0800,103.315,99.551,25.625,temp=54.8'C,throttled=0x0,15.0,1.999,115.172,144.73,106.432,0,35.876,68.655,71.283,79.152,107.908,142.522,13.283,89.105,40.0,
2026-08-17T14:33:09+0800,102.491,99.516,25.625,temp=53.7'C,throttled=0x0,15.0,1.999,115.172,144.73,145.878,0,35.876,68.655,71.283,79.152,107.908,142.522,13.292,90.112,40.0,
2026-08-17T14:33:10+0800,104.398,99.504,25.625,temp=54.2'C,throttled=0x0,15.0,1.999,115.172,144.73,192.706,0,35.876,68.655,71.281,79.152,107.908,142.522,13.312,89.01,40.0,
2026-08-17T14:33:11+0800,101.404,99.566,25.625,temp=53.7'C,throttled=0x0,15.0,1.999,115.172,144.73,188.641,0,36.159,68.655,71.269,79.152,107.908,142.522,13.291,89.01,40.0,
2026-08-17T14:33:12+0800,104.306,99.59,25.625,temp=54.2'C,throttled=0x0,15.0,1.999,115.538,144.895,168.195,0,35.876,68.655,71.265,79.152,107.908,142.522,13.287,90.112,40.0,
2026-08-17T14:33:13+0800,100.488,99.609,25.625,temp=53.7'C,throttled=0x0,15.0,1.999,115.538,145.38,211.064,0,36.159,68.966,71.259,79.152,107.908,142.522,13.299,90.456,40.0,
2026-08-17T14:33:14+0800,103.075,99.633,25.625,temp=53.7'C,throttled=0x0,15.0,1.999,115.538,145.602,248.854,0,35.876,68.966,71.254,79.152,107.908,142.522,13.301,90.456,40.0,
2026-08-17T14:33:15+0800,100.488,99.457,25.625,temp=53.7'C,throttled=0x0,15.0,1.999,115.538,145.602,237.201,0,36.159,68.966,71.254,79.152,107.908,142.522,13.315,89.373,40.0,
2026-08-17T14:33:16+0800,106.274,99.562,25.625,temp=54.2'C,throttled=0x0,15.0,1.999,115.538,145.602,215.925,0,36.159,68.966,71.256,79.152,107.908,142.522,13.297,89.791,40.0,
2026-08-17T14:33:17+0800,102.472,99.562,25.625,temp=53.7'C,throttled=0x0,15.0,1.999,115.538,145.602,264.567,0,36.164,68.966,71.256,79.152,107.908,142.522,13.301,89.373,40.0,
2026-08-17T14:33:18+0800,103.391,99.395,25.625,temp=54.2'C,throttled=0x0,15.0,1.999,115.538,145.602,244.723,0,36.159,68.966,71.259,80.752,107.908,142.522,13.287,89.791,40.0,
2026-08-17T14:33:19+0800,102.029,99.477,25.625,temp=54.2'C,throttled=0x0,15.0,1.999,115.045,145.602,292.613,0,36.159,68.966,71.259,80.752,107.908,142.522,13.297,90.456,40.0,
2026-08-17T14:33:20+0800,103.317,99.57,25.625,temp=54.2'C,throttled=0x0,15.0,1.999,115.045,145.602,324.442,0,35.876,68.966,71.259,80.752,107.908,142.522,13.308,89.791,40.0,
2026-08-17T14:33:21+0800,106.085,99.473,25.625,temp=53.7'C,throttled=0x0,15.0,1.999,115.045,145.602,311.481,0,35.876,68.966,71.265,80.752,107.908,142.522,13.291,89.957,40.0,
2026-08-17T14:33:22+0800,103.398,99.523,25.625,temp=54.2'C,throttled=0x0,15.0,1.999,115.045,145.602,351.409,0,36.164,68.966,71.259,80.752,107.908,142.522,13.302,89.957,40.0,
2026-08-17T14:33:23+0800,103.409,99.598,25.625,temp=54.2'C,throttled=0x0,15.0,1.999,115.045,145.602,399.705,0,36.159,68.655,71.254,80.752,107.908,142.522,13.307,89.791,40.0,
2026-08-17T14:33:24+0800,102.932,99.516,25.625,temp=54.2'C,throttled=0x0,15.0,1.999,115.045,145.602,376.868,0,36.159,68.655,71.25,80.752,107.908,142.522,13.3,89.957,40.0,
2026-08-17T14:33:25+0800,104.552,101.496,25.625,temp=54.2'C,throttled=0x0,15.0,1.999,115.045,145.602,420.155,0,36.416,68.655,71.249,80.752,107.908,142.522,13.322,89.791,40.0,
2026-08-17T14:33:26+0800,112.673,102.727,25.625,temp=53.7'C,throttled=0x0,15.0,1.999,115.045,145.602,424.719,0,36.416,68.655,71.25,80.752,107.908,142.522,13.303,89.791,40.0,
2026-08-17T14:33:27+0800,110.901,99.691,25.625,temp=53.7'C,throttled=0x0,15.0,1.999,115.045,145.602,497.971,0,36.416,68.655,71.25,80.752,107.908,142.522,13.292,90.456,40.0,
2026-08-17T14:33:28+0800,103.32,99.625,25.625,temp=54.2'C,throttled=0x0,15.0,1.999,115.045,145.602,455.532,0,36.416,68.966,71.246,79.152,107.908,142.522,13.299,89.957,40.0,
2026-08-17T14:33:29+0800,101.385,99.66,25.625,temp=54.2'C,throttled=0x0,15.0,1.999,115.045,145.602,5.266,0,36.929,68.966,71.236,79.152,107.908,142.522,13.295,90.858,40.0,
2026-08-17T14:33:30+0800,103.425,99.742,25.625,temp=54.8'C,throttled=0x0,15.0,1.999,115.045,145.602,489.861,0,37.205,68.966,71.236,79.152,107.908,142.522,13.304,90.858,40.0,
2026-08-17T14:33:31+0800,105.475,99.676,25.625,temp=54.8'C,throttled=0x0,15.0,1.999,115.045,145.602,46.414,0,39.042,68.966,71.246,79.152,107.908,142.522,13.302,89.957,40.0,
2026-08-17T14:33:32+0800,101.521,99.648,25.625,temp=54.8'C,throttled=0x0,15.0,1.999,115.045,145.602,12.695,0,38.359,68.966,71.246,79.152,107.908,142.522,13.3,89.906,40.0,
2026-08-17T14:33:33+0800,105.238,99.77,25.625,temp=53.7'C,throttled=0x0,15.0,1.999,115.045,145.602,76.58,0,37.205,68.966,71.246,79.152,107.908,142.522,13.283,89.906,40.0,
2026-08-17T14:33:34+0800,101.441,99.66,25.625,temp=54.2'C,throttled=0x0,15.0,1.999,115.045,145.602,46.483,0,37.221,68.966,71.236,79.152,107.908,142.522,13.298,89.906,40.0,
2026-08-17T14:33:35+0800,100.484,99.672,25.625,temp=54.8'C,throttled=0x0,15.0,1.999,115.045,145.602,94.885,0,38.359,68.966,71.236,79.152,107.908,142.522,13.309,89.906,40.0,
2026-08-17T14:33:36+0800,103.477,99.586,25.625,temp=54.2'C,throttled=0x0,15.0,1.999,115.045,145.602,96.266,0,38.359,68.966,71.246,79.152,107.908,142.522,13.282,90.858,40.0,
2026-08-17T14:33:37+0800,103.334,99.637,25.625,temp=54.2'C,throttled=0x0,15.0,1.999,115.045,145.602,139.983,0,39.15,68.966,71.236,79.152,107.908,142.522,13.292,89.957,40.0,
2026-08-17T14:33:38+0800,101.326,99.703,25.625,temp=54.2'C,throttled=0x0,15.0,1.999,115.045,145.602,106.492,0,39.042,68.966,71.233,79.152,107.908,142.522,13.293,89.957,40.0,
2026-08-17T14:33:39+0800,103.441,99.582,25.625,temp=54.2'C,throttled=0x0,15.0,1.999,115.045,145.602,157.26,0,39.042,68.966,71.233,79.152,107.908,142.522,13.283,90.858,40.0,
2026-08-17T14:33:40+0800,102.45,99.742,25.625,temp=54.2'C,throttled=0x0,15.0,1.999,115.045,145.602,123.284,0,39.042,68.966,71.233,78.955,107.908,142.522,13.303,89.906,40.0,
2026-08-17T14:33:41+0800,107.267,99.66,25.625,temp=53.7'C,throttled=0x0,15.0,1.998,115.045,145.602,162.958,0,37.221,68.966,71.236,78.955,107.908,142.522,13.288,91.169,40.0,
2026-08-17T14:33:42+0800,103.328,99.621,25.625,temp=53.7'C,throttled=0x0,15.0,1.999,115.045,145.582,174.116,0,37.221,68.966,71.233,78.955,107.908,142.522,13.268,91.169,40.0,
2026-08-17T14:33:43+0800,101.452,99.625,25.625,temp=53.7'C,throttled=0x0,15.0,1.999,115.045,145.582,211.857,0,38.359,68.985,71.233,78.955,107.908,142.522,13.286,91.151,40.0,
2026-08-17T14:33:44+0800,101.456,99.68,25.625,temp=54.8'C,throttled=0x0,15.0,1.999,115.045,145.582,181.656,0,38.359,68.985,71.236,78.955,107.908,142.522,13.28,91.151,40.0,
2026-08-17T14:33:45+0800,104.325,99.629,25.625,temp=54.2'C,throttled=0x0,15.0,1.999,114.63,145.582,242.418,0,37.221,68.985,71.233,78.955,107.908,142.522,13.305,90.858,40.0,
2026-08-17T14:33:46+0800,103.321,99.715,25.625,temp=54.2'C,throttled=0x0,15.0,1.999,114.553,145.582,221.016,0,38.359,68.985,71.246,79.152,107.908,142.522,13.305,89.546,40.0,
2026-08-17T14:33:47+0800,102.436,99.754,25.625,temp=53.7'C,throttled=0x0,15.0,1.999,114.176,145.38,268.192,0,37.221,68.966,71.246,79.152,107.908,142.522,13.305,89.546,40.0,
2026-08-17T14:33:48+0800,103.434,99.566,25.625,temp=54.2'C,throttled=0x0,15.0,1.998,113.541,145.38,249.963,0,37.205,68.966,71.233,80.752,107.908,142.522,13.286,89.756,40.0,
2026-08-17T14:33:49+0800,101.462,99.652,25.625,temp=53.7'C,throttled=0x0,15.0,1.999,113.326,145.38,295.534,0,37.205,68.966,71.233,79.152,107.908,142.522,13.3,89.525,40.0,
2026-08-17T14:33:50+0800,103.053,99.758,25.625,temp=53.7'C,throttled=0x0,15.0,1.999,113.082,144.73,331.112,0,37.205,68.966,71.233,79.152,107.908,142.522,13.315,89.525,40.0,
2026-08-17T14:33:51+0800,102.496,99.629,25.625,temp=53.7'C,throttled=0x0,15.0,1.999,113.082,144.73,341.759,0,37.221,68.966,71.233,79.152,107.908,142.522,13.285,88.684,40.0,
2026-08-17T14:33:52+0800,102.52,99.746,25.625,temp=54.2'C,throttled=0x0,15.0,1.999,113.082,144.73,307.377,0,37.205,68.985,71.246,79.152,107.908,142.522,13.302,88.611,40.0,
