timestamp,cpu_percent,rss_mib,swap_mib,temperature,throttled,capture_fps,tracker_effective_fps,capture_to_snapshot_p50_ms,capture_to_snapshot_p95_ms,snapshot_age_ms,snapshot_stale_drops,snapshot_to_policy_commit_p50_ms,snapshot_to_policy_commit_p95_ms,policy_commit_to_first_eye_frame_p50_ms,policy_commit_to_first_eye_frame_p95_ms,face_to_eye_first_frame_p50_ms,face_to_eye_first_frame_p95_ms,eye_effective_fps,eye_frame_p95_ms,sample_interval_ms,error
2026-08-17T13:34:14+0800,,97.902,6.961,temp=51.5'C,throttled=0x0,15.0,1.998,113.632,146.029,26.635,0,639.164,2446.205,65.98,83.034,106.939,143.989,13.266,89.297,40.0,
2026-08-17T13:34:15+0800,102.282,97.93,6.961,temp=50.5'C,throttled=0x0,15.0,1.998,113.632,146.029,10.729,0,639.164,2446.205,65.98,83.034,106.939,143.989,13.281,89.297,40.0,
2026-08-17T13:34:16+0800,105.427,97.961,6.961,temp=50.5'C,throttled=0x0,15.0,1.998,113.632,146.029,80.42,0,651.875,2498.361,65.98,83.034,106.939,143.989,13.257,89.297,40.0,
2026-08-17T13:34:17+0800,101.372,97.902,6.961,temp=50.5'C,throttled=0x0,15.0,1.998,113.632,146.029,57.643,0,651.875,2498.361,65.98,83.034,106.939,143.989,13.253,89.297,40.0,
2026-08-17T13:34:18+0800,100.534,98.051,6.961,temp=50.5'C,throttled=0x0,15.0,1.998,113.632,146.029,91.567,0,651.875,2498.361,65.98,83.034,106.939,143.989,13.259,89.297,40.0,
2026-08-17T13:34:19+0800,103.485,97.98,6.961,temp=50.5'C,throttled=0x0,15.0,1.998,113.632,146.029,76.971,0,651.875,2498.361,65.98,83.034,106.939,143.989,13.244,89.889,40.0,
2026-08-17T13:34:20+0800,101.505,97.898,6.961,temp=50.5'C,throttled=0x0,15.0,1.998,113.632,146.029,105.275,0,651.875,2498.361,65.98,83.034,106.939,143.989,13.26,89.889,40.0,
2026-08-17T13:34:21+0800,105.392,97.844,6.961,temp=50.5'C,throttled=0x0,15.0,1.998,113.632,146.029,88.663,0,651.875,2498.361,65.98,83.034,106.939,143.989,13.256,89.772,40.0,
2026-08-17T13:34:22+0800,102.373,97.93,6.961,temp=50.5'C,throttled=0x0,15.0,1.998,113.632,146.029,148.229,0,651.875,2498.361,65.98,83.034,106.939,143.989,13.252,89.889,40.0,
2026-08-17T13:34:23+0800,103.487,97.891,6.961,temp=50.5'C,throttled=0x0,15.0,1.998,113.632,146.029,175.611,0,651.875,2498.361,65.98,83.034,106.939,143.989,13.25,89.772,40.0,
2026-08-17T13:34:24+0800,102.491,97.973,6.961,temp=49.9'C,throttled=0x0,15.0,1.998,113.632,145.996,168.21,0,651.875,2498.361,65.98,83.034,106.939,143.989,13.24,89.889,40.0,
2026-08-17T13:34:25+0800,102.445,97.973,6.961,temp=50.5'C,throttled=0x0,15.0,1.998,113.632,145.996,138.138,0,651.875,2498.361,65.98,83.034,106.939,143.989,13.262,89.772,40.0,
2026-08-17T13:34:26+0800,105.379,97.852,6.961,temp=50.5'C,throttled=0x0,15.0,1.998,113.632,145.996,200.592,0,651.875,2498.361,65.98,83.034,106.939,143.989,13.244,88.628,40.0,
2026-08-17T13:34:27+0800,104.126,97.73,6.961,temp=50.5'C,throttled=0x0,15.0,1.998,113.632,145.996,199.858,0,651.875,2498.361,65.98,83.034,106.939,143.989,13.234,89.889,40.0,
2026-08-17T13:34:28+0800,103.447,97.988,6.961,temp=50.5'C,throttled=0x0,15.0,1.998,113.52,145.485,243.057,0,651.875,2498.361,65.98,83.034,106.939,143.989,13.229,90.593,40.0,
2026-08-17T13:34:29+0800,102.48,97.996,6.961,temp=50.5'C,throttled=0x0,15.0,1.998,113.52,145.05,216.119,0,651.875,2498.361,65.98,83.034,106.939,143.989,13.23,90.593,40.0,
2026-08-17T13:34:30+0800,102.423,97.75,6.961,temp=50.5'C,throttled=0x0,15.0,1.998,113.52,145.05,274.953,0,651.875,2498.361,65.98,83.034,106.939,143.989,13.24,90.593,40.0,
2026-08-17T13:34:31+0800,101.448,97.938,6.961,temp=50.5'C,throttled=0x0,15.0,1.998,113.52,145.05,272.972,0,651.875,2498.361,65.98,83.034,106.939,143.989,13.233,91.129,40.0,
2026-08-17T13:34:32+0800,102.482,97.934,6.961,temp=51.0'C,throttled=0x0,15.0,1.998,113.52,144.643,249.237,0,651.875,2498.361,65.98,83.034,106.939,143.989,13.239,91.137,40.0,
2026-08-17T13:34:33+0800,103.171,97.871,6.961,temp=50.5'C,throttled=0x0,15.0,1.998,113.454,144.643,288.212,0,651.875,2498.361,65.98,83.034,106.939,143.989,13.287,91.129,40.0,
2026-08-17T13:34:34+0800,102.449,97.844,6.961,temp=50.5'C,throttled=0x0,15.0,1.998,113.454,144.039,286.901,0,639.164,2498.361,65.967,83.034,106.939,143.989,13.274,91.137,40.0,
2026-08-17T13:34:35+0800,103.133,97.832,6.961,temp=50.5'C,throttled=0x0,15.0,1.998,113.52,144.039,321.103,0,639.164,2498.361,65.967,83.034,106.939,143.989,13.296,91.137,40.0,
2026-08-17T13:34:36+0800,107.361,97.906,6.961,temp=50.5'C,throttled=0x0,15.0,1.998,113.654,144.643,357.997,0,639.164,2498.361,65.967,83.034,106.939,143.989,13.292,91.554,40.0,
2026-08-17T13:34:37+0800,102.563,97.969,6.961,temp=49.9'C,throttled=0x0,15.0,1.998,113.654,145.05,351.39,0,639.164,2498.361,65.967,83.034,106.939,143.989,13.28,91.554,40.0,
2026-08-17T13:34:38+0800,104.348,97.855,6.961,temp=50.5'C,throttled=0x0,15.0,1.998,114.171,145.485,394.743,0,639.164,2498.361,65.967,83.034,106.939,143.989,13.289,89.807,40.0,
2026-08-17T13:34:39+0800,103.484,99.93,6.961,temp=50.5'C,throttled=0x0,15.0,1.998,114.171,145.492,373.143,0,639.164,2498.361,65.967,83.034,106.939,143.989,13.28,91.137,40.0,
2026-08-17T13:34:40+0800,112.93,101.039,6.961,temp=50.5'C,throttled=0x0,15.0,1.998,114.41,145.996,407.899,0,639.164,2498.361,65.967,83.034,106.939,143.989,13.289,91.137,40.0,
2026-08-17T13:34:41+0800,109.79,97.875,6.961,temp=49.9'C,throttled=0x0,15.0,1.999,114.171,145.996,435.286,0,639.164,2498.361,65.967,83.034,106.939,143.989,13.261,91.861,40.0,
2026-08-17T13:34:42+0800,102.475,97.883,6.961,temp=50.5'C,throttled=0x0,15.0,1.998,113.654,145.996,495.255,0,639.164,2498.361,65.967,83.034,106.939,143.989,13.246,92.177,40.0,
2026-08-17T13:34:43+0800,101.522,97.824,6.961,temp=50.5'C,throttled=0x0,15.0,1.998,113.52,145.996,459.573,0,639.164,2498.361,65.967,83.034,106.939,143.989,13.268,92.177,40.0,
2026-08-17T13:34:44+0800,104.372,97.875,6.961,temp=50.5'C,throttled=0x0,15.0,1.998,113.52,145.996,22.286,0,639.164,2498.361,65.967,83.034,106.939,143.989,13.253,92.393,40.0,
2026-08-17T13:34:45+0800,103.445,97.902,6.961,temp=50.5'C,throttled=0x0,15.0,1.998,113.52,145.996,491.896,0,639.164,2498.361,65.967,83.034,106.939,143.989,13.262,92.393,40.0,
2026-08-17T13:34:46+0800,103.448,97.898,6.961,temp=50.5'C,throttled=0x0,15.0,1.998,113.52,145.996,50.742,0,639.164,2498.361,65.967,83.034,106.939,143.989,13.272,92.023,40.0,
2026-08-17T13:34:47+0800,104.474,97.855,6.961,temp=50.5'C,throttled=0x0,15.0,1.998,113.52,145.492,37.075,0,639.164,2498.361,65.967,83.034,106.939,143.989,13.263,92.023,40.0,
2026-08-17T13:34:48+0800,101.506,97.84,6.961,temp=51.0'C,throttled=0x0,15.0,1.998,113.52,145.492,74.726,0,639.164,2498.361,65.967,83.034,106.939,143.989,13.262,91.861,40.0,
2026-08-17T13:34:49+0800,101.466,97.918,6.961,temp=49.9'C,throttled=0x0,15.0,1.998,113.52,145.492,112.888,0,639.164,2498.361,65.967,83.034,106.939,143.989,13.282,91.21,40.0,
2026-08-17T13:34:50+0800,105.676,97.938,6.961,temp=51.0'C,throttled=0x0,15.0,1.998,113.52,145.492,89.774,0,639.164,2498.361,65.967,83.034,106.939,143.989,13.292,91.21,40.0,
2026-08-17T13:34:51+0800,102.455,97.891,6.961,temp=51.0'C,throttled=0x0,15.0,1.998,113.52,145.492,85.632,0,639.164,2498.361,65.967,83.034,106.939,143.989,13.279,91.088,40.0,
2026-08-17T13:34:52+0800,103.49,97.898,6.961,temp=50.5'C,throttled=0x0,15.0,1.998,113.654,145.492,123.579,0,639.164,2498.361,65.967,83.034,106.939,143.989,13.283,89.086,40.0,
2026-08-17T13:34:53+0800,101.114,97.93,6.961,temp=50.5'C,throttled=0x0,15.0,1.998,114.171,145.492,161.881,0,639.164,2498.361,65.967,83.034,106.939,143.989,13.299,89.086,40.0,
2026-08-17T13:34:54+0800,104.422,97.879,6.961,temp=49.9'C,throttled=0x0,15.0,1.998,114.41,145.492,414.771,0,639.164,2498.361,65.967,83.034,106.939,143.989,13.289,89.086,40.0,
2026-08-17T13:34:55+0800,102.504,97.949,6.961,temp=50.5'C,throttled=0x0,15.0,1.998,114.41,145.492,194.61,0,639.164,2498.361,65.967,83.034,106.939,143.989,13.297,88.788,40.0,
2026-08-17T13:34:56+0800,103.483,97.918,6.961,temp=50.5'C,throttled=0x0,15.0,1.998,114.41,145.492,194.512,0,639.164,2498.361,65.967,83.034,106.939,143.989,13.287,89.086,40.0,
2026-08-17T13:34:57+0800,102.421,97.934,6.961,temp=51.0'C,throttled=0x0,15.0,1.998,114.41,145.492,191.84,0,639.164,2498.361,65.967,83.034,106.939,143.989,13.263,91.031,40.0,
2026-08-17T13:34:58+0800,103.483,97.859,6.961,temp=50.5'C,throttled=0x0,15.0,1.998,115.293,145.492,223.373,0,639.164,2498.361,65.967,83.034,106.939,143.989,13.279,89.086,40.0,
2026-08-17T13:34:59+0800,102.535,97.859,6.961,temp=50.5'C,throttled=0x0,15.0,1.998,115.293,145.492,201.117,0,639.164,2498.361,65.967,83.034,106.939,143.989,13.265,90.43,40.0,
2026-08-17T13:35:00+0800,102.466,97.812,6.961,temp=50.5'C,throttled=0x0,15.0,1.998,115.293,145.492,245.888,0,639.164,2498.361,65.967,83.034,106.939,143.989,13.312,89.086,40.0,
2026-08-17T13:35:01+0800,107.262,97.895,6.961,temp=49.9'C,throttled=0x0,15.0,1.998,115.293,145.492,230.987,0,639.164,2498.361,65.967,83.034,106.939,143.989,13.29,89.152,40.0,
2026-08-17T13:35:02+0800,103.504,97.969,6.961,temp=50.5'C,throttled=0x0,15.0,1.998,115.293,145.492,286.044,0,639.164,2498.361,65.967,83.034,106.939,143.989,13.288,89.152,40.0,
2026-08-17T13:35:04+0800,101.219,97.938,6.961,temp=50.5'C,throttled=0x0,15.0,1.998,115.293,145.492,285.094,0,622.029,2498.361,65.967,83.034,106.939,143.989,13.286,89.267,40.0,
2026-08-17T13:35:05+0800,104.399,97.98,6.961,temp=50.5'C,throttled=0x0,15.0,1.998,115.293,145.492,325.402,0,622.029,2498.361,65.967,83.034,106.939,143.989,13.287,89.885,40.0,
2026-08-17T13:35:06+0800,102.423,97.914,6.961,temp=50.5'C,throttled=0x0,15.0,1.998,115.293,145.492,303.076,0,622.029,2498.361,65.967,83.034,106.939,143.989,13.293,90.159,40.0,
2026-08-17T13:35:07+0800,105.431,97.918,6.961,temp=49.9'C,throttled=0x0,15.0,1.999,115.293,145.492,353.023,0,622.029,2498.361,65.967,83.034,106.939,143.989,13.294,89.885,40.0,
2026-08-17T13:35:08+0800,104.46,98.016,6.961,temp=51.0'C,throttled=0x0,15.0,1.998,115.293,145.492,324.343,0,622.029,2498.361,65.967,83.034,106.939,143.989,13.289,89.885,40.0,
2026-08-17T13:35:09+0800,102.523,97.961,6.961,temp=50.5'C,throttled=0x0,15.0,1.998,115.293,145.542,369.489,0,622.029,2498.361,65.967,83.034,106.939,143.989,13.285,90.159,40.0,
2026-08-17T13:35:10+0800,102.427,97.961,6.961,temp=50.5'C,throttled=0x0,15.0,1.999,115.293,145.542,355.175,0,639.164,2498.361,65.967,83.034,106.939,143.989,13.283,90.159,40.0,
2026-08-17T13:35:11+0800,107.688,101.078,6.961,temp=51.0'C,throttled=0x0,15.0,1.998,115.293,145.996,389.303,0,639.164,2498.361,65.967,83.034,106.939,143.989,13.306,90.159,40.0,
2026-08-17T13:35:12+0800,115.309,101.305,6.945,temp=50.5'C,throttled=0x0,15.0,1.999,115.009,145.542,392.45,0,639.164,2498.361,65.967,83.034,106.939,143.989,13.279,90.159,40.0,
2026-08-17T13:35:13+0800,121.342,98.191,6.941,temp=51.5'C,throttled=0x0,15.0,1.998,115.381,145.996,482.13,0,639.164,2498.361,65.967,83.034,106.939,143.989,13.192,90.75,40.0,
2026-08-17T13:35:14+0800,112.372,98.168,6.941,temp=50.5'C,throttled=0x0,15.0,1.998,115.381,146.085,431.374,0,639.164,2498.361,65.967,83.034,106.939,143.989,13.17,90.841,40.0,
2026-08-17T13:35:15+0800,114.142,98.23,6.941,temp=51.0'C,throttled=0x0,15.0,1.998,115.381,146.085,410.69,0,639.164,2498.361,65.967,83.034,106.939,143.989,13.099,91.368,40.0,
2026-08-17T13:35:16+0800,118.741,98.18,6.941,temp=51.5'C,throttled=0x0,15.0,1.998,115.381,146.085,410.69,0,639.164,2498.361,65.967,83.034,106.939,143.989,13.032,94.009,40.0,
2026-08-17T13:35:17+0800,113.115,98.32,6.941,temp=51.5'C,throttled=0x0,15.0,1.998,115.381,146.085,410.69,0,639.164,2498.361,65.967,83.034,106.939,143.989,12.986,94.036,40.0,
2026-08-17T13:35:18+0800,111.069,98.438,6.941,temp=50.5'C,throttled=0x0,15.0,1.998,115.381,146.085,410.69,0,639.164,2498.361,65.967,83.034,106.939,143.989,12.996,94.009,40.0,
2026-08-17T13:35:19+0800,113.4,98.418,6.941,temp=51.0'C,throttled=0x0,15.0,1.998,115.381,146.085,410.69,0,639.164,2498.361,65.967,83.034,106.939,143.989,12.984,94.009,40.0,
2026-08-17T13:35:20+0800,117.299,98.297,6.941,temp=51.5'C,throttled=0x0,15.0,1.998,115.381,146.085,410.69,0,639.164,2498.361,65.967,83.034,106.939,143.989,12.93,94.924,40.0,
2026-08-17T13:35:21+0800,112.539,98.316,6.941,temp=51.5'C,throttled=0x0,15.0,1.998,115.381,146.085,414.511,0,639.164,2498.361,65.967,83.034,106.939,143.989,12.911,95.359,40.0,
2026-08-17T13:35:22+0800,115.822,98.422,6.941,temp=51.5'C,throttled=0x0,15.0,1.998,115.381,146.085,89.259,0,639.164,2498.361,65.967,84.129,106.243,143.989,12.846,95.652,40.0,
2026-08-17T13:35:23+0800,113.862,98.426,6.941,temp=51.5'C,throttled=0x0,15.0,1.998,115.381,145.996,163.651,0,639.164,2498.361,65.967,84.129,106.243,143.989,12.802,95.652,40.0,
2026-08-17T13:35:24+0800,115.115,98.469,6.941,temp=51.5'C,throttled=0x0,15.0,1.998,115.381,145.996,154.087,0,639.164,2498.361,65.967,84.129,106.243,143.989,12.744,97.631,40.0,
2026-08-17T13:35:25+0800,115.244,98.426,6.941,temp=52.1'C,throttled=0x0,15.0,1.998,115.381,145.996,129.102,0,622.029,2498.361,65.967,84.129,106.243,143.989,12.691,98.233,40.0,
2026-08-17T13:35:26+0800,113.321,98.449,6.941,temp=52.1'C,throttled=0x0,15.0,1.998,115.381,145.996,194.65,0,622.029,2498.361,65.967,84.129,106.243,143.989,12.641,98.233,40.0,
2026-08-17T13:35:27+0800,118.839,98.398,6.941,temp=51.5'C,throttled=0x0,15.0,1.998,115.863,145.996,180.593,0,622.029,2498.361,65.967,84.129,106.243,137.724,12.567,99.155,40.0,
2026-08-17T13:35:28+0800,114.831,98.465,6.941,temp=52.1'C,throttled=0x0,15.0,1.998,115.863,145.996,207.585,0,639.164,2498.361,65.98,84.129,106.243,137.724,12.504,100.677,40.0,
2026-08-17T13:35:29+0800,112.189,98.586,6.941,temp=51.5'C,throttled=0x0,15.0,1.998,115.381,145.996,252.131,0,639.164,2498.361,65.98,84.129,106.243,137.724,12.458,101.613,40.0,
2026-08-17T13:35:30+0800,115.164,98.547,6.941,temp=51.5'C,throttled=0x0,15.0,1.998,115.381,145.996,227.831,0,639.164,2498.361,65.98,84.129,106.243,137.724,12.418,102.566,40.0,
2026-08-17T13:35:31+0800,114.175,98.578,6.941,temp=51.5'C,throttled=0x0,15.0,1.998,115.381,146.085,222.53,0,639.164,2498.361,66.02,84.129,106.243,137.724,12.357,102.566,40.0,
2026-08-17T13:35:32+0800,114.921,98.57,6.941,temp=51.5'C,throttled=0x0,15.0,1.999,115.863,146.478,300.962,0,639.164,2498.361,66.02,84.129,106.243,137.724,12.287,102.566,40.0,
2026-08-17T13:35:33+0800,114.135,98.602,6.941,temp=51.5'C,throttled=0x0,15.0,1.998,115.863,146.478,299.648,0,639.164,2498.361,66.02,84.129,106.243,137.724,12.282,102.566,40.0,
2026-08-17T13:35:34+0800,115.849,98.48,6.941,temp=51.5'C,throttled=0x0,15.0,1.998,115.889,146.478,287.5,0,622.029,2498.361,66.02,84.129,106.243,137.724,12.282,102.566,40.0,
2026-08-17T13:35:35+0800,112.357,98.52,6.941,temp=52.1'C,throttled=0x0,15.0,1.998,115.889,146.478,337.578,0,622.029,2498.361,66.02,84.129,106.243,137.724,12.288,100.287,40.0,
2026-08-17T13:35:36+0800,114.065,98.562,6.941,temp=51.5'C,throttled=0x0,15.0,1.998,116.033,146.979,375.052,0,622.029,2498.361,66.02,84.129,106.243,137.724,12.295,100.287,40.0,
2026-08-17T13:35:37+0800,116.109,98.555,6.941,temp=51.5'C,throttled=0x0,15.0,1.998,115.889,147.09,399.145,0,622.029,2498.361,66.02,84.129,106.243,137.724,12.277,100.243,40.0,
2026-08-17T13:35:38+0800,114.669,99.238,6.941,temp=52.1'C,throttled=0x0,15.0,1.998,116.075,147.164,378.248,0,622.029,2498.361,66.02,84.129,106.243,137.724,12.259,100.287,40.0,
2026-08-17T13:35:39+0800,119.029,101.5,6.941,temp=51.5'C,throttled=0x0,15.0,1.998,116.244,147.906,426.971,0,622.029,2498.361,66.02,84.129,106.243,137.724,12.206,100.287,40.0,
2026-08-17T13:35:40+0800,125.619,101.477,6.941,temp=52.6'C,throttled=0x0,15.0,1.998,116.244,148.049,418.639,0,622.029,2498.361,66.032,84.129,106.243,137.724,12.181,102.549,40.0,
2026-08-17T13:35:41+0800,115.564,98.285,6.941,temp=52.6'C,throttled=0x0,15.0,1.998,116.274,148.312,479.189,0,622.029,2498.361,66.032,84.129,106.243,137.724,12.17,102.549,40.0,
2026-08-17T13:35:42+0800,114.931,98.32,6.941,temp=51.5'C,throttled=0x0,15.0,1.998,116.308,148.312,435.377,0,622.029,2498.361,66.032,84.129,106.243,137.724,12.165,101.51,40.0,
2026-08-17T13:35:43+0800,113.565,98.293,6.941,temp=52.6'C,throttled=0x0,15.0,1.998,116.308,148.312,22.158,0,622.029,2498.361,66.032,84.129,106.243,137.724,12.182,102.274,40.0,
2026-08-17T13:35:44+0800,110.264,98.227,6.941,temp=52.1'C,throttled=0x0,15.0,1.998,116.308,148.312,27.654,0,622.029,2498.361,66.092,84.129,106.243,137.724,12.164,102.274,40.0,
2026-08-17T13:35:45+0800,114.228,98.359,6.941,temp=51.5'C,throttled=0x0,15.0,1.998,116.308,148.312,15.239,0,622.029,2498.361,66.092,84.129,106.243,137.724,12.162,102.274,40.0,
2026-08-17T13:35:46+0800,115.242,98.355,6.941,temp=52.1'C,throttled=0x0,15.0,1.998,116.308,148.312,51.875,0,622.029,2498.361,66.092,84.129,106.243,137.724,12.186,102.477,40.0,
2026-08-17T13:35:47+0800,112.601,98.273,6.941,temp=51.5'C,throttled=0x0,15.0,1.998,116.308,148.312,90.412,0,622.029,2498.361,66.092,84.129,106.243,137.724,12.198,102.477,40.0,
2026-08-17T13:35:48+0800,117.165,98.289,6.941,temp=51.5'C,throttled=0x0,15.0,1.998,116.308,148.312,125.037,0,622.029,2498.361,66.092,84.129,106.243,137.724,12.176,102.477,40.0,
2026-08-17T13:35:49+0800,114.268,98.355,6.941,temp=52.6'C,throttled=0x0,15.0,1.998,116.308,148.312,88.589,0,622.029,2498.361,66.092,84.129,106.243,137.724,12.189,102.477,40.0,
2026-08-17T13:35:50+0800,115.18,98.297,6.941,temp=52.1'C,throttled=0x0,15.0,1.998,116.308,148.312,86.296,0,622.029,2498.361,66.092,84.129,106.243,137.724,12.185,102.477,40.0,
2026-08-17T13:35:51+0800,112.823,98.277,6.941,temp=52.1'C,throttled=0x0,15.0,1.998,116.543,148.312,485.901,0,615.301,2498.361,66.092,84.129,106.243,137.724,12.189,102.274,40.0,
2026-08-17T13:35:52+0800,114.103,98.367,6.941,temp=52.1'C,throttled=0x0,15.0,1.998,116.543,148.312,485.901,0,615.301,2498.361,66.092,84.129,106.243,137.724,12.18,102.274,40.0,
2026-08-17T13:35:53+0800,115.226,98.348,6.941,temp=52.1'C,throttled=0x0,15.0,1.998,116.543,148.312,485.901,0,622.029,2623.576,66.124,84.129,106.243,137.724,12.19,102.477,40.0,
2026-08-17T13:35:54+0800,115.228,98.25,6.941,temp=52.6'C,throttled=0x0,15.0,1.998,116.543,148.312,485.901,0,622.029,2623.576,66.124,84.129,106.243,137.724,12.235,102.477,40.0,
2026-08-17T13:35:55+0800,112.957,98.336,6.941,temp=52.1'C,throttled=0x0,15.0,1.998,116.543,148.312,485.901,0,622.029,2623.576,66.124,84.129,106.243,137.724,12.267,102.703,40.0,
2026-08-17T13:35:56+0800,112.921,98.172,6.941,temp=52.6'C,throttled=0x0,15.0,1.998,116.308,148.312,230.406,0,622.029,2623.576,66.124,84.129,106.939,141.424,12.278,102.477,40.0,
2026-08-17T13:35:57+0800,112.252,98.285,6.941,temp=52.6'C,throttled=0x0,15.0,1.999,116.308,148.312,234.222,0,639.164,2623.576,66.321,87.081,106.939,141.424,12.269,102.477,40.0,
2026-08-17T13:35:59+0800,119.726,98.336,6.941,temp=52.1'C,throttled=0x0,15.0,1.998,116.543,148.682,482.56,0,639.164,2623.576,66.321,87.081,106.939,141.424,12.271,102.477,40.0,
2026-08-17T13:36:00+0800,112.12,98.312,6.941,temp=52.1'C,throttled=0x0,15.0,1.998,116.543,148.682,482.56,0,639.164,2623.576,66.321,87.081,106.939,141.424,12.287,102.477,40.0,
2026-08-17T13:36:01+0800,116.213,98.355,6.941,temp=52.6'C,throttled=0x0,15.0,1.998,116.543,148.682,482.56,0,639.164,2623.576,66.321,87.081,106.939,141.424,12.276,102.477,40.0,
2026-08-17T13:36:02+0800,113.898,98.359,6.941,temp=52.1'C,throttled=0x0,15.0,1.998,116.543,148.682,482.56,0,639.164,2623.576,66.321,87.081,106.939,141.424,12.305,102.274,40.0,
2026-08-17T13:36:03+0800,113.214,98.402,6.941,temp=52.6'C,throttled=0x0,15.0,1.998,116.543,148.682,482.56,0,639.164,2623.576,66.321,87.081,106.939,141.424,12.33,102.274,40.0,
2026-08-17T13:36:04+0800,112.205,98.441,6.941,temp=52.1'C,throttled=0x0,15.0,1.998,116.543,148.682,482.56,0,639.164,2623.576,66.321,87.081,106.939,141.424,12.371,101.981,40.0,
2026-08-17T13:36:05+0800,114.179,98.387,6.941,temp=52.6'C,throttled=0x0,15.0,1.998,116.543,148.682,482.56,0,639.164,2623.576,66.321,87.081,106.939,141.424,12.382,101.981,40.0,
2026-08-17T13:36:06+0800,114.858,98.395,6.941,temp=52.6'C,throttled=0x0,15.0,1.999,116.543,148.682,389.22,0,639.164,2623.576,66.321,87.081,106.243,141.424,12.4,102.477,40.0,
2026-08-17T13:36:07+0800,115.203,99.387,6.941,temp=52.1'C,throttled=0x0,15.0,1.998,116.543,149.518,359.706,0,639.164,2623.576,66.321,87.081,106.243,141.424,12.402,101.981,40.0,
2026-08-17T13:36:08+0800,116.488,101.543,6.941,temp=52.6'C,throttled=0x0,15.0,1.998,116.543,149.613,379.591,0,639.164,2623.576,66.321,87.081,106.243,141.424,12.412,101.981,40.0,
2026-08-17T13:36:09+0800,113.339,101.625,6.941,temp=52.6'C,throttled=0x0,15.0,1.999,116.543,150.307,404.331,0,622.029,2623.576,66.321,87.081,106.243,141.424,12.467,99.724,40.0,
2026-08-17T13:36:10+0800,110.401,98.395,6.941,temp=52.1'C,throttled=0x0,15.0,1.999,116.543,150.479,479.02,0,622.029,2623.576,66.321,87.081,106.243,141.424,12.505,99.724,40.0,
2026-08-17T13:36:11+0800,105.338,98.383,6.941,temp=52.1'C,throttled=0x0,15.0,1.999,116.543,150.479,448.18,0,622.029,2623.576,66.321,87.081,106.243,141.424,12.565,99.473,40.0,
2026-08-17T13:36:12+0800,104.413,98.484,6.941,temp=52.1'C,throttled=0x0,15.0,1.999,116.543,150.479,24.984,0,622.029,2623.576,66.321,87.081,106.243,141.424,12.597,99.473,40.0,
2026-08-17T13:36:13+0800,104.925,98.52,6.941,temp=52.1'C,throttled=0x0,15.0,1.999,116.543,150.479,12.489,0,622.029,2623.576,66.321,87.081,106.243,141.424,12.657,99.473,40.0,
2026-08-17T13:36:14+0800,105.401,98.516,6.941,temp=52.1'C,throttled=0x0,15.0,1.999,116.543,150.479,11.314,0,622.029,2623.576,66.321,87.081,106.243,141.424,12.702,99.473,40.0,
2026-08-17T13:36:15+0800,103.508,98.367,6.941,temp=52.6'C,throttled=0x0,15.0,1.999,116.543,150.479,14.072,0,622.029,2623.576,66.321,87.081,106.243,141.424,12.695,98.349,40.0,
2026-08-17T13:36:16+0800,107.261,98.301,6.941,temp=52.6'C,throttled=0x0,15.0,1.998,116.543,150.479,60.969,0,622.029,2623.576,66.321,87.081,106.243,141.424,12.71,97.859,40.0,
2026-08-17T13:36:17+0800,105.252,98.531,6.941,temp=51.5'C,throttled=0x0,15.0,1.999,116.308,150.479,44.744,0,622.029,2623.576,66.321,87.081,106.243,141.424,12.759,95.95,40.0,
2026-08-17T13:36:18+0800,105.262,98.523,6.941,temp=52.6'C,throttled=0x0,15.0,1.999,116.274,150.479,87.74,0,622.029,2623.576,66.321,87.081,106.243,141.424,12.842,95.699,40.0,
2026-08-17T13:36:19+0800,106.073,98.363,6.941,temp=51.5'C,throttled=0x0,15.0,1.999,116.308,150.479,104.732,0,622.029,2623.576,66.321,87.081,106.243,141.424,12.868,94.613,40.0,
2026-08-17T13:36:20+0800,104.392,98.266,6.941,temp=52.1'C,throttled=0x0,15.0,1.998,116.543,150.479,87.619,0,622.029,2623.576,66.321,87.081,106.243,141.424,12.906,95.577,40.0,
2026-08-17T13:36:21+0800,104.281,98.449,6.941,temp=52.1'C,throttled=0x0,15.0,1.999,117.184,150.479,146.356,0,622.029,2623.576,66.321,87.081,106.243,141.424,12.958,94.43,40.0,
2026-08-17T13:36:22+0800,104.408,98.402,6.941,temp=52.1'C,throttled=0x0,15.0,1.998,117.184,150.479,122.892,0,622.029,2623.576,66.321,87.081,106.243,141.424,12.971,94.291,40.0,
2026-08-17T13:36:23+0800,108.373,98.434,6.941,temp=52.1'C,throttled=0x0,15.0,1.998,117.184,150.479,184.634,0,639.164,2623.576,66.321,87.081,106.243,141.424,13.001,93.133,40.0,
2026-08-17T13:36:24+0800,111.329,98.367,6.941,temp=52.1'C,throttled=0x0,15.0,1.998,117.184,151.02,196.769,0,639.164,2623.576,66.321,87.081,106.243,141.424,13.007,93.133,40.0,
2026-08-17T13:36:25+0800,104.372,98.434,6.941,temp=52.1'C,throttled=0x0,15.0,1.999,117.184,151.02,175.03,0,639.164,2623.576,66.321,87.081,106.243,141.424,13.054,91.725,40.0,
2026-08-17T13:36:26+0800,108.319,98.383,6.941,temp=52.6'C,throttled=0x0,15.0,1.998,117.289,151.02,170.528,0,639.164,2623.576,66.321,87.081,106.243,141.424,13.077,91.587,40.0,
2026-08-17T13:36:27+0800,105.404,98.465,6.941,temp=52.1'C,throttled=0x0,15.0,1.998,117.289,151.02,235.241,0,639.164,2623.576,66.321,87.081,106.243,141.424,13.114,91.725,40.0,
2026-08-17T13:36:28+0800,107.405,98.383,6.941,temp=52.1'C,throttled=0x0,15.0,1.998,117.289,151.02,215.817,0,639.164,2623.576,66.321,87.081,106.243,141.424,13.14,91.725,40.0,
2026-08-17T13:36:29+0800,117.993,98.266,6.941,temp=52.6'C,throttled=0x0,15.0,1.998,117.289,151.02,255.579,0,651.875,2520.552,66.418,84.129,106.243,141.424,13.052,92.511,40.0,
2026-08-17T13:36:30+0800,106.45,98.324,6.941,temp=52.1'C,throttled=0x0,15.0,1.998,117.289,151.02,265.621,0,651.875,2520.552,66.418,84.129,106.243,141.424,13.039,92.511,40.0,
2026-08-17T13:36:31+0800,103.418,98.371,6.941,temp=52.1'C,throttled=0x0,15.0,1.998,117.289,151.02,322.297,0,651.875,2520.552,66.418,84.129,106.243,141.424,13.05,92.007,40.0,
2026-08-17T13:36:32+0800,110.29,98.5,6.941,temp=52.6'C,throttled=0x0,15.0,1.998,117.289,151.02,270.668,0,651.875,2520.552,66.418,84.129,106.243,141.424,13.022,92.163,40.0,
2026-08-17T13:36:33+0800,116.074,98.379,6.941,temp=52.6'C,throttled=0x0,15.0,1.998,117.661,151.02,262.236,0,651.875,2520.552,66.418,84.129,106.243,141.424,12.971,93.024,40.0,
2026-08-17T13:36:34+0800,114.034,98.398,6.941,temp=52.6'C,throttled=0x0,15.0,1.998,117.795,151.116,331.392,0,651.875,2520.552,66.418,84.129,106.243,141.424,12.917,93.029,40.0,
2026-08-17T13:36:35+0800,115.23,98.371,6.941,temp=52.6'C,throttled=0x0,15.0,1.999,117.289,151.116,314.327,0,651.875,2520.552,66.418,84.129,106.243,141.424,12.883,93.837,40.0,
2026-08-17T13:36:36+0800,105.299,98.355,6.941,temp=52.6'C,throttled=0x0,15.0,1.999,117.289,151.116,332.503,0,651.875,2520.552,66.418,84.129,106.243,141.424,12.851,95.062,40.0,
2026-08-17T13:36:37+0800,104.374,98.434,6.941,temp=52.6'C,throttled=0x0,15.0,1.998,117.661,151.116,384.319,0,651.875,2520.552,66.418,84.129,106.243,141.424,12.858,95.263,40.0,
2026-08-17T13:36:38+0800,105.756,100.449,6.941,temp=52.6'C,throttled=0x0,15.0,1.998,117.661,151.116,370.598,0,651.875,2520.552,66.418,84.129,106.243,141.424,12.866,95.263,40.0,
2026-08-17T13:36:39+0800,118.938,101.543,6.941,temp=52.6'C,throttled=0x0,15.0,1.998,117.795,151.121,352.195,0,651.875,2520.552,66.418,84.129,106.243,141.424,12.859,95.343,40.0,
2026-08-17T13:36:40+0800,115.21,98.418,6.941,temp=52.6'C,throttled=0x0,15.0,1.998,117.795,151.121,440.047,0,651.875,2520.552,66.418,84.129,106.243,141.424,12.852,95.343,40.0,
2026-08-17T13:36:41+0800,102.274,98.34,6.941,temp=52.6'C,throttled=0x0,15.0,1.998,117.795,151.121,426.67,0,651.875,2520.552,66.418,84.129,106.243,141.424,12.855,95.343,40.0,
2026-08-17T13:36:42+0800,108.337,98.391,6.941,temp=53.2'C,throttled=0x0,15.0,1.998,117.795,151.121,10.806,0,651.875,2520.552,66.418,84.129,106.243,141.424,12.841,95.86,40.0,
2026-08-17T13:36:43+0800,103.275,98.441,6.941,temp=52.1'C,throttled=0x0,15.0,1.999,117.941,151.121,476.81,0,651.875,2520.552,66.418,84.129,106.243,141.424,12.862,95.343,40.0,
2026-08-17T13:36:44+0800,104.498,98.352,6.941,temp=52.6'C,throttled=0x0,15.0,1.999,117.941,151.121,58.169,0,651.875,2520.552,66.418,84.129,106.243,141.424,12.849,95.343,40.0,
2026-08-17T13:36:45+0800,104.444,98.434,6.941,temp=52.1'C,throttled=0x0,15.0,1.998,117.941,151.121,29.062,0,651.875,2520.552,66.418,84.129,106.243,141.424,12.854,95.86,40.0,
2026-08-17T13:36:46+0800,105.335,98.477,6.941,temp=52.6'C,throttled=0x0,15.0,1.998,117.941,151.121,34.597,0,651.875,2520.552,66.418,84.129,106.243,141.424,12.859,95.86,40.0,
2026-08-17T13:36:47+0800,103.403,98.391,6.941,temp=52.6'C,throttled=0x0,15.0,1.999,117.941,151.121,80.868,0,651.875,2520.552,66.418,84.129,106.243,141.424,12.857,95.86,40.0,
2026-08-17T13:36:48+0800,103.44,98.383,6.941,temp=52.1'C,throttled=0x0,15.0,1.998,117.941,151.121,65.735,0,639.164,2520.552,66.418,84.129,106.243,141.424,12.897,95.062,40.0,
2026-08-17T13:36:49+0800,106.42,98.297,6.941,temp=52.6'C,throttled=0x0,15.0,1.998,117.941,151.121,78.679,0,639.164,2520.552,66.418,84.129,106.243,141.424,12.941,94.189,40.0,
2026-08-17T13:36:50+0800,105.433,98.352,6.941,temp=51.5'C,throttled=0x0,15.0,1.998,117.941,151.121,126.452,0,639.164,2520.552,66.418,84.129,106.243,141.424,12.941,94.189,40.0,
2026-08-17T13:36:51+0800,104.412,98.379,6.941,temp=52.6'C,throttled=0x0,15.0,1.999,117.941,151.121,104.757,0,639.164,2520.552,66.418,84.129,106.243,141.424,12.955,94.189,40.0,
2026-08-17T13:36:52+0800,104.356,98.43,6.941,temp=52.6'C,throttled=0x0,15.0,1.999,117.941,151.121,119.97,0,622.029,2520.552,66.418,87.081,106.243,141.424,13.004,94.189,40.0,
2026-08-17T13:36:53+0800,106.457,98.445,6.941,temp=52.6'C,throttled=0x0,15.0,1.998,117.941,151.121,164.018,0,622.029,2520.552,66.418,87.081,106.243,141.424,13.078,94.154,40.0,
2026-08-17T13:36:54+0800,105.411,98.426,6.941,temp=52.6'C,throttled=0x0,15.0,1.999,117.941,151.121,179.532,0,622.029,2520.552,66.418,87.081,106.243,141.424,13.104,93.899,40.0,
2026-08-17T13:36:55+0800,105.359,98.32,6.941,temp=52.1'C,throttled=0x0,15.0,1.998,117.941,151.121,156.858,0,639.164,2520.552,66.418,87.081,106.243,141.424,13.14,93.103,40.0,
2026-08-17T13:36:57+0800,107.331,98.484,6.941,temp=52.6'C,throttled=0x0,15.0,1.998,117.941,151.121,224.576,0,639.164,2520.552,66.418,87.081,106.243,141.424,13.13,92.998,40.0,
2026-08-17T13:36:58+0800,107.2,98.406,6.941,temp=52.6'C,throttled=0x0,15.0,1.998,117.991,151.173,190.541,0,639.164,2520.552,66.418,87.081,106.243,141.424,13.14,91.766,40.0,
2026-08-17T13:36:59+0800,105.485,98.316,6.941,temp=52.1'C,throttled=0x0,15.0,1.998,117.991,151.173,254.228,0,639.164,2520.552,66.418,87.081,106.243,141.424,13.155,91.766,40.0,
2026-08-17T13:37:00+0800,110.289,98.402,6.941,temp=52.6'C,throttled=0x0,15.0,1.998,117.991,151.173,188.776,0,639.164,2520.552,66.418,87.081,106.243,141.424,13.13,92.249,40.0,
2026-08-17T13:37:01+0800,104.295,98.34,6.941,temp=52.6'C,throttled=0x0,15.0,1.998,117.991,151.173,249.083,0,639.164,2520.552,66.418,87.081,106.243,141.424,13.132,92.998,40.0,
2026-08-17T13:37:02+0800,104.455,98.473,6.941,temp=52.6'C,throttled=0x0,15.0,1.998,117.991,151.173,234.899,0,639.164,2520.552,66.418,87.081,106.243,141.424,13.136,92.998,40.0,
2026-08-17T13:37:03+0800,105.488,98.41,6.941,temp=52.6'C,throttled=0x0,15.0,1.998,117.991,151.173,296.254,0,639.164,2520.552,66.418,87.081,106.243,141.424,13.133,93.047,40.0,
2026-08-17T13:37:04+0800,103.445,98.301,6.941,temp=52.6'C,throttled=0x0,15.0,1.998,117.941,151.173,263.372,0,639.164,2520.552,66.418,87.081,106.243,141.424,13.148,93.047,40.0,
2026-08-17T13:37:05+0800,106.287,98.488,6.941,temp=52.1'C,throttled=0x0,15.0,1.998,117.941,151.173,289.569,0,639.164,2520.552,66.534,87.081,106.243,141.424,13.122,93.49,40.0,
2026-08-17T13:37:06+0800,103.472,98.5,6.941,temp=52.6'C,throttled=0x0,15.0,1.998,117.941,151.173,479.71,0,639.164,2520.552,66.534,87.081,106.243,141.424,13.132,93.047,40.0,
2026-08-17T13:37:07+0800,106.337,98.305,6.941,temp=52.6'C,throttled=0x0,15.0,1.998,117.941,151.173,479.71,0,639.164,2520.552,66.534,87.081,106.243,141.424,13.131,93.49,40.0,
2026-08-17T13:37:08+0800,104.483,98.336,6.941,temp=52.6'C,throttled=0x0,15.0,1.998,117.941,151.173,479.71,0,639.164,2520.552,66.534,87.081,106.243,141.424,13.127,94.189,40.0,
2026-08-17T13:37:09+0800,104.049,98.363,6.941,temp=52.6'C,throttled=0x0,15.0,1.998,117.941,151.173,479.71,0,639.164,2520.552,66.534,87.081,106.243,141.424,13.19,93.047,40.0,
2026-08-17T13:37:10+0800,102.626,99.391,6.941,temp=52.1'C,throttled=0x0,15.0,1.998,117.941,151.173,479.71,0,639.164,2520.552,66.534,87.081,106.243,141.424,13.208,95.056,40.0,
2026-08-17T13:37:11+0800,110.203,101.566,6.941,temp=52.6'C,throttled=0x0,15.0,1.998,117.941,151.173,479.71,0,639.164,2520.552,66.534,87.081,106.243,141.424,13.22,96.792,40.0,
2026-08-17T13:37:12+0800,109.057,101.637,6.941,temp=52.1'C,throttled=0x0,15.0,1.998,117.941,151.173,479.71,0,639.164,2520.552,66.534,87.081,106.243,141.424,13.292,95.617,40.0,
2026-08-17T13:37:13+0800,108.105,98.387,6.941,temp=52.6'C,throttled=0x0,15.0,1.998,117.941,151.173,479.71,0,639.164,2520.552,66.534,87.081,106.243,141.424,13.343,95.617,40.0,
2026-08-17T13:37:14+0800,104.317,98.316,6.941,temp=52.6'C,throttled=0x0,15.0,1.998,117.795,151.173,479.71,0,639.164,2520.552,66.534,87.081,106.243,141.424,13.356,95.617,40.0,
2026-08-17T13:37:15+0800,106.168,98.359,6.941,temp=52.6'C,throttled=0x0,15.0,1.998,117.795,151.173,480.709,0,639.164,2520.552,66.418,87.081,106.243,141.424,13.348,96.203,40.0,
2026-08-17T13:37:16+0800,104.12,98.352,6.941,temp=52.6'C,throttled=0x0,15.0,1.998,117.795,151.173,43.542,0,639.164,2520.552,66.418,87.081,106.243,141.424,13.342,96.203,40.0,
2026-08-17T13:37:17+0800,105.416,98.355,6.941,temp=52.6'C,throttled=0x0,15.0,1.998,117.941,151.173,13.286,0,639.164,2520.552,66.418,87.081,106.243,141.424,13.341,96.203,40.0,
2026-08-17T13:37:18+0800,103.396,98.516,6.941,temp=53.2'C,throttled=0x0,15.0,1.998,117.991,151.173,13.137,0,639.164,2520.552,66.418,87.081,106.243,141.424,13.342,96.203,40.0,
2026-08-17T13:37:19+0800,107.312,98.504,6.941,temp=52.6'C,throttled=0x0,15.0,1.998,118.645,151.173,65.17,0,639.164,2520.552,66.418,87.081,106.243,141.424,13.362,95.644,40.0,
2026-08-17T13:37:20+0800,107.352,98.324,6.941,temp=52.6'C,throttled=0x0,15.0,1.998,118.645,151.173,48.826,0,639.164,2520.552,66.418,87.081,106.243,141.424,13.352,95.644,40.0,
2026-08-17T13:37:21+0800,103.461,98.434,6.941,temp=53.2'C,throttled=0x0,15.0,1.998,118.645,151.173,122.659,0,622.029,2520.552,66.418,87.081,106.243,141.424,13.367,95.644,40.0,
2026-08-17T13:37:22+0800,104.386,98.477,6.941,temp=52.6'C,throttled=0x0,15.0,1.998,118.645,151.173,96.365,0,622.029,2520.552,66.418,87.081,106.243,141.424,13.362,95.644,40.0,
2026-08-17T13:37:23+0800,104.297,98.387,6.941,temp=52.6'C,throttled=0x0,15.0,1.999,118.645,151.173,149.053,0,622.029,2520.552,66.418,87.081,106.243,141.424,13.369,95.644,40.0,
2026-08-17T13:37:24+0800,105.408,98.359,6.941,temp=53.2'C,throttled=0x0,15.0,1.998,118.645,151.173,148.934,0,622.029,2520.552,66.418,87.081,106.243,141.424,13.382,95.875,40.0,
2026-08-17T13:37:25+0800,102.507,98.445,6.941,temp=52.6'C,throttled=0x0,15.0,1.998,118.645,151.173,140.639,0,622.029,2520.552,66.418,87.081,106.243,141.424,13.37,95.644,40.0,
2026-08-17T13:37:26+0800,106.363,98.355,6.941,temp=52.6'C,throttled=0x0,15.0,1.999,118.645,151.52,127.689,0,622.029,2520.552,66.418,87.081,106.243,141.424,13.371,95.617,40.0,
2026-08-17T13:37:27+0800,106.31,98.441,6.941,temp=52.6'C,throttled=0x0,15.0,1.998,118.645,151.52,188.017,0,622.029,2520.552,66.418,87.081,106.243,141.424,13.374,95.644,40.0,
2026-08-17T13:37:28+0800,105.4,98.352,6.941,temp=52.1'C,throttled=0x0,15.0,1.998,118.663,151.52,153.441,0,622.029,2520.552,66.418,87.081,106.243,141.424,13.341,95.617,40.0,
2026-08-17T13:37:29+0800,105.467,98.391,6.941,temp=52.6'C,throttled=0x0,15.0,1.998,118.645,151.52,224.326,0,622.029,2520.552,66.418,87.081,106.243,141.424,13.319,92.054,40.0,
2026-08-17T13:37:30+0800,107.431,98.379,6.941,temp=52.6'C,throttled=0x0,15.0,1.998,117.991,151.52,239.8,0,622.029,2520.552,66.418,87.081,106.243,141.424,13.262,91.785,40.0,
2026-08-17T13:37:31+0800,104.45,98.285,6.941,temp=52.6'C,throttled=0x0,15.0,1.998,117.991,151.52,216.007,0,622.029,2520.552,66.418,87.081,106.243,141.424,13.215,92.054,40.0,
2026-08-17T13:37:32+0800,105.267,98.406,6.941,temp=52.6'C,throttled=0x0,15.0,1.998,117.991,151.52,280.185,0,622.029,2520.552,66.418,87.081,106.243,141.424,13.159,93.658,40.0,
2026-08-17T13:37:33+0800,105.405,98.332,6.941,temp=52.6'C,throttled=0x0,15.0,1.998,117.991,151.52,277.159,0,622.029,2520.552,66.418,87.081,106.243,141.424,13.146,93.658,40.0,
2026-08-17T13:37:34+0800,103.444,98.402,6.941,temp=52.6'C,throttled=0x0,15.0,1.998,117.941,151.52,255.876,0,622.029,2520.552,66.418,87.081,106.243,141.424,13.139,93.658,40.0,
2026-08-17T13:37:35+0800,107.269,98.367,6.941,temp=52.6'C,throttled=0x0,15.0,1.998,117.941,151.52,314.963,0,622.029,2520.552,66.418,87.081,106.243,141.424,13.152,92.054,40.0,
2026-08-17T13:37:36+0800,105.368,98.402,6.941,temp=52.1'C,throttled=0x0,15.0,1.998,117.941,151.52,312.168,0,622.029,2520.552,66.418,87.081,106.243,141.424,13.15,91.432,40.0,
2026-08-17T13:37:37+0800,106.397,98.504,6.941,temp=53.2'C,throttled=0x0,15.0,1.998,117.941,151.52,295.663,0,622.029,2520.552,66.418,87.081,106.243,141.424,13.15,91.432,40.0,
2026-08-17T13:37:38+0800,105.408,98.398,6.941,temp=53.2'C,throttled=0x0,15.0,1.999,117.941,151.52,348.773,0,622.029,2520.552,66.418,87.081,106.243,141.424,13.152,90.796,40.0,
2026-08-17T13:37:39+0800,105.421,98.402,6.941,temp=52.6'C,throttled=0x0,15.0,1.999,117.941,151.52,331.897,0,622.029,2520.552,66.418,87.081,106.243,141.424,13.155,90.67,40.0,
2026-08-17T13:37:40+0800,105.258,98.535,6.941,temp=52.6'C,throttled=0x0,15.0,1.999,117.941,151.52,405.013,0,639.164,2520.552,66.418,87.081,106.243,141.424,13.168,90.319,40.0,
2026-08-17T13:37:41+0800,109.517,100.07,6.941,temp=52.6'C,throttled=0x0,15.0,1.999,117.941,151.52,396.776,0,639.164,2520.552,66.418,87.081,106.243,141.424,13.15,90.319,40.0,
2026-08-17T13:37:42+0800,114.968,101.613,6.941,temp=52.6'C,throttled=0x0,15.0,1.998,117.941,151.52,452.66,0,639.164,2520.552,66.418,87.081,106.243,141.424,13.153,90.319,40.0,
2026-08-17T13:37:43+0800,111.97,98.387,6.941,temp=52.6'C,throttled=0x0,15.0,1.999,117.941,151.52,449.884,0,625.532,2520.552,66.321,87.081,106.243,141.424,13.159,90.254,40.0,
2026-08-17T13:37:44+0800,104.248,98.371,6.941,temp=53.2'C,throttled=0x0,15.0,1.998,117.941,151.52,11.516,0,625.532,2520.552,66.321,87.081,106.243,141.424,13.159,90.428,40.0,
2026-08-17T13:37:45+0800,105.153,98.395,6.941,temp=52.6'C,throttled=0x0,15.0,1.998,117.941,151.52,479.609,0,625.532,2520.552,66.321,87.081,106.243,141.424,13.17,90.428,40.0,
2026-08-17T13:37:46+0800,105.979,98.426,6.941,temp=53.2'C,throttled=0x0,15.0,1.999,117.941,151.173,0.455,0,625.532,2520.552,66.216,87.081,106.243,141.424,13.153,90.428,40.0,
2026-08-17T13:37:47+0800,106.254,98.312,6.941,temp=52.6'C,throttled=0x0,15.0,1.998,117.941,151.121,49.975,0,625.532,2520.552,66.216,87.081,106.243,141.424,13.149,90.428,40.0,
2026-08-17T13:37:48+0800,106.411,98.383,6.941,temp=52.6'C,throttled=0x0,15.0,1.998,117.941,151.121,451.513,0,625.532,2520.552,66.216,87.081,106.243,141.424,13.149,90.428,40.0,
2026-08-17T13:37:49+0800,104.292,98.418,6.941,temp=52.6'C,throttled=0x0,15.0,1.998,117.941,151.121,451.513,0,625.532,2520.552,66.216,87.081,106.243,141.424,13.154,90.67,40.0,
2026-08-17T13:37:50+0800,105.757,98.516,6.941,temp=52.6'C,throttled=0x0,15.0,1.999,117.941,151.121,451.513,0,625.532,2520.552,66.216,87.081,106.243,141.424,13.154,90.67,40.0,
2026-08-17T13:37:51+0800,104.227,98.508,6.941,temp=52.6'C,throttled=0x0,15.0,1.998,117.941,151.121,107.719,0,625.532,2520.552,66.216,87.081,106.939,141.424,13.19,90.67,40.0,
2026-08-17T13:37:52+0800,103.153,98.531,6.941,temp=52.6'C,throttled=0x0,15.0,1.999,117.906,151.116,104.728,0,625.532,2520.552,66.216,87.081,106.939,141.424,13.189,90.428,40.0,
2026-08-17T13:37:53+0800,103.138,98.484,6.941,temp=52.6'C,throttled=0x0,15.0,1.998,117.906,151.116,150.22,0,625.532,2520.552,66.216,87.081,106.939,141.424,13.192,90.67,40.0,
2026-08-17T13:37:54+0800,106.427,98.438,6.941,temp=52.6'C,throttled=0x0,15.0,1.998,117.795,151.116,122.009,0,625.532,2520.552,66.216,87.081,107.308,141.424,13.198,90.38,40.0,
2026-08-17T13:37:56+0800,102.403,98.426,6.941,temp=52.6'C,throttled=0x0,15.0,1.998,117.795,151.116,188.212,0,625.532,2520.552,66.216,87.081,107.308,141.424,13.2,90.67,40.0,
2026-08-17T13:37:57+0800,108.057,98.379,6.941,temp=52.6'C,throttled=0x0,15.0,1.998,117.795,151.116,427.529,0,625.532,2520.552,66.216,87.081,107.308,141.424,13.196,91.325,40.0,
2026-08-17T13:37:58+0800,105.199,98.418,6.941,temp=52.6'C,throttled=0x0,15.0,1.999,117.795,151.116,427.529,0,625.532,2520.552,66.216,87.081,107.308,141.424,13.2,91.344,40.0,
2026-08-17T13:37:59+0800,104.375,98.383,6.941,temp=53.2'C,throttled=0x0,15.0,1.998,117.906,151.116,209.383,0,625.532,2623.576,66.216,87.081,107.308,141.424,13.194,91.344,40.0,
2026-08-17T13:38:00+0800,106.426,98.512,6.941,temp=53.2'C,throttled=0x0,15.0,1.998,117.941,151.116,186.207,0,625.532,2623.576,66.216,87.081,107.308,141.424,13.205,91.344,40.0,
2026-08-17T13:38:01+0800,103.449,98.605,6.941,temp=52.1'C,throttled=0x0,15.0,1.999,117.941,151.116,240.914,0,625.532,2623.576,66.216,87.081,107.308,141.424,13.223,91.344,40.0,
2026-08-17T13:38:02+0800,107.607,98.387,6.941,temp=52.6'C,throttled=0x0,15.0,1.998,117.906,151.116,232.167,0,625.532,2907.562,66.216,87.081,107.308,141.424,13.21,91.456,40.0,
2026-08-17T13:38:03+0800,103.43,98.555,6.941,temp=53.2'C,throttled=0x0,15.0,1.999,117.795,151.116,293.46,0,625.532,2907.562,66.216,87.081,107.308,141.424,13.226,91.956,40.0,
2026-08-17T13:38:04+0800,102.431,98.52,6.941,temp=53.2'C,throttled=0x0,15.0,1.999,117.537,151.116,275.768,0,625.532,2907.562,66.216,87.081,107.308,141.424,13.219,91.956,40.0,
2026-08-17T13:38:05+0800,106.332,98.535,6.941,temp=53.2'C,throttled=0x0,15.0,1.998,117.537,151.116,329.325,0,625.532,2907.562,66.216,87.081,107.308,141.424,13.218,91.956,40.0,
2026-08-17T13:38:06+0800,105.17,98.449,6.941,temp=52.6'C,throttled=0x0,15.0,1.999,117.537,151.116,313.724,0,625.532,2907.562,66.216,87.081,107.308,141.424,13.246,91.344,40.0,
2026-08-17T13:38:07+0800,105.395,98.5,6.941,temp=52.6'C,throttled=0x0,15.0,1.999,117.289,151.116,304.988,0,625.532,2907.562,66.216,87.081,107.308,141.424,13.239,92.51,40.0,
2026-08-17T13:38:08+0800,104.39,98.465,6.941,temp=52.6'C,throttled=0x0,15.0,1.999,117.184,151.116,379.741,0,639.164,2907.562,66.216,87.081,107.308,141.424,13.232,92.51,40.0,
2026-08-17T13:38:09+0800,101.458,98.496,6.941,temp=52.6'C,throttled=0x0,15.0,1.999,117.073,151.116,365.115,0,639.164,2907.562,66.216,87.081,107.308,141.424,13.236,92.51,40.0,
2026-08-17T13:38:10+0800,107.885,98.535,6.941,temp=53.2'C,throttled=0x0,15.0,1.999,117.073,151.116,409.76,0,639.164,2907.562,66.216,87.081,107.308,141.424,13.245,91.956,40.0,
2026-08-17T13:38:11+0800,111.863,101.641,6.941,temp=53.7'C,throttled=0x0,15.0,1.999,117.073,150.479,395.729,0,639.164,2907.562,66.216,87.081,107.308,141.424,13.222,92.51,40.0,
2026-08-17T13:38:12+0800,114.383,101.656,6.941,temp=53.2'C,throttled=0x0,15.0,1.998,117.073,148.976,404.773,0,639.164,2907.562,66.216,87.081,107.308,141.424,13.201,92.612,40.0,
2026-08-17T13:38:13+0800,110.068,98.402,6.941,temp=52.6'C,throttled=0x0,15.0,1.998,116.719,148.8,473.84,0,639.164,2907.562,66.216,87.081,107.308,141.424,13.189,92.612,40.0,
2026-08-17T13:38:14+0800,103.415,98.5,6.941,temp=52.6'C,throttled=0x0,15.0,1.998,116.719,148.545,456.083,0,639.164,2907.562,66.216,87.081,107.308,141.424,13.19,92.612,40.0,
2026-08-17T13:38:15+0800,106.899,98.469,6.941,temp=53.2'C,throttled=0x0,15.0,1.998,115.785,148.545,30.486,0,639.164,2907.562,66.216,87.081,107.308,141.424,13.178,92.532,40.0,
2026-08-17T13:38:16+0800,104.222,98.551,6.941,temp=52.6'C,throttled=0x0,15.0,1.998,115.564,148.418,13.985,0,639.164,2907.562,66.216,87.081,107.308,141.424,13.189,92.532,40.0,
2026-08-17T13:38:17+0800,104.44,98.344,6.941,temp=53.2'C,throttled=0x0,15.0,1.998,115.564,148.418,10.8,0,639.164,2907.562,66.216,87.081,107.308,141.424,13.174,92.51,40.0,
2026-08-17T13:38:18+0800,104.424,98.473,6.941,temp=53.2'C,throttled=0x0,15.0,1.998,115.564,148.418,75.094,0,639.164,2907.562,66.216,87.081,107.308,141.424,13.17,92.51,40.0,
2026-08-17T13:38:19+0800,105.342,98.398,6.941,temp=53.7'C,throttled=0x0,15.0,1.999,115.564,148.418,73.402,0,639.164,2907.562,66.216,87.081,107.308,141.424,13.155,92.51,40.0,
2026-08-17T13:38:20+0800,102.38,98.387,6.941,temp=52.6'C,throttled=0x0,15.0,1.999,115.564,148.418,116.918,0,639.164,2907.562,66.216,87.081,107.308,141.424,13.158,92.231,40.0,
2026-08-17T13:38:21+0800,103.309,98.402,6.941,temp=52.6'C,throttled=0x0,15.0,1.998,115.564,148.418,91.964,0,639.164,2907.562,66.216,87.081,107.308,141.424,13.179,91.336,40.0,
2026-08-17T13:38:22+0800,105.446,98.473,6.941,temp=53.2'C,throttled=0x0,15.0,1.998,115.564,148.418,104.193,0,639.164,2907.562,66.216,87.081,107.308,141.424,13.154,91.336,40.0,
2026-08-17T13:38:23+0800,105.213,98.52,6.941,temp=53.2'C,throttled=0x0,15.0,1.999,115.564,148.418,148.759,0,639.164,2907.562,66.216,87.081,107.308,141.424,13.157,91.654,40.0,
2026-08-17T13:38:24+0800,106.374,98.379,6.941,temp=53.2'C,throttled=0x0,15.0,1.998,115.564,148.418,128.269,0,639.164,2907.562,66.216,87.081,107.308,141.424,13.166,91.336,40.0,
2026-08-17T13:38:25+0800,103.78,98.488,6.941,temp=52.6'C,throttled=0x0,15.0,1.999,115.564,148.418,191.642,0,639.164,2907.562,66.216,87.081,107.308,141.424,13.158,91.654,40.0,
2026-08-17T13:38:26+0800,108.374,98.363,6.941,temp=52.6'C,throttled=0x0,15.0,1.999,115.564,148.418,173.288,0,639.164,2907.562,66.216,87.081,107.308,141.424,13.157,91.336,40.0,
2026-08-17T13:38:27+0800,104.142,98.414,6.941,temp=53.2'C,throttled=0x0,15.0,1.998,115.564,148.302,171.207,0,639.164,2907.562,66.216,87.081,107.308,141.424,13.156,91.654,40.0,
2026-08-17T13:38:28+0800,104.454,98.43,6.941,temp=52.6'C,throttled=0x0,15.0,1.998,115.564,148.418,222.739,0,639.164,2907.562,66.216,87.081,107.308,141.424,13.162,91.336,40.0,
2026-08-17T13:38:29+0800,105.262,98.375,6.941,temp=52.6'C,throttled=0x0,15.0,1.999,115.564,148.302,217.656,0,639.164,2907.562,66.216,87.081,107.308,141.424,13.156,91.654,40.0,
2026-08-17T13:38:30+0800,104.454,98.535,6.941,temp=53.7'C,throttled=0x0,15.0,1.999,115.564,148.302,281.666,0,639.164,2907.562,66.216,87.081,107.308,141.424,13.15,91.336,40.0,
2026-08-17T13:38:31+0800,104.171,98.449,6.941,temp=52.6'C,throttled=0x0,15.0,1.999,115.564,147.701,266.24,0,639.164,2907.562,66.216,87.081,107.308,141.424,13.173,91.203,40.0,
2026-08-17T13:38:32+0800,107.32,98.457,6.941,temp=52.6'C,throttled=0x0,15.0,1.998,115.564,147.182,276.219,0,625.532,2907.562,66.174,87.081,107.308,141.424,13.146,91.203,40.0,
2026-08-17T13:38:33+0800,104.393,98.512,6.941,temp=52.6'C,throttled=0x0,15.0,1.999,115.564,146.397,260.421,0,625.532,2907.562,66.174,87.081,107.308,141.424,13.146,91.203,40.0,
2026-08-17T13:38:34+0800,103.401,98.527,6.941,temp=52.6'C,throttled=0x0,15.0,1.999,115.445,146.231,318.224,0,625.532,2907.562,66.174,87.081,107.308,141.424,13.158,91.203,40.0,
2026-08-17T13:38:35+0800,104.522,98.59,6.941,temp=52.6'C,throttled=0x0,15.0,1.999,115.445,146.397,310.311,0,625.532,2908.028,66.124,87.081,107.308,141.424,13.15,91.278,40.0,
2026-08-17T13:38:36+0800,105.419,98.746,6.941,temp=52.6'C,throttled=0x0,15.0,1.999,115.564,147.182,362.715,0,625.532,2908.028,66.124,87.081,107.308,141.424,13.157,91.278,40.0,
2026-08-17T13:38:37+0800,106.473,98.656,6.941,temp=53.2'C,throttled=0x0,15.0,1.999,115.564,147.256,368.684,0,625.532,2908.028,66.124,87.081,107.308,141.424,13.148,91.654,40.0,
2026-08-17T13:38:38+0800,105.284,98.559,6.941,temp=52.6'C,throttled=0x0,15.0,1.999,115.564,148.044,347.892,0,625.532,2908.028,66.124,87.081,107.308,141.424,13.162,91.654,40.0,
2026-08-17T13:38:39+0800,109.194,100.578,6.941,temp=53.2'C,throttled=0x0,15.0,1.999,115.785,148.302,412.624,0,625.532,2908.028,66.124,87.081,107.308,141.424,13.16,91.654,40.0,
2026-08-17T13:38:40+0800,113.616,101.816,6.941,temp=53.2'C,throttled=0x0,15.0,1.999,115.564,148.302,404.526,0,625.532,2908.028,66.124,87.081,107.308,141.424,13.143,91.8,40.0,
2026-08-17T13:38:41+0800,111.21,98.625,6.941,temp=52.6'C,throttled=0x0,15.0,1.999,115.564,148.302,455.72,0,625.532,2908.028,66.124,87.081,107.308,141.424,13.167,91.984,40.0,
2026-08-17T13:38:42+0800,106.399,98.633,6.941,temp=52.6'C,throttled=0x0,15.0,1.999,115.445,148.302,479.329,0,625.532,2908.028,66.124,87.081,107.308,141.424,13.14,91.984,40.0,
2026-08-17T13:38:43+0800,104.416,98.746,6.941,temp=53.2'C,throttled=0x0,15.0,1.999,115.358,148.302,452.871,0,625.532,2908.028,66.124,87.081,107.308,141.424,13.143,92.052,40.0,
2026-08-17T13:38:44+0800,104.341,98.668,6.941,temp=53.2'C,throttled=0x0,15.0,1.999,115.358,148.302,15.229,0,625.532,2908.028,66.124,87.081,107.308,141.424,13.139,92.052,40.0,
2026-08-17T13:38:45+0800,104.651,98.652,6.941,temp=52.6'C,throttled=0x0,15.0,1.999,115.295,148.302,10.402,0,625.532,2908.028,66.124,87.081,107.308,141.424,13.138,92.052,40.0,
2026-08-17T13:38:46+0800,102.534,98.668,6.941,temp=53.7'C,throttled=0x0,15.0,1.999,115.295,148.044,77.591,0,625.532,2908.028,66.124,87.081,107.308,141.424,13.139,92.155,40.0,
2026-08-17T13:38:47+0800,105.4,98.559,6.941,temp=53.2'C,throttled=0x0,15.0,1.999,115.295,148.044,66.342,0,625.532,2908.028,66.124,87.081,107.308,141.424,13.135,92.155,40.0,
2026-08-17T13:38:48+0800,105.161,98.594,6.941,temp=53.7'C,throttled=0x0,15.0,1.999,115.284,148.044,46.584,0,625.532,2908.028,66.124,87.081,107.308,141.424,13.144,91.984,40.0,
2026-08-17T13:38:49+0800,103.416,98.699,6.941,temp=53.2'C,throttled=0x0,15.0,1.999,115.284,148.044,104.957,0,625.532,2908.028,66.124,87.081,107.308,141.424,13.14,92.155,40.0,
2026-08-17T13:38:50+0800,105.44,98.621,6.941,temp=53.2'C,throttled=0x0,15.0,1.999,115.284,148.044,82.796,0,625.532,2908.028,66.124,87.081,107.308,141.424,13.144,91.984,40.0,
2026-08-17T13:38:52+0800,105.418,98.617,6.941,temp=53.2'C,throttled=0x0,15.0,1.999,115.284,148.044,132.725,0,625.532,2908.028,66.124,87.081,107.308,141.424,13.171,91.166,40.0,
2026-08-17T13:38:53+0800,108.307,98.684,6.941,temp=53.2'C,throttled=0x0,15.0,1.999,115.284,147.256,138.08,0,625.532,2908.028,66.124,87.081,107.308,141.424,13.149,91.166,40.0,
2026-08-17T13:38:54+0800,105.439,98.582,6.941,temp=53.2'C,throttled=0x0,15.0,1.999,115.284,147.256,142.59,0,625.532,2908.028,66.124,87.081,107.308,141.424,13.139,91.066,40.0,
2026-08-17T13:38:55+0800,106.318,98.703,6.941,temp=53.2'C,throttled=0x0,15.0,1.999,115.284,147.256,194.46,0,625.532,2908.028,66.124,87.081,107.308,141.424,13.14,90.981,40.0,
2026-08-17T13:38:56+0800,107.41,98.59,6.941,temp=53.2'C,throttled=0x0,15.0,1.999,114.386,147.182,168.119,0,625.532,2908.028,66.124,87.081,107.308,141.424,13.155,90.981,40.0,
2026-08-17T13:38:57+0800,103.396,98.598,6.941,temp=53.2'C,throttled=0x0,15.0,1.999,114.312,146.397,175.284,0,625.532,2908.028,66.124,87.081,107.308,141.424,13.158,90.768,40.0,
2026-08-17T13:38:58+0800,108.3,98.566,6.941,temp=52.6'C,throttled=0x0,15.0,1.999,114.386,146.397,178.54,0,625.532,2908.028,66.124,87.081,107.308,141.424,13.142,90.981,40.0,
2026-08-17T13:38:59+0800,105.395,98.633,6.941,temp=52.6'C,throttled=0x0,15.0,1.999,114.386,146.397,218.66,0,625.532,2908.028,66.124,87.081,107.308,141.424,13.154,90.981,40.0,
2026-08-17T13:39:00+0800,106.148,98.605,6.941,temp=53.2'C,throttled=0x0,15.0,1.999,114.386,146.397,220.186,0,625.532,2908.028,66.124,87.081,107.308,141.424,13.147,91.066,40.0,
2026-08-17T13:39:01+0800,105.296,98.539,6.941,temp=53.2'C,throttled=0x0,15.0,1.999,114.386,146.397,276.328,0,625.532,2908.028,66.124,87.081,107.308,141.424,13.142,90.981,40.0,
2026-08-17T13:39:02+0800,103.122,98.703,6.941,temp=53.2'C,throttled=0x0,15.0,1.999,114.386,146.231,259.783,0,625.532,2908.028,66.124,87.081,107.308,141.424,13.166,90.981,40.0,
2026-08-17T13:39:03+0800,106.464,98.613,6.941,temp=53.7'C,throttled=0x0,15.0,1.999,114.386,146.231,265.22,0,625.532,2908.028,66.124,87.081,107.308,141.424,13.138,90.981,40.0,
2026-08-17T13:39:04+0800,104.152,98.66,6.941,temp=52.6'C,throttled=0x0,15.0,1.999,114.386,146.231,333.001,0,625.532,2908.028,66.124,87.081,107.308,141.424,13.135,90.779,40.0,
2026-08-17T13:39:05+0800,104.113,98.617,6.941,temp=52.6'C,throttled=0x0,15.0,1.999,114.386,146.231,308.153,0,625.532,2908.028,66.124,87.081,107.308,141.424,13.146,90.779,40.0,
2026-08-17T13:39:06+0800,104.304,98.75,6.941,temp=52.6'C,throttled=0x0,15.0,1.999,114.386,146.231,298.905,0,625.532,2908.028,66.124,87.081,107.308,141.424,13.153,90.779,40.0,
2026-08-17T13:39:07+0800,103.442,98.656,6.941,temp=53.7'C,throttled=0x0,15.0,1.999,114.386,146.231,348.776,0,625.532,2908.028,66.124,87.081,107.308,141.424,13.157,90.407,40.0,
2026-08-17T13:39:08+0800,107.373,98.738,6.941,temp=52.6'C,throttled=0x0,15.0,1.999,114.386,146.231,342.263,0,625.532,2908.028,66.124,87.081,107.308,141.424,13.142,90.779,40.0,
2026-08-17T13:39:09+0800,105.067,99.172,6.941,temp=52.6'C,throttled=0x0,15.0,1.999,114.737,146.231,404.337,0,625.532,2907.562,66.174,84.129,107.308,141.424,13.15,90.779,40.0,
2026-08-17T13:39:10+0800,110.391,101.895,6.941,temp=53.2'C,throttled=0x0,15.0,1.999,114.737,146.231,392.19,0,625.532,2907.562,66.174,84.129,107.308,141.424,13.146,91.066,40.0,
2026-08-17T13:39:11+0800,113.808,101.766,6.941,temp=53.2'C,throttled=0x0,15.0,1.999,114.737,146.231,451.523,0,639.164,2907.562,66.216,84.129,107.308,141.424,13.15,90.779,40.0,
2026-08-17T13:39:12+0800,107.533,98.629,6.941,temp=53.7'C,throttled=0x0,15.0,1.999,115.284,146.397,434.958,0,639.164,2907.562,66.216,84.129,107.308,141.424,13.161,90.861,40.0,
2026-08-17T13:39:13+0800,108.362,98.621,6.941,temp=53.2'C,throttled=0x0,15.0,1.999,115.295,146.397,9.598,0,639.164,2907.562,66.216,84.129,107.308,141.424,13.165,91.088,40.0,
2026-08-17T13:39:14+0800,102.488,98.758,6.941,temp=53.2'C,throttled=0x0,15.0,1.999,115.295,146.397,489.906,0,639.164,2907.562,66.216,84.129,107.308,141.424,13.169,91.088,40.0,
2026-08-17T13:39:15+0800,104.261,98.672,6.941,temp=53.2'C,throttled=0x0,15.0,1.999,115.295,146.397,58.206,0,625.532,2907.562,66.203,84.129,107.308,141.424,13.154,91.088,40.0,
2026-08-17T13:39:16+0800,104.315,98.824,6.941,temp=53.2'C,throttled=0x0,15.0,1.999,115.295,147.182,36.683,0,625.532,2907.562,66.203,84.129,107.308,141.424,13.163,91.088,40.0,
2026-08-17T13:39:17+0800,104.424,98.773,6.941,temp=52.6'C,throttled=0x0,15.0,1.999,115.295,147.256,22.348,0,625.532,2907.562,66.203,84.129,107.308,141.424,13.175,91.088,40.0,
2026-08-17T13:39:18+0800,110.384,98.617,6.941,temp=53.7'C,throttled=0x0,15.0,1.999,115.295,147.256,34.55,0,625.532,2907.562,66.203,84.129,107.308,141.424,13.146,91.521,40.0,
2026-08-17T13:39:19+0800,106.368,98.73,6.941,temp=53.2'C,throttled=0x0,15.0,1.999,115.295,147.256,485.474,0,625.532,2907.562,66.203,84.129,107.308,141.424,13.163,91.088,40.0,
2026-08-17T13:39:20+0800,102.406,98.66,6.941,temp=53.2'C,throttled=0x0,15.0,1.999,115.295,147.256,485.474,0,625.532,2907.562,66.203,84.129,107.308,141.424,13.166,91.521,40.0,
2026-08-17T13:39:21+0800,105.403,98.785,6.941,temp=53.2'C,throttled=0x0,15.0,1.999,115.295,147.256,485.474,0,625.532,2907.562,66.203,84.129,107.308,141.424,13.169,91.521,40.0,
2026-08-17T13:39:22+0800,102.411,98.633,6.941,temp=53.2'C,throttled=0x0,15.0,1.999,115.295,147.256,485.474,0,625.532,2907.562,66.203,84.129,107.308,141.424,13.24,90.861,40.0,
2026-08-17T13:39:23+0800,103.422,98.672,6.941,temp=53.7'C,throttled=0x0,15.0,1.999,115.295,147.256,485.474,0,625.532,2907.562,66.203,84.129,107.308,141.424,13.272,90.861,40.0,
2026-08-17T13:39:24+0800,104.36,98.625,6.941,temp=53.7'C,throttled=0x0,15.0,1.999,115.295,147.256,485.474,0,625.532,2907.562,66.203,84.129,107.308,141.424,13.27,91.521,40.0,
2026-08-17T13:39:25+0800,101.544,98.66,6.941,temp=53.7'C,throttled=0x0,15.0,1.999,115.284,147.256,173.3,0,625.532,2907.562,66.203,84.129,106.939,141.424,13.318,90.861,40.0,
2026-08-17T13:39:26+0800,106.423,98.684,6.941,temp=52.6'C,throttled=0x0,15.0,1.999,115.284,147.182,159.849,0,625.532,2907.562,66.174,84.129,106.939,141.424,13.297,91.521,40.0,
2026-08-17T13:39:27+0800,106.38,98.664,6.941,temp=53.7'C,throttled=0x0,15.0,1.999,115.204,146.033,154.202,0,625.532,2907.562,66.174,84.129,106.939,141.424,13.3,90.861,40.0,
2026-08-17T13:39:28+0800,115.107,98.766,6.941,temp=53.2'C,throttled=0x0,15.0,1.999,115.284,146.033,203.574,0,625.532,2907.562,66.174,84.129,106.939,141.424,13.251,90.861,40.0,
2026-08-17T13:39:29+0800,115.976,98.691,6.941,temp=53.2'C,throttled=0x0,15.0,1.999,115.284,146.033,424.012,0,639.164,2907.562,66.203,84.129,106.939,141.424,13.193,92.014,40.0,
2026-08-17T13:39:30+0800,115.108,98.836,6.941,temp=53.7'C,throttled=0x0,15.0,1.999,115.284,146.033,424.012,0,639.164,2907.562,66.203,84.129,106.939,141.424,13.128,93.127,40.0,
2026-08-17T13:39:31+0800,116.853,98.715,6.941,temp=53.7'C,throttled=0x0,15.0,1.999,115.284,146.033,234.377,0,639.164,2907.562,66.203,84.129,106.939,141.424,13.096,93.127,40.0,
2026-08-17T13:39:32+0800,113.97,98.738,6.941,temp=53.7'C,throttled=0x0,15.0,1.999,115.284,146.033,296.742,0,639.164,2907.562,66.203,84.129,106.939,141.424,13.049,93.218,40.0,
2026-08-17T13:39:33+0800,118.19,98.715,6.941,temp=53.7'C,throttled=0x0,15.0,1.999,115.284,146.033,288.994,0,651.875,2907.562,66.203,84.129,107.308,141.424,12.988,94.524,40.0,
2026-08-17T13:39:34+0800,115.642,98.727,6.941,temp=53.7'C,throttled=0x0,15.0,1.999,115.284,146.033,280.164,0,651.875,2907.562,66.216,84.129,107.308,141.424,12.946,96.352,40.0,
2026-08-17T13:39:35+0800,114.991,98.758,6.941,temp=53.7'C,throttled=0x0,15.0,1.999,115.284,146.033,346.107,0,651.875,2907.562,66.216,84.129,107.308,141.424,12.896,96.594,40.0,
2026-08-17T13:39:36+0800,113.292,98.641,6.941,temp=53.7'C,throttled=0x0,15.0,1.999,115.284,146.033,315.217,0,651.875,2907.562,66.216,84.129,107.308,141.424,12.845,96.719,40.0,
2026-08-17T13:39:37+0800,116.252,98.648,6.941,temp=53.7'C,throttled=0x0,15.0,1.999,115.284,146.033,484.295,0,651.875,2907.562,66.216,84.129,107.308,141.424,12.794,97.061,40.0,
2026-08-17T13:39:38+0800,118.982,98.648,6.941,temp=53.7'C,throttled=0x0,15.0,1.999,115.284,146.033,484.295,0,651.875,2907.562,66.216,84.129,107.308,141.424,12.772,97.061,40.0,
2026-08-17T13:39:39+0800,114.798,100.609,6.941,temp=54.2'C,throttled=0x0,15.0,1.999,115.284,147.182,400.788,0,651.875,2907.562,66.216,84.129,106.939,141.424,12.728,97.298,40.0,
2026-08-17T13:39:40+0800,127.599,101.844,6.941,temp=53.7'C,throttled=0x0,15.0,1.999,115.295,147.256,380.359,0,651.875,2907.562,66.216,84.129,106.939,141.424,12.674,97.987,40.0,
2026-08-17T13:39:41+0800,114.966,101.785,6.941,temp=53.7'C,throttled=0x0,15.0,1.999,115.295,148.044,410.723,0,651.875,2907.562,66.216,87.081,106.939,141.424,12.647,98.499,40.0,
2026-08-17T13:39:42+0800,106.781,98.734,6.941,temp=53.7'C,throttled=0x0,15.0,1.999,115.358,148.976,462.223,0,651.875,2907.562,66.216,87.081,106.939,141.424,12.6,98.499,40.0,
2026-08-17T13:39:43+0800,104.365,98.68,6.941,temp=53.7'C,throttled=0x0,15.0,1.999,115.358,149.157,26.621,0,651.875,2907.562,66.216,87.081,106.939,141.424,12.568,98.499,40.0,
2026-08-17T13:39:44+0800,106.331,98.617,6.941,temp=53.2'C,throttled=0x0,15.0,1.999,115.295,149.157,18.143,0,651.875,2907.562,66.216,87.081,106.939,141.424,12.566,97.987,40.0,
2026-08-17T13:39:45+0800,105.428,98.711,6.941,temp=53.7'C,throttled=0x0,15.0,1.999,115.295,149.157,492.289,0,651.875,2907.562,66.216,87.081,106.939,141.424,12.54,97.987,40.0,
2026-08-17T13:39:46+0800,104.476,98.621,6.941,temp=53.7'C,throttled=0x0,15.0,1.999,115.295,149.157,59.602,0,651.875,2907.562,66.216,87.081,106.939,141.424,12.542,97.676,40.0,
2026-08-17T13:39:47+0800,106.06,98.707,6.941,temp=53.7'C,throttled=0x0,15.0,1.999,115.295,149.157,42.635,0,651.875,2907.562,66.216,87.081,106.939,141.424,12.549,97.676,40.0,
2026-08-17T13:39:48+0800,104.384,98.613,6.941,temp=53.7'C,throttled=0x0,15.0,1.999,115.295,149.157,45.292,0,651.875,2907.562,66.216,87.081,106.939,141.424,12.587,97.676,40.0,
2026-08-17T13:39:50+0800,103.254,98.734,6.941,temp=53.7'C,throttled=0x0,15.0,1.999,115.284,149.157,86.489,0,651.875,2907.562,66.216,87.081,106.939,141.424,12.647,97.298,40.0,
2026-08-17T13:39:51+0800,105.33,98.602,6.941,temp=53.7'C,throttled=0x0,15.0,1.999,115.284,148.976,87.279,0,651.875,2907.562,66.216,87.081,106.939,141.424,12.701,96.719,40.0,
2026-08-17T13:39:52+0800,105.245,98.754,6.941,temp=53.7'C,throttled=0x0,15.0,1.999,115.204,148.976,132.482,0,651.875,2907.562,66.216,87.081,106.939,141.424,12.758,95.998,40.0,
2026-08-17T13:39:53+0800,104.435,98.688,6.941,temp=53.7'C,throttled=0x0,15.0,1.999,115.179,148.976,111.093,0,651.875,2907.562,66.216,87.081,106.939,141.424,12.805,95.703,40.0,
2026-08-17T13:39:54+0800,109.242,98.629,6.941,temp=53.7'C,throttled=0x0,15.0,1.999,115.204,148.976,133.297,0,651.875,2907.562,66.216,87.081,106.939,141.424,12.841,95.703,40.0,
2026-08-17T13:39:55+0800,104.368,98.82,6.941,temp=53.7'C,throttled=0x0,15.0,1.999,115.204,148.976,129.955,0,651.875,2907.562,66.216,87.081,106.939,141.424,12.895,93.206,40.0,
2026-08-17T13:39:56+0800,104.436,98.617,6.941,temp=53.7'C,throttled=0x0,15.0,1.999,115.204,148.976,180.204,0,651.875,2907.562,66.216,87.081,106.939,141.424,12.946,92.948,40.0,
2026-08-17T13:39:57+0800,104.358,98.695,6.941,temp=53.7'C,throttled=0x0,15.0,1.999,115.204,148.976,158.439,0,651.875,2907.562,66.216,87.081,106.939,141.424,13.01,91.464,40.0,
2026-08-17T13:39:58+0800,104.31,98.688,6.941,temp=53.7'C,throttled=0x0,15.0,1.999,115.204,148.976,221.773,0,651.875,2907.562,66.216,87.081,106.939,141.424,13.057,91.067,40.0,
2026-08-17T13:39:59+0800,103.411,98.676,6.941,temp=53.7'C,throttled=0x0,15.0,1.999,115.204,148.976,209.804,0,651.875,2907.562,66.216,87.081,106.939,141.424,13.093,90.454,40.0,
2026-08-17T13:40:00+0800,103.265,98.785,6.941,temp=53.7'C,throttled=0x0,15.0,1.999,115.204,148.976,199.466,0,651.875,2907.562,66.216,87.081,106.939,141.424,13.144,90.233,40.0,
2026-08-17T13:40:01+0800,106.321,98.766,6.941,temp=53.7'C,throttled=0x0,15.0,1.999,115.204,148.976,276.718,0,664.765,2907.562,66.252,87.081,106.939,141.424,13.166,90.233,40.0,
2026-08-17T13:40:02+0800,104.262,98.59,6.941,temp=53.7'C,throttled=0x0,15.0,1.999,115.204,148.976,245.966,0,664.765,2907.562,66.252,87.081,106.939,141.424,13.162,90.233,40.0,
2026-08-17T13:40:03+0800,103.387,98.707,6.941,temp=53.7'C,throttled=0x0,15.0,1.999,115.204,148.976,239.349,0,664.765,2907.562,66.252,87.081,106.939,141.424,13.16,90.233,40.0,
2026-08-17T13:40:04+0800,105.93,98.777,6.941,temp=53.7'C,throttled=0x0,15.0,1.999,115.204,148.976,251.719,0,664.765,2907.562,66.252,87.081,106.939,141.424,13.143,90.233,40.0,
2026-08-17T13:40:05+0800,105.359,98.645,6.941,temp=53.7'C,throttled=0x0,15.0,1.999,115.204,148.976,320.203,0,664.765,2907.562,66.252,87.081,106.939,141.424,13.133,90.233,40.0,
2026-08-17T13:40:06+0800,108.305,98.781,6.941,temp=53.7'C,throttled=0x0,15.0,1.999,115.204,148.976,368.077,0,664.765,2907.562,66.252,87.081,106.939,141.424,13.135,90.321,40.0,
2026-08-17T13:40:07+0800,105.355,98.812,6.941,temp=53.2'C,throttled=0x0,15.0,1.999,115.204,148.976,338.726,0,664.765,2907.562,66.252,87.081,106.939,141.424,13.15,90.321,40.0,
2026-08-17T13:40:08+0800,104.41,98.648,6.941,temp=53.7'C,throttled=0x0,15.0,1.999,115.204,148.976,339.053,0,664.765,2907.562,66.216,87.081,106.939,141.424,13.154,90.454,40.0,
2026-08-17T13:40:09+0800,104.135,98.59,6.941,temp=53.7'C,throttled=0x0,15.0,1.999,115.204,148.976,393.321,0,664.765,2907.562,66.216,87.081,106.939,141.424,13.146,90.623,40.0,
2026-08-17T13:40:10+0800,112.108,101.949,6.941,temp=53.2'C,throttled=0x0,15.0,1.999,115.204,149.157,395.322,0,664.765,2907.562,66.216,87.081,106.939,141.424,13.143,90.759,40.0,
2026-08-17T13:40:11+0800,114.875,101.879,6.941,temp=53.7'C,throttled=0x0,15.0,1.999,115.204,149.157,468.153,0,664.765,2907.562,66.216,87.081,106.939,141.424,13.14,90.623,40.0,
2026-08-17T13:40:12+0800,107.367,98.531,6.941,temp=53.7'C,throttled=0x0,15.0,1.999,115.284,149.157,450.229,0,664.765,2907.562,66.216,87.081,106.939,141.424,13.132,90.759,40.0,
2026-08-17T13:40:13+0800,105.43,98.719,6.941,temp=53.7'C,throttled=0x0,15.0,1.999,115.284,149.157,9.063,0,664.765,2907.562,66.216,87.081,106.939,141.424,13.165,90.623,40.0,
2026-08-17T13:40:14+0800,106.377,98.625,6.941,temp=53.7'C,throttled=0x0,15.0,1.999,115.284,149.786,491.917,0,664.765,2907.562,66.216,87.081,106.939,141.424,13.168,90.454,40.0,
2026-08-17T13:40:15+0800,104.098,98.668,6.941,temp=53.7'C,throttled=0x0,15.0,1.999,115.284,149.786,482.339,0,664.765,2907.562,66.216,87.081,106.939,141.424,13.16,90.417,40.0,
2026-08-17T13:40:16+0800,107.342,98.68,6.941,temp=53.7'C,throttled=0x0,15.0,1.999,115.295,149.786,41.597,0,664.765,2907.562,66.216,87.081,106.939,141.424,13.152,90.417,40.0,
2026-08-17T13:40:17+0800,106.428,98.711,6.941,temp=53.7'C,throttled=0x0,15.0,1.999,115.295,149.832,24.621,0,664.765,2907.562,66.216,87.081,106.939,141.424,13.155,90.417,40.0,
2026-08-17T13:40:18+0800,105.48,98.797,6.941,temp=53.7'C,throttled=0x0,15.0,1.999,115.284,150.217,78.89,0,664.765,2907.562,66.216,87.081,106.939,141.424,13.161,90.623,40.0,
2026-08-17T13:40:19+0800,104.351,98.641,6.941,temp=53.7'C,throttled=0x0,15.0,1.999,115.204,150.217,67.905,0,664.765,2907.562,66.216,87.081,106.939,141.424,13.161,90.759,40.0,
2026-08-17T13:40:20+0800,104.448,98.738,6.941,temp=53.7'C,throttled=0x0,15.0,1.999,115.204,150.217,76.549,0,664.765,2907.562,66.216,87.081,106.939,141.424,13.158,90.417,40.0,
2026-08-17T13:40:21+0800,105.395,98.676,6.941,temp=53.7'C,throttled=0x0,15.0,1.999,115.204,150.217,119.639,0,664.765,2907.562,66.216,87.081,106.939,141.424,13.165,90.179,40.0,
2026-08-17T13:40:22+0800,104.397,98.68,6.941,temp=53.7'C,throttled=0x0,15.0,1.999,115.204,150.217,92.233,0,664.765,2907.562,66.216,87.081,106.939,141.424,13.179,90.179,40.0,
2026-08-17T13:40:23+0800,105.346,98.648,6.941,temp=53.2'C,throttled=0x0,15.0,1.999,115.179,150.217,144.215,0,664.765,2907.562,66.216,87.081,106.939,141.424,13.2,89.97,40.0,
2026-08-17T13:40:24+0800,104.212,98.582,6.941,temp=53.7'C,throttled=0x0,15.0,1.999,114.737,150.217,132.996,0,664.765,2907.562,66.216,87.081,106.939,141.424,13.197,89.97,40.0,
2026-08-17T13:40:25+0800,105.466,98.746,6.941,temp=53.2'C,throttled=0x0,15.0,1.999,114.497,150.217,132.149,0,664.765,2907.562,66.216,87.081,106.939,141.424,13.176,89.97,40.0,
2026-08-17T13:40:26+0800,104.446,98.738,6.941,temp=53.7'C,throttled=0x0,15.0,1.999,114.737,150.217,191.531,0,664.765,2907.562,66.216,87.081,106.939,141.424,13.173,89.97,40.0,
2026-08-17T13:40:27+0800,105.457,98.602,6.941,temp=53.7'C,throttled=0x0,15.0,1.999,115.179,150.217,178.498,0,664.765,2907.562,66.216,87.081,106.939,141.424,13.175,89.97,40.0,
2026-08-17T13:40:28+0800,104.137,98.645,6.941,temp=53.7'C,throttled=0x0,15.0,1.999,115.179,150.217,226.794,0,664.765,2907.562,66.216,87.081,106.939,141.424,13.173,89.97,40.0,
2026-08-17T13:40:29+0800,106.364,98.613,6.941,temp=53.7'C,throttled=0x0,15.0,1.999,115.179,150.217,201.282,0,664.765,2907.562,66.216,87.081,106.939,141.424,13.192,89.97,40.0,
2026-08-17T13:40:30+0800,105.418,98.684,6.941,temp=53.7'C,throttled=0x0,15.0,1.999,115.179,150.217,226.095,0,664.765,2907.562,66.216,87.081,106.939,141.424,13.177,89.97,40.0,
2026-08-17T13:40:31+0800,102.466,98.793,6.941,temp=53.2'C,throttled=0x0,15.0,1.999,115.179,150.217,262.304,0,664.765,2907.562,66.216,87.081,106.939,141.424,13.191,89.566,40.0,
2026-08-17T13:40:32+0800,109.077,98.664,6.941,temp=53.7'C,throttled=0x0,15.0,1.999,115.179,150.217,236.837,0,664.765,2907.562,66.216,87.081,106.939,141.424,13.188,89.97,40.0,
2026-08-17T13:40:33+0800,104.427,98.582,6.941,temp=53.7'C,throttled=0x0,15.0,1.999,115.179,150.217,310.201,0,664.765,2907.562,66.216,87.081,106.939,141.424,13.183,89.97,40.0,
2026-08-17T13:40:34+0800,104.436,98.691,6.941,temp=53.7'C,throttled=0x0,15.0,1.999,115.179,150.217,292.317,0,664.765,2907.562,66.216,87.081,106.939,141.424,13.186,89.97,40.0,
2026-08-17T13:40:35+0800,112.267,98.707,6.941,temp=53.7'C,throttled=0x0,15.0,1.999,115.179,150.244,282.629,0,664.765,2907.562,66.216,87.081,106.939,141.424,13.171,90.205,40.0,
2026-08-17T13:40:36+0800,105.354,98.691,6.941,temp=53.7'C,throttled=0x0,15.0,1.999,115.179,150.244,332.181,0,664.765,2907.562,66.216,87.081,106.939,141.424,13.188,89.97,40.0,
2026-08-17T13:40:37+0800,106.467,98.688,6.941,temp=53.7'C,throttled=0x0,15.0,1.999,115.204,150.244,320.988,0,664.765,2907.562,66.216,87.081,106.939,141.424,13.172,90.904,40.0,
2026-08-17T13:40:38+0800,105.412,98.68,6.941,temp=53.7'C,throttled=0x0,15.0,1.999,115.204,150.244,383.752,0,664.765,2907.562,66.216,87.081,106.939,141.424,13.187,90.113,40.0,
2026-08-17T13:40:39+0800,105.086,98.723,6.941,temp=53.7'C,throttled=0x0,15.0,1.999,115.284,150.244,351.291,0,664.765,2907.562,66.216,87.081,106.939,141.424,13.203,90.205,40.0,
2026-08-17T13:40:40+0800,104.183,98.742,6.941,temp=53.2'C,throttled=0x0,15.0,1.998,115.35,150.64,371.378,0,664.765,2907.562,66.216,87.081,106.939,141.424,13.173,90.904,40.0,
2026-08-17T13:40:41+0800,106.732,100.68,6.941,temp=53.7'C,throttled=0x0,15.0,1.999,115.35,150.64,426.103,0,664.765,2907.562,66.216,87.081,106.939,141.424,13.17,90.904,40.0,
2026-08-17T13:40:42+0800,111.921,102.027,6.941,temp=53.7'C,throttled=0x0,15.0,1.999,115.35,150.64,402.114,0,664.765,2907.562,66.216,87.081,106.939,141.424,13.168,91.353,40.0,
2026-08-17T13:40:43+0800,111.642,98.715,6.941,temp=53.7'C,throttled=0x0,15.0,1.999,115.35,150.64,484.433,0,664.765,2907.562,66.216,87.081,106.939,141.424,13.162,91.353,40.0,
2026-08-17T13:40:44+0800,107.106,98.707,6.941,temp=53.7'C,throttled=0x0,15.0,1.999,115.35,150.64,457.551,0,664.765,2907.562,66.216,87.081,106.939,141.424,13.178,91.353,40.0,
2026-08-17T13:40:45+0800,105.39,98.672,6.941,temp=53.7'C,throttled=0x0,15.0,1.999,115.35,150.64,450.259,0,664.765,2907.562,66.216,87.081,106.939,141.424,13.167,91.353,40.0,
2026-08-17T13:40:46+0800,105.192,98.629,6.941,temp=53.7'C,throttled=0x0,15.0,1.999,115.35,150.64,34.85,0,664.765,2907.562,66.216,87.081,106.939,141.424,13.157,91.388,40.0,
2026-08-17T13:40:47+0800,103.475,98.641,6.941,temp=53.7'C,throttled=0x0,15.0,1.998,115.35,150.64,3.611,0,664.765,2907.562,66.216,87.081,106.939,141.424,13.161,91.938,40.0,
2026-08-17T13:40:49+0800,103.451,98.629,6.941,temp=54.2'C,throttled=0x0,15.0,1.999,115.35,150.244,48.23,0,664.765,2907.562,66.216,87.081,106.939,141.424,13.168,91.388,40.0,
2026-08-17T13:40:50+0800,104.436,98.777,6.941,temp=53.7'C,throttled=0x0,15.0,1.998,115.35,150.244,15.116,0,664.765,2907.562,66.216,87.081,106.939,141.424,13.197,90.758,40.0,
2026-08-17T13:40:51+0800,105.313,98.68,6.941,temp=54.2'C,throttled=0x0,15.0,1.998,115.35,150.244,105.106,0,664.765,2907.562,66.216,87.081,106.939,141.424,13.166,91.388,40.0,
2026-08-17T13:40:52+0800,104.41,98.723,6.941,temp=53.7'C,throttled=0x0,15.0,1.998,115.35,150.244,77.091,0,664.765,2907.562,66.216,87.081,106.939,141.424,13.169,90.758,40.0,
2026-08-17T13:40:53+0800,103.075,98.75,6.941,temp=53.7'C,throttled=0x0,15.0,1.998,115.35,150.244,127.66,0,664.765,2907.562,66.216,87.081,106.939,141.424,13.182,90.372,40.0,
2026-08-17T13:40:54+0800,104.469,98.668,6.941,temp=53.2'C,throttled=0x0,15.0,1.998,115.35,150.244,114.952,0,664.765,2907.562,66.216,87.081,106.939,141.424,13.184,90.205,40.0,
2026-08-17T13:40:55+0800,105.182,98.805,6.941,temp=53.7'C,throttled=0x0,15.0,1.998,115.284,150.244,109.201,0,664.765,2907.562,66.216,87.081,106.939,141.424,13.181,90.372,40.0,
2026-08-17T13:40:56+0800,108.399,98.809,6.941,temp=53.7'C,throttled=0x0,15.0,1.998,115.284,150.64,176.898,0,664.765,2907.562,66.216,87.081,106.939,141.424,13.17,90.758,40.0,
2026-08-17T13:40:57+0800,105.012,98.691,6.941,temp=53.7'C,throttled=0x0,15.0,1.998,115.284,150.217,155.862,0,664.765,2907.562,66.216,87.081,106.939,141.424,13.186,90.372,40.0,
2026-08-17T13:40:58+0800,103.281,98.652,6.941,temp=53.7'C,throttled=0x0,15.0,1.998,115.284,149.832,214.308,0,664.765,2907.562,66.216,87.081,106.939,141.424,13.178,90.372,40.0,
2026-08-17T13:40:59+0800,102.325,98.668,6.941,temp=53.7'C,throttled=0x0,15.0,1.998,115.35,149.832,201.411,0,664.765,2907.562,66.216,87.081,106.939,141.424,13.171,90.372,40.0,
2026-08-17T13:41:00+0800,104.468,98.879,6.941,temp=53.7'C,throttled=0x0,15.0,1.999,115.35,149.832,240.661,0,664.765,2907.562,66.216,87.081,106.939,141.424,13.206,89.589,40.0,
2026-08-17T13:41:01+0800,109.963,98.758,6.941,temp=53.2'C,throttled=0x0,15.0,1.999,115.358,150.217,248.604,0,664.765,2907.562,66.216,87.081,106.939,141.424,13.193,90.346,40.0,
2026-08-17T13:41:02+0800,103.97,98.754,6.941,temp=53.7'C,throttled=0x0,15.0,1.998,116.767,150.217,231.684,0,664.765,2907.562,66.216,87.081,106.939,141.424,13.182,90.346,40.0,
2026-08-17T13:41:03+0800,103.394,98.836,6.941,temp=53.7'C,throttled=0x0,15.0,1.999,116.767,150.217,276.307,0,664.765,2907.562,66.216,87.081,106.939,141.424,13.198,90.175,40.0,
2026-08-17T13:41:04+0800,107.371,98.652,6.941,temp=53.7'C,throttled=0x0,15.0,1.998,117.658,150.217,247.345,0,664.765,2907.562,66.216,87.081,106.939,141.424,13.204,89.743,40.0,
2026-08-17T13:41:05+0800,106.489,98.734,6.941,temp=53.7'C,throttled=0x0,15.0,1.999,118.559,150.64,312.509,0,664.765,2907.562,66.216,87.081,106.939,141.424,13.209,90.346,40.0,
2026-08-17T13:41:06+0800,102.394,98.719,6.941,temp=53.7'C,throttled=0x0,15.0,1.998,118.559,150.64,304.604,0,664.765,2907.562,66.216,87.081,106.939,141.424,13.216,90.175,40.0,
2026-08-17T13:41:07+0800,105.361,98.727,6.941,temp=53.7'C,throttled=0x0,15.0,1.998,118.559,150.64,288.718,0,664.765,2907.562,66.216,87.081,106.939,141.424,13.199,90.346,40.0,
2026-08-17T13:41:08+0800,106.434,98.77,6.941,temp=53.7'C,throttled=0x0,15.0,1.999,117.846,150.64,340.747,0,664.765,2907.562,66.216,87.081,106.939,141.424,13.209,90.175,40.0,
2026-08-17T13:41:09+0800,103.428,98.754,6.941,temp=53.7'C,throttled=0x0,15.0,1.999,117.658,150.64,328.364,0,664.765,2907.562,66.216,87.081,106.939,141.424,13.195,90.346,40.0,
2026-08-17T13:41:10+0800,103.505,98.715,6.941,temp=53.7'C,throttled=0x0,15.0,1.999,116.807,150.64,388.434,0,664.765,2907.562,66.216,87.081,106.939,141.424,13.222,90.175,40.0,
2026-08-17T13:41:11+0800,104.394,98.793,6.941,temp=53.7'C,throttled=0x0,15.0,1.999,116.807,150.64,374.449,0,664.765,2907.562,66.216,87.081,106.939,141.424,13.211,89.743,40.0,
2026-08-17T13:41:12+0800,105.405,100.68,6.941,temp=53.7'C,throttled=0x0,15.0,1.998,116.807,150.64,421.264,0,664.765,2907.562,66.216,87.081,106.939,141.424,13.209,89.743,40.0,
2026-08-17T13:41:13+0800,111.995,101.922,6.941,temp=53.7'C,throttled=0x0,15.0,1.998,116.807,150.64,411.671,0,664.765,2907.562,66.216,87.081,106.939,141.424,13.21,90.175,40.0,
2026-08-17T13:41:14+0800,116.101,102.059,6.941,temp=54.2'C,throttled=0x0,15.0,1.998,116.807,150.64,472.421,0,664.765,2907.562,66.216,87.081,106.939,141.424,13.208,89.743,40.0,
2026-08-17T13:41:15+0800,108.151,98.629,6.941,temp=53.7'C,throttled=0x0,15.0,1.998,116.807,150.64,474.47,0,664.765,2907.562,66.216,87.081,106.939,141.424,13.208,89.743,40.0,
2026-08-17T13:41:16+0800,115.963,98.832,6.941,temp=54.2'C,throttled=0x0,15.0,1.998,116.807,150.64,0.538,0,664.765,2907.562,66.216,87.081,106.939,141.424,13.123,90.994,40.0,
2026-08-17T13:41:17+0800,107.254,98.723,6.941,temp=53.7'C,throttled=0x0,15.0,1.998,116.807,150.64,18.127,0,664.765,2907.562,66.216,87.081,106.939,141.424,13.094,91.603,40.0,
2026-08-17T13:41:18+0800,113.267,98.82,6.941,temp=53.7'C,throttled=0x0,15.0,1.998,116.807,150.64,41.9,0,664.765,2907.562,66.216,87.081,106.939,141.424,13.075,92.037,40.0,
2026-08-17T13:41:19+0800,110.269,98.637,6.941,temp=53.7'C,throttled=0x0,15.0,1.998,116.807,150.64,81.698,0,664.765,2907.562,66.216,87.081,106.939,141.424,13.027,92.657,40.0,
2026-08-17T13:41:20+0800,110.893,98.762,6.941,temp=53.7'C,throttled=0x0,15.0,1.998,116.807,150.64,33.901,0,664.765,2907.562,66.216,87.081,106.939,141.424,13.0,92.657,40.0,
2026-08-17T13:41:21+0800,109.279,98.723,6.941,temp=53.7'C,throttled=0x0,15.0,1.998,116.807,150.64,50.236,0,664.765,2907.562,66.216,87.081,106.939,141.424,12.987,92.657,40.0,
2026-08-17T13:41:22+0800,106.386,98.852,6.941,temp=54.2'C,throttled=0x0,15.0,1.998,116.807,150.64,99.089,0,664.765,2907.562,66.216,87.081,106.939,141.424,12.984,92.657,40.0,
2026-08-17T13:41:23+0800,103.392,98.789,6.941,temp=53.7'C,throttled=0x0,15.0,1.998,116.807,150.64,96.648,0,664.765,2907.562,66.216,87.081,106.939,141.424,12.97,92.657,40.0,
2026-08-17T13:41:24+0800,106.383,98.742,6.941,temp=53.7'C,throttled=0x0,15.0,1.998,116.807,150.64,140.028,0,664.765,2907.562,66.216,87.081,106.939,141.424,12.984,92.037,40.0,
2026-08-17T13:41:25+0800,102.416,98.711,6.941,temp=53.7'C,throttled=0x0,15.0,1.999,116.807,150.64,110.479,0,664.765,2907.562,66.216,87.081,106.939,141.424,12.998,91.598,40.0,
2026-08-17T13:41:26+0800,107.415,98.715,6.941,temp=53.7'C,throttled=0x0,15.0,1.998,116.807,150.64,118.169,0,664.765,2907.562,66.216,87.081,106.939,141.424,12.971,92.037,40.0,
2026-08-17T13:41:27+0800,102.488,98.816,6.941,temp=53.7'C,throttled=0x0,15.0,1.998,116.807,150.64,169.101,0,664.765,2907.562,66.216,87.081,106.939,141.424,12.989,92.564,40.0,
2026-08-17T13:41:28+0800,102.407,98.801,6.941,temp=53.7'C,throttled=0x0,15.0,1.998,116.807,150.64,152.173,0,664.765,2907.562,66.216,87.081,106.939,141.424,12.982,92.564,40.0,
2026-08-17T13:41:29+0800,106.264,98.684,6.941,temp=53.7'C,throttled=0x0,15.0,1.998,116.807,150.64,217.662,0,664.765,2907.562,66.216,87.081,106.939,141.424,12.979,92.63,40.0,
2026-08-17T13:41:30+0800,103.453,98.727,6.941,temp=53.7'C,throttled=0x0,15.0,1.998,116.807,150.64,193.568,0,664.765,2907.562,66.216,87.081,106.939,141.424,13.0,92.63,40.0,
2026-08-17T13:41:31+0800,105.442,98.742,6.941,temp=53.7'C,throttled=0x0,15.0,1.998,116.767,150.217,198.048,0,664.765,2907.562,66.216,87.081,106.939,141.424,12.977,92.657,40.0,
2026-08-17T13:41:32+0800,106.054,98.695,6.941,temp=53.7'C,throttled=0x0,15.0,1.998,116.767,150.217,262.475,0,664.765,2907.562,66.216,87.081,106.939,141.424,12.967,92.657,40.0,
2026-08-17T13:41:33+0800,104.254,98.703,6.941,temp=53.7'C,throttled=0x0,15.0,1.999,116.767,150.217,245.062,0,664.765,2907.562,66.216,87.081,106.939,141.424,12.98,92.63,40.0,
2026-08-17T13:41:34+0800,105.381,98.711,6.941,temp=53.7'C,throttled=0x0,15.0,1.998,116.807,150.217,283.179,0,664.765,2907.562,66.216,87.081,106.939,141.424,12.985,92.564,40.0,
2026-08-17T13:41:35+0800,104.473,98.621,6.941,temp=53.7'C,throttled=0x0,15.0,1.999,117.405,149.832,278.3,0,664.765,2907.562,66.216,87.081,106.939,141.424,13.042,91.74,40.0,
2026-08-17T13:41:36+0800,106.373,98.723,6.941,temp=53.7'C,throttled=0x0,15.0,1.998,116.807,149.832,263.118,0,664.765,2907.562,66.216,87.081,106.939,141.424,13.073,91.74,40.0,
2026-08-17T13:41:37+0800,103.392,98.691,6.941,temp=53.7'C,throttled=0x0,15.0,1.999,116.807,149.832,329.851,0,664.765,2907.562,66.216,87.081,106.939,141.424,13.091,92.049,40.0,
2026-08-17T13:41:38+0800,106.369,98.656,6.941,temp=53.7'C,throttled=0x0,15.0,1.998,116.807,149.832,312.697,0,664.765,2907.562,66.216,87.081,106.939,141.424,13.136,91.74,40.0,
2026-08-17T13:41:39+0800,103.497,98.754,6.941,temp=53.7'C,throttled=0x0,15.0,1.999,116.767,149.832,368.976,0,664.765,2907.562,66.216,87.081,106.939,141.424,13.18,90.808,40.0,
2026-08-17T13:41:40+0800,104.411,98.828,6.941,temp=53.7'C,throttled=0x0,15.0,1.999,116.767,149.832,342.993,0,664.765,2907.562,66.216,87.081,106.939,141.424,13.213,90.794,40.0,
2026-08-17T13:41:41+0800,105.349,98.812,6.941,temp=53.7'C,throttled=0x0,15.0,1.999,116.225,149.832,356.233,0,664.765,2907.562,66.216,87.081,106.939,141.424,13.181,90.808,40.0,
2026-08-17T13:41:42+0800,106.744,100.57,6.941,temp=53.7'C,throttled=0x0,15.0,1.999,116.225,149.832,412.784,0,664.765,2907.562,66.216,87.081,106.939,141.424,13.198,91.74,40.0,
2026-08-17T13:41:43+0800,110.661,101.918,6.941,temp=53.7'C,throttled=0x0,15.0,1.998,116.671,149.832,383.349,0,664.765,2907.562,66.216,87.081,106.939,141.424,13.196,91.823,40.0,
2026-08-17T13:41:44+0800,115.587,98.77,6.941,temp=53.7'C,throttled=0x0,15.0,1.998,116.671,149.832,444.473,0,664.765,2907.562,66.216,87.081,106.939,141.424,13.181,92.049,40.0,
2026-08-17T13:41:45+0800,104.318,98.695,6.941,temp=54.2'C,throttled=0x0,15.0,1.999,116.225,149.832,439.237,0,664.765,2907.562,66.216,87.081,106.939,141.424,13.195,92.049,40.0,
2026-08-17T13:41:47+0800,105.122,98.688,6.941,temp=53.7'C,throttled=0x0,15.0,1.998,116.225,148.327,18.108,0,664.765,2907.562,66.216,87.081,106.939,141.424,13.173,91.823,40.0,
2026-08-17T13:41:48+0800,105.053,98.656,6.941,temp=53.7'C,throttled=0x0,15.0,1.999,116.225,147.794,494.077,0,664.765,2907.562,66.216,87.081,106.939,141.424,13.178,91.74,40.0,
2026-08-17T13:41:49+0800,103.506,98.793,6.941,temp=53.7'C,throttled=0x0,15.0,1.998,115.805,146.99,2.163,0,664.765,2907.562,66.216,87.081,106.939,141.424,13.168,90.794,40.0,
2026-08-17T13:41:50+0800,105.402,98.816,6.941,temp=53.7'C,throttled=0x0,15.0,1.998,115.805,146.788,46.442,0,664.765,2907.562,66.216,87.081,106.939,141.424,13.167,90.794,40.0,
2026-08-17T13:41:51+0800,103.512,98.785,6.941,temp=53.7'C,throttled=0x0,15.0,1.998,115.191,146.664,24.434,0,664.765,2907.562,66.216,87.081,106.939,141.424,13.185,90.794,40.0,
2026-08-17T13:41:52+0800,104.596,98.789,6.941,temp=53.7'C,throttled=0x0,15.0,1.998,115.191,146.662,92.127,0,664.765,2907.562,66.216,87.081,106.939,141.424,13.187,89.803,40.0,
2026-08-17T13:41:53+0800,106.487,98.832,6.941,temp=53.7'C,throttled=0x0,15.0,1.999,115.805,146.662,85.468,0,664.765,2907.562,66.216,87.081,106.939,141.424,13.177,89.803,40.0,
2026-08-17T13:41:54+0800,104.109,98.66,6.941,temp=53.7'C,throttled=0x0,15.0,1.999,115.805,146.662,132.123,0,664.765,2907.562,66.216,87.081,106.939,141.424,13.179,89.511,40.0,
2026-08-17T13:41:55+0800,103.43,98.746,6.941,temp=53.7'C,throttled=0x0,15.0,1.999,115.805,146.662,131.66,0,664.765,2907.562,66.216,87.081,106.939,141.424,13.174,89.803,40.0,
2026-08-17T13:41:56+0800,104.158,98.727,6.941,temp=53.7'C,throttled=0x0,15.0,1.999,115.805,146.662,120.478,0,664.765,2907.562,66.216,87.081,106.939,141.424,13.185,89.736,40.0,
2026-08-17T13:41:57+0800,106.391,98.645,6.941,temp=53.7'C,throttled=0x0,15.0,1.998,115.805,146.662,124.157,0,664.765,2907.562,66.216,87.081,106.939,141.424,13.159,89.803,40.0,
2026-08-17T13:41:58+0800,105.403,98.73,6.941,temp=53.7'C,throttled=0x0,15.0,1.998,115.805,146.662,184.535,0,664.765,2907.562,66.216,87.081,106.939,141.424,13.163,89.803,40.0,
2026-08-17T13:41:59+0800,104.378,98.746,6.941,temp=53.7'C,throttled=0x0,15.0,1.998,115.805,146.664,181.825,0,664.765,2907.562,66.216,87.081,106.939,141.424,13.147,89.803,40.0,
2026-08-17T13:42:00+0800,107.192,98.855,6.941,temp=53.7'C,throttled=0x0,15.0,1.998,116.225,146.664,222.861,0,664.765,2907.562,66.216,87.081,106.939,141.424,13.143,90.211,40.0,
2026-08-17T13:42:01+0800,105.421,98.855,6.941,temp=53.7'C,throttled=0x0,15.0,1.998,116.225,146.664,200.418,0,664.765,2907.562,66.216,87.081,106.939,141.424,13.171,89.803,40.0,
2026-08-17T13:42:02+0800,109.059,98.762,6.941,temp=53.7'C,throttled=0x0,15.0,1.998,116.671,146.664,189.55,0,664.765,2907.562,66.216,87.081,106.939,141.424,13.156,89.803,40.0,
2026-08-17T13:42:03+0800,103.46,98.746,6.941,temp=54.2'C,throttled=0x0,15.0,1.999,116.225,146.664,267.109,0,664.765,2907.562,66.216,87.081,106.939,141.424,13.149,89.736,40.0,
2026-08-17T13:42:04+0800,103.369,98.898,6.941,temp=54.2'C,throttled=0x0,15.0,1.998,115.805,146.664,242.572,0,664.765,2907.562,66.216,87.081,106.939,141.424,13.153,89.803,40.0,
2026-08-17T13:42:05+0800,103.466,98.754,6.941,temp=53.7'C,throttled=0x0,15.0,1.998,115.805,146.664,304.097,0,664.765,2907.562,66.216,87.081,106.939,141.424,13.156,89.736,40.0,
2026-08-17T13:42:06+0800,104.472,98.754,6.941,temp=53.7'C,throttled=0x0,15.0,1.998,115.805,146.664,277.156,0,664.765,2907.562,66.216,87.081,106.939,141.424,13.169,89.736,40.0,
2026-08-17T13:42:07+0800,106.936,99.008,6.941,temp=53.7'C,throttled=0x0,15.0,1.998,115.805,146.664,282.118,0,664.765,2907.562,66.216,87.081,106.939,141.424,13.146,89.803,40.0,
2026-08-17T13:42:08+0800,104.949,98.812,6.941,temp=53.7'C,throttled=0x0,15.0,1.998,115.805,146.664,339.532,0,664.765,2907.562,66.216,87.081,106.939,141.424,13.162,89.803,40.0,
2026-08-17T13:42:09+0800,103.396,98.855,6.941,temp=53.2'C,throttled=0x0,15.0,1.998,115.637,146.664,327.596,0,664.765,2907.562,66.216,87.081,106.939,141.424,13.158,90.035,40.0,
2026-08-17T13:42:10+0800,106.414,98.926,6.941,temp=53.7'C,throttled=0x0,15.0,1.998,115.637,146.664,311.934,0,664.765,2907.562,66.216,87.081,106.939,141.424,13.149,89.736,40.0,
2026-08-17T13:42:11+0800,104.455,98.789,6.941,temp=53.2'C,throttled=0x0,15.0,1.998,115.637,146.664,366.065,0,664.765,2907.562,66.216,87.081,106.939,141.424,13.167,90.035,40.0,
2026-08-17T13:42:12+0800,106.141,98.984,6.941,temp=53.7'C,throttled=0x0,15.0,1.998,115.637,146.664,375.726,0,664.765,2907.562,66.216,87.081,106.939,141.424,13.149,90.968,40.0,
2026-08-17T13:42:13+0800,109.507,100.695,6.941,temp=53.7'C,throttled=0x0,15.0,1.998,115.637,146.664,374.634,0,664.765,2907.562,66.216,87.081,106.939,141.424,13.126,91.34,40.0,
2026-08-17T13:42:14+0800,110.77,102.188,6.941,temp=53.7'C,throttled=0x0,15.0,1.998,115.637,146.664,440.467,0,664.765,2907.562,66.216,87.081,106.939,141.424,13.132,91.34,40.0,
2026-08-17T13:42:15+0800,114.672,99.008,6.941,temp=53.7'C,throttled=0x0,15.0,1.998,115.637,146.664,419.468,0,664.765,2907.562,66.216,87.081,106.939,141.424,13.142,90.968,40.0,
2026-08-17T13:42:16+0800,106.384,98.887,6.941,temp=53.7'C,throttled=0x0,15.0,1.998,115.566,146.664,492.625,0,664.765,2907.562,66.252,87.081,106.939,141.424,13.158,90.956,40.0,
2026-08-17T13:42:17+0800,105.048,98.914,6.941,temp=53.7'C,throttled=0x0,15.0,1.998,115.566,146.662,473.407,0,664.765,2907.562,66.252,87.081,106.939,141.424,13.16,90.035,40.0,
2026-08-17T13:42:18+0800,104.183,98.84,6.941,temp=53.7'C,throttled=0x0,15.0,1.998,115.566,146.456,43.137,0,664.765,2907.562,66.252,87.081,106.939,141.424,13.163,90.035,40.0,
2026-08-17T13:42:19+0800,104.192,98.906,6.941,temp=53.7'C,throttled=0x0,15.0,1.998,115.566,146.303,20.694,0,664.765,2907.562,66.252,87.081,106.939,141.424,13.161,90.956,40.0,
2026-08-17T13:42:20+0800,105.399,98.875,6.941,temp=54.2'C,throttled=0x0,15.0,1.998,115.566,146.303,11.533,0,664.765,2907.562,66.252,87.081,106.939,141.424,13.148,90.968,40.0,
2026-08-17T13:42:21+0800,102.392,98.984,6.941,temp=53.7'C,throttled=0x0,15.0,1.998,115.566,146.303,60.287,0,664.765,2907.562,66.252,87.081,106.939,141.424,13.169,90.956,40.0,
2026-08-17T13:42:22+0800,104.896,99.059,6.941,temp=53.7'C,throttled=0x0,15.0,1.998,115.566,145.456,40.754,0,664.765,2907.562,66.252,87.081,106.939,141.424,13.173,90.968,40.0,
2026-08-17T13:42:23+0800,106.206,98.969,6.941,temp=53.7'C,throttled=0x0,15.0,1.998,115.566,145.456,79.371,0,664.765,2907.562,66.252,87.081,106.939,141.424,13.13,92.329,40.0,
2026-08-17T13:42:24+0800,101.532,98.883,6.941,temp=53.7'C,throttled=0x0,15.0,1.998,115.191,145.456,132.671,0,664.765,2907.562,66.252,87.081,106.939,141.424,13.137,91.801,40.0,
2026-08-17T13:42:25+0800,103.669,98.883,6.941,temp=53.7'C,throttled=0x0,15.0,1.998,115.191,145.456,109.217,0,664.765,2907.562,66.252,87.081,106.939,141.424,13.133,91.801,40.0,
2026-08-17T13:42:26+0800,104.203,99.094,6.941,temp=53.7'C,throttled=0x0,15.0,1.998,115.191,145.31,176.801,0,664.765,2907.562,66.252,87.081,106.939,141.424,13.14,91.801,40.0,
2026-08-17T13:42:27+0800,106.471,98.91,6.941,temp=53.7'C,throttled=0x0,15.0,1.998,115.191,145.456,142.012,0,664.765,2907.562,66.252,87.081,106.939,141.424,13.152,91.801,40.0,
2026-08-17T13:42:28+0800,107.345,98.84,6.941,temp=53.7'C,throttled=0x0,15.0,1.998,115.566,145.926,140.633,0,664.765,2907.562,66.252,87.081,106.939,141.424,13.136,92.329,40.0,
2026-08-17T13:42:29+0800,104.3,98.906,6.941,temp=53.7'C,throttled=0x0,15.0,1.998,115.566,145.688,198.52,0,664.765,2907.562,66.252,87.081,106.939,141.424,13.15,92.329,40.0,
2026-08-17T13:42:30+0800,103.399,98.914,6.941,temp=53.7'C,throttled=0x0,15.0,1.998,115.637,145.688,174.146,0,664.765,2907.562,66.252,87.081,106.939,141.424,13.147,91.801,40.0,
2026-08-17T13:42:31+0800,104.374,98.988,6.941,temp=53.7'C,throttled=0x0,15.0,1.998,115.805,145.688,227.188,0,664.765,2907.562,66.252,87.081,106.939,141.424,13.166,91.801,40.0,
2026-08-17T13:42:32+0800,105.331,98.895,6.941,temp=53.7'C,throttled=0x0,15.0,1.998,116.225,145.688,224.354,0,664.765,2907.562,66.252,87.081,106.939,141.424,13.182,91.743,40.0,
2026-08-17T13:42:33+0800,106.11,98.859,6.941,temp=53.7'C,throttled=0x0,15.0,1.998,116.225,145.688,279.347,0,664.765,2907.562,66.252,87.081,106.939,141.424,13.177,91.801,40.0,
2026-08-17T13:42:34+0800,106.452,98.945,6.941,temp=53.7'C,throttled=0x0,15.0,1.998,116.225,145.688,246.577,0,664.765,2907.562,66.252,87.081,106.939,141.424,13.182,91.743,40.0,
2026-08-17T13:42:35+0800,104.442,98.938,6.941,temp=53.7'C,throttled=0x0,15.0,1.998,115.805,145.688,260.541,0,664.765,2907.562,66.252,87.081,106.939,141.424,13.166,91.743,40.0,
2026-08-17T13:42:36+0800,105.484,98.902,6.941,temp=53.7'C,throttled=0x0,15.0,1.998,115.805,145.688,302.17,0,664.765,2907.562,66.252,87.081,106.939,141.424,13.178,91.743,40.0,
2026-08-17T13:42:37+0800,105.316,99.008,6.941,temp=53.7'C,throttled=0x0,15.0,1.998,115.805,145.688,284.015,0,664.765,2907.562,66.252,87.081,106.939,141.424,13.182,91.732,40.0,
2026-08-17T13:42:38+0800,104.398,98.953,6.941,temp=53.7'C,throttled=0x0,15.0,1.998,115.805,145.688,362.639,0,664.765,2907.562,66.252,87.081,106.939,141.424,13.164,91.252,40.0,
2026-08-17T13:42:39+0800,105.445,98.902,6.941,temp=53.7'C,throttled=0x0,15.0,1.998,115.805,145.688,336.311,0,664.765,2907.562,66.252,87.081,106.939,141.424,13.176,90.659,40.0,
2026-08-17T13:42:40+0800,104.019,99.039,6.941,temp=53.7'C,throttled=0x0,15.0,1.998,115.805,145.688,389.236,0,664.765,2907.562,66.252,87.081,106.939,141.424,13.186,90.678,40.0,
2026-08-17T13:42:41+0800,105.226,98.969,6.941,temp=53.7'C,throttled=0x0,15.0,1.998,115.805,145.688,380.165,0,664.765,2907.562,66.252,87.081,106.939,141.424,13.169,91.252,40.0,
2026-08-17T13:42:42+0800,103.871,100.891,6.941,temp=53.7'C,throttled=0x0,15.0,1.999,115.805,145.688,429.355,0,664.765,2907.562,66.252,87.081,106.939,141.424,13.22,90.485,40.0,
2026-08-17T13:42:43+0800,112.549,102.156,6.941,temp=53.7'C,throttled=0x0,15.0,1.998,115.805,145.31,419.345,0,664.765,2907.562,66.252,87.081,106.939,141.424,13.217,90.485,40.0,
2026-08-17T13:42:45+0800,112.942,102.156,6.941,temp=53.7'C,throttled=0x0,15.0,1.998,115.805,145.31,394.483,0,664.765,2907.562,66.252,87.081,106.939,141.424,13.212,90.485,40.0,
2026-08-17T13:42:46+0800,105.992,98.965,6.941,temp=53.7'C,throttled=0x0,15.0,1.998,115.566,145.277,483.373,0,664.765,2907.562,66.252,87.081,106.939,141.424,13.203,90.485,40.0,
2026-08-17T13:42:47+0800,104.403,99.004,6.941,temp=54.2'C,throttled=0x0,15.0,1.999,115.566,145.277,446.889,0,664.765,2907.562,66.252,87.081,106.939,141.424,13.206,90.485,40.0,
2026-08-17T13:42:48+0800,104.058,98.969,6.941,temp=53.7'C,throttled=0x0,15.0,1.999,115.191,145.219,15.96,0,664.765,2907.562,66.252,87.081,106.939,141.424,13.214,90.485,40.0,
2026-08-17T13:42:49+0800,105.369,99.043,6.941,temp=54.2'C,throttled=0x0,15.0,1.998,115.191,145.219,15.167,0,664.765,2907.562,66.252,87.081,106.939,141.424,13.193,90.659,40.0,
2026-08-17T13:42:50+0800,104.447,98.938,6.941,temp=53.7'C,throttled=0x0,15.0,1.998,115.191,145.219,65.16,0,664.765,2907.562,66.252,87.081,106.939,141.424,13.194,90.485,40.0,
2026-08-17T13:42:51+0800,102.36,98.98,6.941,temp=53.7'C,throttled=0x0,15.0,1.999,115.191,145.219,69.464,0,664.765,2907.562,66.252,87.081,106.939,141.424,13.181,90.659,40.0,
2026-08-17T13:42:52+0800,103.322,98.965,6.941,temp=53.7'C,throttled=0x0,15.0,1.999,115.191,145.219,53.243,0,664.765,2907.562,66.252,87.081,106.939,141.424,13.188,90.659,40.0,
2026-08-17T13:42:53+0800,104.467,99.008,6.941,temp=54.2'C,throttled=0x0,15.0,1.999,115.191,145.219,93.587,0,664.765,2907.562,66.252,87.081,106.939,141.424,13.195,90.659,40.0,
2026-08-17T13:42:54+0800,108.263,99.074,6.941,temp=54.2'C,throttled=0x0,15.0,1.999,115.191,145.221,117.04,0,664.765,2907.562,66.252,87.081,106.939,141.424,13.17,91.236,40.0,
2026-08-17T13:42:55+0800,103.478,99.051,6.941,temp=53.7'C,throttled=0x0,15.0,1.999,115.191,145.221,86.903,0,664.765,2907.562,66.252,87.081,106.939,141.424,13.188,91.236,40.0,
2026-08-17T13:42:56+0800,103.271,99.051,6.941,temp=53.7'C,throttled=0x0,15.0,1.999,115.191,145.221,139.969,0,664.765,2907.562,66.252,87.081,106.939,141.424,13.184,91.446,40.0,
2026-08-17T13:42:57+0800,106.352,98.965,6.941,temp=53.7'C,throttled=0x0,15.0,1.999,115.191,145.221,121.589,0,664.765,2907.562,66.252,87.081,106.939,141.424,13.182,91.66,40.0,
2026-08-17T13:42:58+0800,106.421,99.145,6.941,temp=53.7'C,throttled=0x0,15.0,1.998,115.191,145.221,182.38,0,664.765,2907.562,66.252,87.081,106.939,141.424,13.192,91.992,40.0,
2026-08-17T13:42:59+0800,103.369,99.035,6.941,temp=53.7'C,throttled=0x0,15.0,1.999,115.191,145.221,186.644,0,664.765,2907.562,66.252,87.081,106.939,141.424,13.177,91.992,40.0,
2026-08-17T13:43:00+0800,104.365,99.094,6.941,temp=54.2'C,throttled=0x0,15.0,1.999,115.191,145.221,153.782,0,664.765,2907.562,66.252,87.081,106.939,141.424,13.18,91.66,40.0,
2026-08-17T13:43:01+0800,105.083,99.035,6.941,temp=53.7'C,throttled=0x0,15.0,1.999,115.191,145.277,222.001,0,664.765,2907.562,66.252,87.081,106.939,141.424,13.178,91.446,40.0,
2026-08-17T13:43:02+0800,104.435,99.086,6.941,temp=53.7'C,throttled=0x0,15.0,1.998,115.191,145.277,184.879,0,664.765,2907.562,66.252,87.081,106.939,141.424,13.181,91.446,40.0,
2026-08-17T13:43:03+0800,104.433,98.957,6.941,temp=53.7'C,throttled=0x0,15.0,1.999,115.191,145.277,240.594,0,664.765,2907.562,66.252,87.081,106.939,141.424,13.189,91.236,40.0,
2026-08-17T13:43:04+0800,105.327,99.035,6.941,temp=53.7'C,throttled=0x0,15.0,1.999,115.191,145.221,247.307,0,664.765,2907.562,66.252,87.081,106.939,141.424,13.166,91.236,40.0,
2026-08-17T13:43:05+0800,105.193,99.145,6.941,temp=53.7'C,throttled=0x0,15.0,1.998,115.191,145.221,288.324,0,664.765,2907.562,66.252,87.081,106.939,141.424,13.184,91.446,40.0,
2026-08-17T13:43:06+0800,105.366,99.172,6.941,temp=53.7'C,throttled=0x0,15.0,1.998,115.191,145.221,252.667,0,664.765,2907.562,66.252,87.081,106.939,141.424,13.191,91.446,40.0,
2026-08-17T13:43:07+0800,104.486,98.984,6.941,temp=54.2'C,throttled=0x0,15.0,1.999,115.191,145.221,318.671,0,664.765,2907.562,66.252,87.081,106.939,141.424,13.182,91.446,40.0,
2026-08-17T13:43:08+0800,104.001,99.086,6.941,temp=53.7'C,throttled=0x0,15.0,1.999,115.191,145.221,289.368,0,664.765,2907.562,66.252,87.081,106.939,141.424,13.214,90.554,40.0,
2026-08-17T13:43:09+0800,104.488,99.055,6.941,temp=53.7'C,throttled=0x0,15.0,1.999,115.191,145.219,289.766,0,664.765,2907.562,66.252,87.081,106.939,141.424,13.196,90.554,40.0,
2026-08-17T13:43:10+0800,104.446,99.16,6.941,temp=53.7'C,throttled=0x0,15.0,1.998,115.191,145.219,347.662,0,664.765,2907.562,66.252,87.081,106.939,141.424,13.212,90.117,40.0,
2026-08-17T13:43:11+0800,105.386,99.137,6.941,temp=53.7'C,throttled=0x0,15.0,1.999,115.191,145.219,323.025,0,664.765,2907.562,66.252,87.081,106.939,141.424,13.213,90.013,40.0,
2026-08-17T13:43:12+0800,103.446,98.969,6.941,temp=53.7'C,throttled=0x0,15.0,1.999,114.931,144.916,382.38,0,664.765,2907.562,66.252,87.081,106.939,141.424,13.218,90.117,40.0,
2026-08-17T13:43:13+0800,105.018,99.133,6.941,temp=53.7'C,throttled=0x0,15.0,1.999,114.706,144.293,371.093,0,664.765,2907.562,66.252,87.081,106.939,141.424,13.227,89.2,40.0,
2026-08-17T13:43:14+0800,110.456,102.137,6.941,temp=53.7'C,throttled=0x0,15.0,1.998,114.582,144.229,423.899,0,664.765,2907.562,66.252,87.081,106.939,141.424,13.218,89.2,40.0,
2026-08-17T13:43:15+0800,112.168,102.402,6.941,temp=53.7'C,throttled=0x0,15.0,1.999,114.582,144.229,413.687,0,664.765,2907.562,66.252,87.081,106.939,141.424,13.221,89.2,40.0,
2026-08-17T13:43:16+0800,109.665,99.074,6.941,temp=53.7'C,throttled=0x0,15.0,1.998,114.582,144.229,498.056,0,664.765,2907.562,66.252,87.081,106.939,141.424,13.198,90.013,40.0,
2026-08-17T13:43:17+0800,106.391,99.145,6.941,temp=53.7'C,throttled=0x0,15.0,1.998,114.931,144.229,470.556,0,664.765,2907.562,66.252,87.081,106.939,141.424,13.213,89.948,40.0,
2026-08-17T13:43:18+0800,104.329,99.02,6.941,temp=54.8'C,throttled=0x0,15.0,1.998,115.191,144.229,24.831,0,664.765,2907.562,66.252,87.081,106.939,141.424,13.223,90.013,40.0,
2026-08-17T13:43:19+0800,110.211,99.059,6.941,temp=53.7'C,throttled=0x0,15.0,1.999,115.191,144.293,34.194,0,664.765,2907.562,66.252,87.081,106.939,141.424,13.199,90.244,40.0,
2026-08-17T13:43:20+0800,106.394,99.059,6.941,temp=53.7'C,throttled=0x0,15.0,1.998,115.191,144.293,493.617,0,664.765,2907.562,66.252,87.081,106.939,141.424,13.217,89.948,40.0,
2026-08-17T13:43:21+0800,103.259,99.117,6.941,temp=53.7'C,throttled=0x0,15.0,1.999,115.191,144.293,57.931,0,664.765,2907.562,66.252,87.081,106.939,141.424,13.208,90.072,40.0,
2026-08-17T13:43:22+0800,104.015,99.043,6.941,temp=54.2'C,throttled=0x0,15.0,1.999,115.191,144.293,48.963,0,664.765,2907.562,66.252,87.081,106.939,141.424,13.198,90.072,40.0,
2026-08-17T13:43:23+0800,103.275,99.016,6.941,temp=54.2'C,throttled=0x0,15.0,1.999,115.191,144.293,93.293,0,664.765,2907.562,66.252,87.081,106.939,141.424,13.22,90.072,40.0,
2026-08-17T13:43:24+0800,106.382,99.09,6.941,temp=54.2'C,throttled=0x0,15.0,1.999,115.191,144.293,106.969,0,664.765,2907.562,66.252,87.081,106.939,141.424,13.196,89.948,40.0,
2026-08-17T13:43:25+0800,105.418,99.004,6.941,temp=54.2'C,throttled=0x0,15.0,1.999,115.191,144.293,90.506,0,664.765,2907.562,66.252,87.081,106.939,141.424,13.185,89.948,40.0,
2026-08-17T13:43:26+0800,104.351,99.0,6.941,temp=54.8'C,throttled=0x0,15.0,1.998,115.191,144.293,133.148,0,664.765,2907.562,66.252,87.081,106.939,141.424,13.192,89.948,40.0,
2026-08-17T13:43:27+0800,103.452,99.086,6.941,temp=53.7'C,throttled=0x0,15.0,1.999,115.191,144.293,129.901,0,664.765,2907.562,66.252,87.081,106.939,141.424,13.184,88.867,40.0,
2026-08-17T13:43:28+0800,103.429,99.094,6.941,temp=54.2'C,throttled=0x0,15.0,1.999,115.191,144.293,189.188,0,664.765,2907.562,66.252,87.081,106.939,141.424,13.19,89.948,40.0,
2026-08-17T13:43:29+0800,108.06,99.086,6.941,temp=53.7'C,throttled=0x0,15.0,1.998,115.376,144.293,140.302,0,664.765,2907.562,66.252,87.081,106.939,141.424,13.155,90.489,40.0,
2026-08-17T13:43:30+0800,104.058,99.066,6.941,temp=54.2'C,throttled=0x0,15.0,1.999,115.566,144.293,203.345,0,664.765,2907.562,66.252,87.081,106.939,141.424,13.15,90.489,40.0,
2026-08-17T13:43:31+0800,106.389,99.125,6.941,temp=54.2'C,throttled=0x0,15.0,1.999,115.637,144.916,199.337,0,664.765,2907.562,66.252,87.081,106.939,141.424,13.14,90.072,40.0,
2026-08-17T13:43:32+0800,102.45,99.086,6.941,temp=53.7'C,throttled=0x0,15.0,1.999,115.637,144.916,249.676,0,664.765,2907.562,66.252,87.081,106.939,141.424,13.152,90.072,40.0,
2026-08-17T13:43:33+0800,104.056,99.086,6.941,temp=53.7'C,throttled=0x0,15.0,1.999,115.637,144.916,222.511,0,664.765,2907.562,66.252,87.081,106.939,141.424,13.166,89.948,40.0,
2026-08-17T13:43:34+0800,105.255,99.16,6.941,temp=54.2'C,throttled=0x0,15.0,1.999,115.637,145.219,234.586,0,664.765,2907.562,66.252,87.081,106.939,141.424,13.145,89.948,40.0,
2026-08-17T13:43:35+0800,103.443,99.043,6.941,temp=53.7'C,throttled=0x0,15.0,1.999,115.566,145.219,281.831,0,664.765,2907.562,66.252,87.081,106.939,141.424,13.16,89.779,40.0,
2026-08-17T13:43:36+0800,105.488,99.043,6.941,temp=53.2'C,throttled=0x0,15.0,1.999,115.376,145.219,253.449,0,664.765,2907.562,66.252,87.081,106.939,141.424,13.161,89.204,40.0,
2026-08-17T13:43:37+0800,103.419,99.113,6.941,temp=53.2'C,throttled=0x0,15.0,1.999,115.376,144.916,300.563,0,664.765,2907.562,66.252,87.081,106.939,141.424,13.162,89.581,40.0,
2026-08-17T13:43:38+0800,106.265,99.129,6.941,temp=53.7'C,throttled=0x0,15.0,1.999,115.376,144.916,291.023,0,664.765,2907.562,66.252,87.081,106.939,141.424,13.174,89.204,40.0,
2026-08-17T13:43:39+0800,105.286,99.02,6.941,temp=53.7'C,throttled=0x0,15.0,1.998,115.376,144.916,352.557,0,664.765,2907.562,66.252,87.081,106.939,141.424,13.161,89.204,40.0,
2026-08-17T13:43:40+0800,104.06,99.086,6.941,temp=53.7'C,throttled=0x0,15.0,1.999,115.376,144.916,327.853,0,664.765,2907.562,66.252,87.081,106.939,141.424,13.163,89.204,40.0,
2026-08-17T13:43:41+0800,103.496,99.121,6.941,temp=53.7'C,throttled=0x0,15.0,1.999,115.376,144.293,325.482,0,664.765,2907.562,66.252,87.081,106.939,141.424,13.165,89.204,40.0,
2026-08-17T13:43:42+0800,104.306,99.09,6.941,temp=53.7'C,throttled=0x0,15.0,1.999,115.191,144.229,369.456,0,664.765,2907.562,66.252,87.081,106.939,141.424,13.169,89.204,40.0,
2026-08-17T13:43:43+0800,106.195,100.203,6.941,temp=53.7'C,throttled=0x0,15.1,1.998,114.931,144.049,410.323,0,664.765,2907.562,66.252,87.081,106.939,141.424,13.198,89.204,40.0,
2026-08-17T13:43:45+0800,111.921,102.27,6.941,temp=54.2'C,throttled=0x0,15.1,1.999,114.931,144.049,437.287,0,664.765,2907.562,66.252,87.081,106.939,141.424,13.177,89.367,40.0,
2026-08-17T13:43:46+0800,112.394,102.27,6.941,temp=54.2'C,throttled=0x0,15.1,1.998,114.931,144.049,405.731,0,664.765,2907.562,66.252,87.081,106.939,141.424,13.177,89.581,40.0,
2026-08-17T13:43:47+0800,105.819,99.02,6.941,temp=53.7'C,throttled=0x0,15.1,1.999,114.931,144.049,484.856,0,664.765,2907.562,66.252,87.081,106.939,141.424,13.164,89.779,40.0,
2026-08-17T13:43:48+0800,105.417,99.008,6.941,temp=54.2'C,throttled=0x0,15.1,1.999,114.931,144.049,465.6,0,664.765,2907.562,66.252,87.081,106.939,141.424,13.172,89.779,40.0,
2026-08-17T13:43:49+0800,103.185,99.141,6.941,temp=54.2'C,throttled=0x0,15.0,1.999,114.931,144.049,25.412,0,664.765,2907.562,66.252,87.081,106.939,141.424,13.21,89.367,40.0,
2026-08-17T13:43:50+0800,108.177,99.113,6.941,temp=54.2'C,throttled=0x0,15.0,1.998,114.931,144.049,6.707,0,664.765,2907.562,66.252,87.081,106.939,141.424,13.207,89.367,40.0,
2026-08-17T13:43:51+0800,104.424,99.051,6.941,temp=54.2'C,throttled=0x0,15.0,1.999,114.931,144.049,3.433,0,669.126,2907.562,66.252,87.081,106.939,141.424,13.209,89.367,40.0,
2026-08-17T13:43:52+0800,103.333,99.043,6.941,temp=53.7'C,throttled=0x0,15.0,1.999,114.931,144.049,51.599,0,669.126,2907.562,66.252,87.081,106.939,141.424,13.208,89.245,40.0,
2026-08-17T13:43:53+0800,106.269,99.047,6.941,temp=54.2'C,throttled=0x0,15.0,1.999,114.931,144.293,103.583,0,669.126,2907.562,66.252,87.081,106.939,141.424,13.201,89.367,40.0,
2026-08-17T13:43:54+0800,106.424,99.09,6.941,temp=54.2'C,throttled=0x0,15.0,1.998,114.931,144.293,97.664,0,669.126,2907.562,66.252,87.081,106.939,141.424,13.209,89.367,40.0,
2026-08-17T13:43:55+0800,108.37,99.203,6.941,temp=54.2'C,throttled=0x0,15.0,1.998,114.931,144.293,95.155,0,664.765,2907.562,66.252,87.081,106.939,141.424,13.188,89.581,40.0,
2026-08-17T13:43:56+0800,105.35,99.027,6.941,temp=53.7'C,throttled=0x0,15.0,1.999,114.931,144.293,85.315,0,664.765,2907.562,66.252,87.081,106.939,141.424,13.187,90.584,40.0,
2026-08-17T13:43:57+0800,107.152,99.113,6.941,temp=53.7'C,throttled=0x0,15.0,1.999,114.931,144.293,134.322,0,664.765,2907.562,66.252,87.081,106.939,141.424,13.183,90.584,40.0,
2026-08-17T13:43:58+0800,104.444,99.188,6.941,temp=54.2'C,throttled=0x0,15.0,1.999,114.931,144.293,139.086,0,664.765,2907.562,66.252,87.081,106.939,141.424,13.175,90.714,40.0,
2026-08-17T13:43:59+0800,104.021,99.059,6.941,temp=53.7'C,throttled=0x0,15.0,1.999,114.931,144.293,191.06,0,664.765,2907.562,66.252,87.081,106.939,141.424,13.186,90.714,40.0,
2026-08-17T13:44:00+0800,105.36,98.996,6.941,temp=54.2'C,throttled=0x0,15.0,1.999,114.931,144.293,187.41,0,664.765,2907.562,66.252,87.081,106.939,141.424,13.169,90.584,40.0,
2026-08-17T13:44:01+0800,106.103,99.176,6.941,temp=54.2'C,throttled=0x0,15.0,1.999,114.931,144.293,193.096,0,664.765,2907.562,66.252,87.081,106.939,141.424,13.16,90.584,40.0,
2026-08-17T13:44:02+0800,103.07,99.117,6.941,temp=54.8'C,throttled=0x0,15.0,1.999,114.931,145.219,420.569,0,664.765,2907.562,66.252,87.081,106.939,141.424,13.16,90.714,40.0,
2026-08-17T13:44:03+0800,105.441,99.016,6.941,temp=53.7'C,throttled=0x0,15.0,1.999,114.931,145.219,217.172,0,664.765,2907.562,66.252,87.081,106.939,143.665,13.156,90.789,40.0,
2026-08-17T13:44:04+0800,105.368,99.156,6.941,temp=53.7'C,throttled=0x0,15.0,1.998,114.931,145.219,460.456,0,651.875,2907.562,66.252,87.081,106.939,143.665,13.167,90.789,40.0,
2026-08-17T13:44:05+0800,107.044,99.059,6.941,temp=54.2'C,throttled=0x0,15.0,1.998,115.376,145.221,251.162,0,651.875,2907.562,66.252,87.081,106.939,143.665,13.174,90.714,40.0,
2026-08-17T13:44:06+0800,104.161,98.988,6.941,temp=53.7'C,throttled=0x0,15.0,1.999,114.931,145.221,281.351,0,664.765,2907.562,66.272,87.081,107.308,143.665,13.149,90.714,40.0,
2026-08-17T13:44:07+0800,104.409,99.043,6.941,temp=53.7'C,throttled=0x0,15.0,1.999,114.708,145.221,320.641,0,664.765,2907.562,66.272,87.081,107.308,143.665,13.161,90.584,40.0,
2026-08-17T13:44:08+0800,105.32,99.055,6.941,temp=53.7'C,throttled=0x0,15.0,1.999,114.708,145.221,299.062,0,664.765,2907.562,66.272,87.081,107.308,143.665,13.161,90.714,40.0,
2026-08-17T13:44:09+0800,103.334,99.156,6.941,temp=53.7'C,throttled=0x0,15.0,1.999,114.708,145.221,493.467,0,664.765,2907.562,66.272,87.081,107.308,143.665,13.156,90.714,40.0,
2026-08-17T13:44:10+0800,105.331,99.078,6.941,temp=53.7'C,throttled=0x0,15.0,1.999,114.708,145.221,493.467,0,669.126,2908.028,66.321,87.081,107.308,143.665,13.166,90.783,40.0,
2026-08-17T13:44:11+0800,109.313,99.027,6.941,temp=53.7'C,throttled=0x0,15.0,1.999,114.708,145.221,493.467,0,669.126,2908.028,66.321,87.081,107.308,143.665,13.153,90.789,40.0,
2026-08-17T13:44:12+0800,101.469,99.184,6.941,temp=53.7'C,throttled=0x0,15.0,1.999,114.708,145.221,493.467,0,669.126,2908.028,66.321,87.081,107.308,143.665,13.189,90.789,40.0,
2026-08-17T13:44:13+0800,106.279,99.195,6.941,temp=53.7'C,throttled=0x0,15.0,1.999,114.708,145.221,493.467,0,669.126,2908.028,66.321,87.081,107.308,143.665,13.233,90.783,40.0,
